features,model,mean_f1,std_f1
concat_pca208,"MLP (128, 128, 128) lr=0.0001 do=0.2 act=ReLU",0.9807062449198133,0.009718949195263615
concat_pca208,SVM linear C=1.0 g=scale,0.9783795102725286,0.012045683842548338
concat_pca208,SVM linear C=10.0 g=scale,0.9783795102725286,0.012045683842548338
concat_pca208,SVM linear C=0.1 g=scale,0.9783795102725286,0.012045683842548338
concat_pca208,"MLP (256, 256, 1024) lr=0.001 do=0.4 act=GELU",0.9783521794122212,0.0072692910685448475
concat_pca208,"MLP (256, 256, 128) lr=0.0001 do=0.2 act=ReLU",0.978346104582926,0.012079089532150866
concat_pca208,"MLP (1024, 128, 128) lr=0.001 do=0.4 act=GELU",0.9783412528387946,0.007280217641971398
concat_pca208,"MLP (1024, 256, 128) lr=0.0001 do=0.2 act=ReLU",0.9783412528387946,0.007280217641971398
concat_pca208,"MLP (1024, 256, 128) lr=0.0001 do=0.0 act=ReLU",0.9783412528387946,0.007280217641971398
concat_pca208,"MLP (1024, 128, 1024) lr=0.0001 do=0.4 act=ReLU",0.9783412528387946,0.007280217641971398
concat_pca208,"MLP (1024, 256, 128) lr=0.001 do=0.2 act=GELU",0.9783412528387946,0.007280217641971398
concat_pca208,"MLP (128, 1024, 512) lr=0.0001 do=0.2 act=ReLU",0.9783412528387946,0.007280217641971398
concat_pca208,"MLP (512, 128, 128) lr=0.0001 do=0.4 act=ReLU",0.9783412528387946,0.007280217641971398
concat_pca208,"MLP (1024, 128, 128) lr=0.0001 do=0.4 act=ReLU",0.9783412528387946,0.007280217641971398
concat_pca208,"MLP (1024, 1024, 128) lr=0.0001 do=0.2 act=GELU",0.9783412528387946,0.007280217641971398
concat_pca208,"MLP (1024, 1024, 128) lr=0.0001 do=0.0 act=ReLU",0.9783412528387946,0.007280217641971398
concat_pca208,"MLP (1024, 1024, 128) lr=0.0001 do=0.2 act=ReLU",0.9783412528387946,0.007280217641971398
concat_pca208,"MLP (1024, 1024, 128) lr=0.0001 do=0.0 act=GELU",0.9783412528387946,0.007280217641971398
concat_pca208,"MLP (1024, 1024, 256) lr=0.0001 do=0.0 act=ReLU",0.9783412528387946,0.007280217641971398
concat_pca208,"MLP (128, 512, 1024) lr=0.001 do=0.2 act=ReLU",0.9783412528387946,0.007280217641971398
concat_pca208,"MLP (128, 1024, 256) lr=0.001 do=0.4 act=GELU",0.9783412528387946,0.007280217641971398
concat_pca208,"MLP (256, 512, 256) lr=0.001 do=0.4 act=GELU",0.9783132128270098,0.012111981288067175
concat_pca208,"MLP (512, 1024, 256) lr=0.001 do=0.0 act=ReLU",0.9782990723990607,0.007216184055384378
concat_pca208,"MLP (128, 256, 1024) lr=0.0001 do=0.0 act=ReLU",0.9782878905034555,0.007333579977310489
concat_pca208,"MLP (128, 256, 1024) lr=0.0001 do=0.2 act=ReLU",0.9782878905034555,0.007333579977310489
concat_pca208,"MLP (128, 256) lr=0.001 do=0.4 act=ReLU",0.9782872696642996,0.012137924450777327
concat_pca208,"MLP (128, 256) lr=0.001 do=0.4 act=GELU",0.9782872696642996,0.012137924450777327
concat_pca208,"MLP (128, 128, 128) lr=0.0001 do=0.0 act=ReLU",0.978276343090873,0.012148851024203933
concat_pca208,LogReg C=10.0,0.978276343090873,0.012148851024203933
concat_pca208,LogReg C=100.0,0.978276343090873,0.012148851024203933
concat_pca208,"MLP (128, 128, 128) lr=0.0001 do=0.2 act=GELU",0.978276343090873,0.012148851024203933
concat_raw,LDA solver=svd shrink=None,0.9759634623600426,0.009658008120723427
concat_raw,RF n=300 max_f=sqrt,0.9759597826343578,0.004898747437534656
concat_pca208,"MLP (1024, 512, 1024) lr=0.0001 do=0.0 act=ReLU",0.9759557117134884,0.004894676516665197
concat_pca208,"MLP (1024, 512, 256) lr=0.0001 do=0.2 act=ReLU",0.9759557117134884,0.004894676516665197
concat_pca208,"MLP (1024, 512, 1024) lr=0.0001 do=0.2 act=ReLU",0.9759557117134884,0.004894676516665197
concat_pca208,"MLP (1024, 128, 128) lr=0.001 do=0.4 act=ReLU",0.9759551170589416,0.009688102008166333
concat_pca208,"MLP (256, 256, 128) lr=0.0001 do=0.4 act=GELU",0.9759551170589416,0.009688102008166333
concat_pca208,"MLP (256, 256, 128) lr=0.0001 do=0.4 act=ReLU",0.9759551170589416,0.009688102008166333
concat_pca208,"MLP (512, 1024, 128) lr=0.001 do=0.0 act=ReLU",0.9759532806698161,0.014471913445260831
concat_pca208,"MLP (1024, 1024, 256) lr=0.0001 do=0.4 act=ReLU",0.975952535786616,0.009668934694149978
concat_pca208,"MLP (1024, 1024, 256) lr=0.0001 do=0.2 act=ReLU",0.975952535786616,0.009668934694149978
concat_pca208,"MLP (1024, 1024, 256) lr=0.0001 do=0.0 act=GELU",0.975952535786616,0.009668934694149978
concat_pca208,"MLP (1024, 1024, 128) lr=0.0001 do=0.4 act=ReLU",0.975952535786616,0.009668934694149978
concat_pca208,"MLP (128, 128, 1024) lr=0.001 do=0.2 act=ReLU",0.9759468299149392,0.009674640565826786
concat_pca208,"MLP (128, 1024) lr=0.0001 do=0.2 act=ReLU",0.9759442427657705,0.009677227714995407
concat_pca208,"MLP (128, 1024) lr=0.0001 do=0.2 act=GELU",0.9759442427657705,0.009677227714995407
concat_pca208,"MLP (128, 1024, 512) lr=0.0001 do=0.4 act=ReLU",0.9759442427657705,0.009677227714995407
concat_pca208,"MLP (1024, 512) lr=0.001 do=0.4 act=GELU",0.9759442427657705,0.009677227714995407
concat_pca208,"MLP (128, 1024) lr=0.0001 do=0.4 act=GELU",0.9759442427657705,0.009677227714995407
concat_pca208,"MLP (128, 1024) lr=0.0001 do=0.4 act=ReLU",0.9759442427657705,0.009677227714995407
concat_pca208,"MLP (512, 512, 256) lr=0.001 do=0.2 act=ReLU",0.9759413112460708,0.00968015923469523
concat_pca208,"MLP (256, 128, 512) lr=0.0001 do=0.2 act=ReLU",0.975940755085644,0.014484439029432805
concat_pca208,"MLP (128, 512, 1024) lr=0.0001 do=0.4 act=GELU",0.9759359033415127,0.009685567139253337
concat_pca208,"MLP (512, 512, 128) lr=0.0001 do=0.4 act=GELU",0.9759359033415127,0.009685567139253337
concat_pca208,"MLP (512, 512, 128) lr=0.0001 do=0.2 act=ReLU",0.9759359033415127,0.009685567139253337
concat_pca208,"MLP (512, 512, 256) lr=0.0001 do=0.0 act=ReLU",0.9759359033415127,0.009685567139253337
concat_pca208,"MLP (1024, 1024, 512) lr=0.0001 do=0.4 act=GELU",0.9759359033415127,0.009685567139253337
concat_pca208,"MLP (1024, 512, 1024) lr=0.0001 do=0.0 act=GELU",0.9759359033415127,0.009685567139253337
concat_pca208,"MLP (512, 512, 128) lr=0.0001 do=0.2 act=GELU",0.9759359033415127,0.009685567139253337
concat_pca208,"MLP (512, 512, 128) lr=0.0001 do=0.4 act=ReLU",0.9759359033415127,0.009685567139253337
concat_pca208,"MLP (512, 512, 128) lr=0.0001 do=0.0 act=GELU",0.9759359033415127,0.009685567139253337
concat_pca208,"MLP (512, 512, 128) lr=0.0001 do=0.0 act=ReLU",0.9759359033415127,0.009685567139253337
concat_pca208,"MLP (256, 256, 256) lr=0.0001 do=0.2 act=ReLU",0.9759244957748312,0.014500698340245755
concat_pca208,"MLP (256, 128, 1024) lr=0.001 do=0.4 act=GELU",0.9759244957748312,0.014500698340245755
concat_pca208,"MLP (256, 256, 128) lr=0.0001 do=0.2 act=GELU",0.9759244957748312,0.014500698340245755
concat_pca208,"MLP (256, 256, 256) lr=0.0001 do=0.4 act=ReLU",0.9759244957748312,0.014500698340245755
concat_pca208,"MLP (256, 256, 256) lr=0.0001 do=0.4 act=GELU",0.9759244957748312,0.014500698340245755
concat_pca208,"MLP (256, 128) lr=0.001 do=0.4 act=ReLU",0.9759229773343947,0.004861942137571462
concat_pca208,"MLP (128, 1024, 512) lr=0.0001 do=0.2 act=GELU",0.9759229773343947,0.004861942137571462
concat_pca208,"MLP (1024, 1024, 128) lr=0.0001 do=0.4 act=GELU",0.9759229773343947,0.004861942137571462
concat_pca208,"MLP (128, 1024, 512) lr=0.0001 do=0.0 act=GELU",0.9759229773343947,0.004861942137571462
concat_pca208,"MLP (1024, 256, 128) lr=0.001 do=0.4 act=ReLU",0.9759222253030252,0.009720993764082642
concat_pca208,"MLP (128, 128, 128) lr=0.001 do=0.2 act=GELU",0.9759168287233086,0.014508365391768308
concat_pca208,"MLP (1024, 512, 256) lr=0.0001 do=0.0 act=ReLU",0.9759113510098543,0.009710119470911716
concat_pca208,"MLP (1024, 128, 128) lr=0.0001 do=0.2 act=GELU",0.9759113510098543,0.009710119470911716
concat_pca208,"MLP (512, 128, 128) lr=0.001 do=0.4 act=ReLU",0.9759113510098543,0.009710119470911716
concat_pca208,"MLP (128, 1024) lr=0.001 do=0.4 act=ReLU",0.9759113510098543,0.009710119470911716
concat_pca208,"MLP (256, 1024) lr=0.0001 do=0.0 act=ReLU",0.9759113510098543,0.009710119470911716
concat_pca208,"MLP (128, 1024, 256) lr=0.001 do=0.4 act=ReLU",0.9759113510098543,0.009710119470911716
concat_pca208,"MLP (512, 128, 128) lr=0.0001 do=0.2 act=ReLU",0.9759113510098543,0.009710119470911716
concat_pca208,"MLP (1024, 128, 256) lr=0.001 do=0.4 act=GELU",0.9759113510098543,0.009710119470911716
concat_pca208,"MLP (1024, 128, 128) lr=0.0001 do=0.2 act=ReLU",0.9759113510098543,0.009710119470911716
concat_pca208,"MLP (1024, 128, 1024) lr=0.0001 do=0.2 act=ReLU",0.9759113510098543,0.009710119470911716
concat_pca208,"MLP (1024, 128, 128) lr=0.0001 do=0.4 act=GELU",0.9759113510098543,0.009710119470911716
concat_pca208,"MLP (128, 1024, 256) lr=0.0001 do=0.4 act=GELU",0.9759073730296339,0.009714097451132109
concat_pca208,"MLP (128, 1024, 512) lr=0.001 do=0.4 act=GELU",0.9759039245395247,0.014521269575552165
concat_pca208,"MLP (128, 256, 1024) lr=0.001 do=0.4 act=ReLU",0.9759025067549719,0.004882412716994189
concat_pca208,"MLP (128, 1024, 512) lr=0.001 do=0.2 act=ReLU",0.9758992201839266,0.009741284935934957
concat_pca208,"MLP (128, 256) lr=0.001 do=0.2 act=GELU",0.9758972105819053,0.004814322238228919
concat_pca208,"MLP (512, 512, 512) lr=0.001 do=0.0 act=ReLU",0.9758972105819053,0.004814322238228919
concat_pca208,"MLP (256, 1024, 1024) lr=0.001 do=0.0 act=ReLU",0.9758882042329105,0.009627052221534649
concat_pca208,"MLP (256, 256, 1024) lr=0.001 do=0.2 act=ReLU",0.9758882042329102,0.00962705222153476
concat_pca208,"MLP (1024, 128, 512) lr=0.001 do=0.0 act=GELU",0.9758876260386944,0.014537568076382512
concat_pca208,SVM sigmoid C=1.0 g=0.001,0.9758876260386944,0.014537568076382512
concat_pca208,"MLP (128, 512, 512) lr=0.001 do=0.2 act=GELU",0.9758854078471442,0.009736062633621867
concat_pca208,"MLP (128, 256) lr=0.0001 do=0.2 act=GELU",0.9758854078471442,0.009736062633621867
concat_pca208,"MLP (128, 128, 1024) lr=0.0001 do=0.2 act=ReLU",0.9758854078471442,0.009736062633621867
concat_pca208,"MLP (256, 128, 128) lr=0.0001 do=0.0 act=ReLU",0.9758853555668885,0.0097578635002194
concat_pca208,"MLP (128, 512, 512) lr=0.0001 do=0.2 act=ReLU",0.9758835118227749,0.009737958657991097
concat_pca208,"MLP (128, 512, 512) lr=0.0001 do=0.0 act=ReLU",0.9758835118227749,0.009737958657991097
concat_pca208,"MLP (256, 1024, 1024) lr=0.0001 do=0.4 act=ReLU",0.975879333017849,0.01454586109722783
concat_pca208,"MLP (256, 128, 128) lr=0.001 do=0.2 act=ReLU",0.975879333017849,0.01454586109722783
concat_pca208,"MLP (128, 128, 512) lr=0.0001 do=0.4 act=GELU",0.975879333017849,0.01454586109722783
concat_pca208,"MLP (512, 512) lr=0.0001 do=0.2 act=GELU",0.9758744812737175,0.009746989207048473
concat_pca208,LogReg C=0.01,0.9758744812737175,0.009746989207048473
concat_pca208,"MLP (512, 512, 256) lr=0.0001 do=0.2 act=GELU",0.9758744812737175,0.009746989207048473
concat_pca208,"MLP (512, 1024, 256) lr=0.0001 do=0.0 act=ReLU",0.9758744812737175,0.009746989207048473
concat_pca208,"MLP (512, 1024, 512) lr=0.0001 do=0.0 act=ReLU",0.9758744812737175,0.009746989207048473
concat_pca208,"MLP (512, 512) lr=0.0001 do=0.2 act=ReLU",0.9758744812737175,0.009746989207048473
concat_pca208,"MLP (512, 1024) lr=0.0001 do=0.2 act=ReLU",0.9758744812737175,0.009746989207048473
concat_pca208,"MLP (1024, 128) lr=0.0001 do=0.2 act=GELU",0.9758744812737175,0.009746989207048473
concat_pca208,"MLP (512, 512, 256) lr=0.0001 do=0.0 act=GELU",0.9758744812737175,0.009746989207048473
concat_pca208,"MLP (512, 512, 256) lr=0.0001 do=0.4 act=GELU",0.9758744812737175,0.009746989207048473
concat_pca208,"MLP (512, 512, 1024) lr=0.0001 do=0.0 act=ReLU",0.9758744812737175,0.009746989207048473
concat_pca208,"MLP (1024, 512, 256) lr=0.0001 do=0.4 act=GELU",0.9758744812737175,0.009746989207048473
concat_pca208,"MLP (1024, 256, 256) lr=0.0001 do=0.4 act=GELU",0.9758744812737175,0.009746989207048473
concat_pca208,"MLP (1024, 256, 512) lr=0.0001 do=0.2 act=GELU",0.9758744812737175,0.009746989207048473
concat_pca208,"MLP (1024, 512, 256) lr=0.0001 do=0.4 act=ReLU",0.9758744812737175,0.009746989207048473
concat_pca208,"MLP (1024, 256, 256) lr=0.0001 do=0.4 act=ReLU",0.9758744812737175,0.009746989207048473
concat_pca208,"MLP (1024, 1024, 512) lr=0.0001 do=0.4 act=ReLU",0.9758744812737175,0.009746989207048473
concat_pca208,"MLP (1024, 1024, 512) lr=0.0001 do=0.0 act=ReLU",0.9758744812737175,0.009746989207048473
concat_pca208,"MLP (1024, 1024, 1024) lr=0.0001 do=0.0 act=GELU",0.9758744812737175,0.009746989207048473
concat_pca208,"MLP (1024, 1024, 1024) lr=0.0001 do=0.2 act=ReLU",0.9758744812737175,0.009746989207048473
concat_pca208,"MLP (1024, 1024, 1024) lr=0.0001 do=0.2 act=GELU",0.9758744812737175,0.009746989207048473
concat_pca208,"MLP (1024, 128, 256) lr=0.0001 do=0.4 act=GELU",0.9758744812737175,0.009746989207048473
concat_pca208,"MLP (512, 1024, 512) lr=0.0001 do=0.0 act=GELU",0.9758744812737175,0.009746989207048473
concat_pca208,"MLP (512, 512, 256) lr=0.0001 do=0.2 act=ReLU",0.9758744812737175,0.009746989207048473
concat_pca208,"MLP (1024, 256, 512) lr=0.0001 do=0.2 act=ReLU",0.9758744812737175,0.009746989207048473
concat_pca208,"MLP (512, 512, 512) lr=0.0001 do=0.2 act=GELU",0.9758744812737175,0.009746989207048473
concat_pca208,"MLP (128, 512, 1024) lr=0.0001 do=0.4 act=ReLU",0.9758744812737175,0.009746989207048473
concat_pca208,"MLP (1024, 1024) lr=0.0001 do=0.0 act=ReLU",0.9758744812737175,0.009746989207048473
concat_pca208,"MLP (1024, 1024) lr=0.0001 do=0.0 act=GELU",0.9758744812737175,0.009746989207048473
concat_pca208,"MLP (1024, 256) lr=0.0001 do=0.4 act=GELU",0.9758744812737175,0.009746989207048473
concat_pca208,"MLP (1024, 1024) lr=0.0001 do=0.4 act=ReLU",0.9758744812737175,0.009746989207048473
concat_pca208,LogReg C=1.0,0.9758744812737175,0.009746989207048473
concat_pca208,"MLP (1024, 128) lr=0.0001 do=0.2 act=ReLU",0.9758744812737175,0.009746989207048473
concat_pca208,"MLP (512, 1024) lr=0.0001 do=0.4 act=GELU",0.9758744812737175,0.009746989207048473
concat_pca208,"MLP (1024, 128) lr=0.0001 do=0.4 act=ReLU",0.9758744812737175,0.009746989207048473
concat_pca208,"MLP (1024, 256) lr=0.0001 do=0.4 act=ReLU",0.9758744812737175,0.009746989207048473
concat_pca208,"MLP (1024, 128) lr=0.0001 do=0.4 act=GELU",0.9758744812737175,0.009746989207048473
concat_pca208,"MLP (128, 256, 1024) lr=0.0001 do=0.4 act=GELU",0.9758744812737175,0.009746989207048473
concat_pca208,"MLP (128, 256, 512) lr=0.0001 do=0.2 act=ReLU",0.9758744812737175,0.009746989207048473
concat_pca208,"MLP (128, 256, 512) lr=0.0001 do=0.4 act=GELU",0.9758744812737175,0.009746989207048473
concat_pca208,"MLP (128, 256, 512) lr=0.0001 do=0.4 act=ReLU",0.9758744812737175,0.009746989207048473
concat_pca208,"MLP (128, 256, 1024) lr=0.0001 do=0.2 act=GELU",0.9758744812737175,0.009746989207048473
concat_pca208,"MLP (128, 256, 512) lr=0.001 do=0.4 act=ReLU",0.9758744812737175,0.009746989207048473
concat_pca208,"MLP (512, 256, 512) lr=0.0001 do=0.0 act=GELU",0.9758744812737175,0.009746989207048473
concat_pca208,"MLP (128, 1024, 256) lr=0.0001 do=0.2 act=GELU",0.9758744812737175,0.009746989207048473
concat_pca208,"MLP (512, 256, 512) lr=0.0001 do=0.4 act=ReLU",0.9758744812737175,0.009746989207048473
concat_pca208,"MLP (512, 256, 512) lr=0.0001 do=0.2 act=ReLU",0.9758744812737175,0.009746989207048473
concat_pca208,"MLP (512, 256, 512) lr=0.0001 do=0.2 act=GELU",0.9758744812737175,0.009746989207048473
concat_pca208,"MLP (512, 256, 512) lr=0.0001 do=0.0 act=ReLU",0.9758744812737175,0.009746989207048473
concat_pca208,"MLP (512, 128, 1024) lr=0.001 do=0.4 act=ReLU",0.9758744812737175,0.009746989207048473
concat_pca208,"MLP (512, 128, 128) lr=0.001 do=0.4 act=GELU",0.9758744812737175,0.009746989207048473
concat_pca208,"MLP (128, 1024, 256) lr=0.0001 do=0.2 act=ReLU",0.9758744812737175,0.009746989207048473
concat_pca208,"MLP (128, 256, 512) lr=0.0001 do=0.2 act=GELU",0.9758744812737175,0.009746989207048473
concat_pca208,"MLP (512, 1024) lr=0.0001 do=0.4 act=ReLU",0.9758744812737175,0.009746989207048473
concat_pca208,"MLP (1024, 512) lr=0.0001 do=0.4 act=GELU",0.9758744812737175,0.009746989207048473
concat_pca208,"MLP (1024, 1024) lr=0.0001 do=0.2 act=ReLU",0.9758744812737175,0.009746989207048473
concat_pca208,"MLP (1024, 1024) lr=0.0001 do=0.4 act=GELU",0.9758744812737175,0.009746989207048473
concat_pca208,"MLP (1024, 1024) lr=0.0001 do=0.2 act=GELU",0.9758744812737175,0.009746989207048473
concat_pca208,"MLP (128, 128, 128) lr=0.001 do=0.2 act=ReLU",0.9758744812737175,0.009746989207048473
concat_pca208,LogReg C=0.1,0.9758744812737175,0.009746989207048473
concat_pca208,"MLP (512, 1024, 512) lr=0.001 do=0.2 act=ReLU",0.9758709784965904,0.00491394097537573
concat_pca208,"MLP (128, 256, 1024) lr=0.0001 do=0.0 act=GELU",0.9758696149990556,0.004915304472910553
concat_pca208,"MLP (512, 128, 128) lr=0.0001 do=0.2 act=GELU",0.9758464412619328,0.014578752853144195
concat_pca208,"MLP (256, 128, 128) lr=0.001 do=0.4 act=GELU",0.9758464412619328,0.014578752853144195
concat_pca208,SVM sigmoid C=10.0 g=scale,0.9758464412619328,0.014578752853144195
concat_pca208,"MLP (256, 128, 128) lr=0.001 do=0.4 act=ReLU",0.9758464412619328,0.014578752853144195
concat_pca208,"MLP (128, 128, 128) lr=0.001 do=0.4 act=GELU",0.9758464412619328,0.014578752853144195
concat_pca208,"MLP (1024, 128, 1024) lr=0.001 do=0.2 act=GELU",0.9758323930851491,0.014592801029927827
concat_pca208,"MLP (256, 1024, 512) lr=0.001 do=0.2 act=GELU",0.975824676427401,0.009796794053364921
concat_pca208,"MLP (512, 512, 256) lr=0.001 do=0.0 act=ReLU",0.975822962682492,0.00982025638461581
concat_pca208,"MLP (512, 1024, 512) lr=0.001 do=0.4 act=ReLU",0.9758162435606548,0.00980522692011121
concat_pca208,"MLP (128, 1024, 1024) lr=0.001 do=0.2 act=ReLU",0.9758120883893211,0.009809382091444885
backbone_dinov2,"MLP (512, 128, 256) lr=0.001 do=0.4 act=GELU",0.9736402002183266,0.011933995863526892
backbone_dinov2,"MLP (256, 128, 256) lr=0.001 do=0.2 act=ReLU",0.9736399966722831,0.011934199409570412
backbone_dinov2,"MLP (256, 1024, 512) lr=0.0001 do=0.2 act=ReLU",0.9736195404417729,0.01195465564008058
backbone_dinov2,"MLP (512, 128, 256) lr=0.0001 do=0.2 act=ReLU",0.9736182480859412,0.011955947995912264
backbone_dinov2,"MLP (256, 128, 256) lr=0.0001 do=0.0 act=ReLU",0.9736182480859412,0.011955947995912264
backbone_dinov2,"MLP (256, 256) lr=0.0001 do=0.2 act=GELU",0.9736150983413967,0.00715413242783397
backbone_dinov2,"MLP (128, 128, 1024) lr=0.001 do=0.2 act=GELU",0.9736041717679702,0.0071432058544074195
concat_raw,"MLP (256, 128, 1024) lr=0.0001 do=0.2 act=GELU",0.9735956643172501,0.007262865754642356
concat_pca208,"MLP (128, 1024) lr=0.001 do=0.4 act=GELU",0.9735943033305983,0.012027167150167772
backbone_dinov2,"MLP (128, 128, 256) lr=0.001 do=0.4 act=GELU",0.9735821266401896,0.0071652509821880095
concat_pca208,"MLP (256, 512, 1024) lr=0.001 do=0.0 act=ReLU",0.9735634847901643,0.01205798569060168
backbone_dinov2,"MLP (128, 128, 1024) lr=0.001 do=0.0 act=GELU",0.9735632960216039,0.007184081600773717
backbone_dinov2,"MLP (256, 1024, 256) lr=0.0001 do=0.4 act=GELU",0.9735626121673924,0.012011583914461166
concat_pca208,"MLP (1024, 512, 1024) lr=0.0001 do=0.4 act=GELU",0.9735587016404643,0.007291686589689206
concat_raw,RF n=100 max_f=sqrt,0.9735544331370759,0.007304096934816595
concat_pca208,"MLP (256, 128, 512) lr=0.0001 do=0.4 act=ReLU",0.9735497675616596,0.012093451505448272
concat_pca208,"MLP (512, 256, 512) lr=0.001 do=0.0 act=ReLU",0.9735461047084224,0.012075365772343583
backbone_dinov2,LogReg C=10.0,0.973541547435262,0.007205830187115625
backbone_dinov2,LogReg C=1.0,0.973541547435262,0.007205830187115625
concat_pca208,"MLP (256, 256, 512) lr=0.001 do=0.0 act=ReLU",0.9735411963174377,0.011974060137007303
concat_pca208,"MLP (128, 512, 1024) lr=0.0001 do=0.2 act=GELU",0.9735388932684886,0.012082577212277346
concat_pca208,"MLP (128, 512, 512) lr=0.0001 do=0.4 act=ReLU",0.9735388932684886,0.012082577212277346
backbone_dinov2,"MLP (1024, 1024, 128) lr=0.001 do=0.4 act=GELU",0.9735383287937589,0.007209048828618725
concat_pca208,"MLP (1024, 256, 128) lr=0.0001 do=0.4 act=ReLU",0.9735342602822161,0.007250659189750042
concat_pca208,"MLP (256, 512, 512) lr=0.0001 do=0.0 act=ReLU",0.9735335082508466,0.012109710816261221
concat_pca208,"MLP (128, 128, 256) lr=0.001 do=0.2 act=ReLU",0.9735285544105392,0.0072563650614268504
concat_pca208,"MLP (128, 512, 512) lr=0.001 do=0.4 act=GELU",0.9735285544105392,0.0072563650614268504
concat_pca208,"MLP (128, 512) lr=0.001 do=0.4 act=GELU",0.9735259672613706,0.007258952210595471
concat_pca208,"MLP (256, 128, 1024) lr=0.0001 do=0.2 act=ReLU",0.9735233788408757,0.01690181527420115
concat_pca208,"MLP (256, 128, 512) lr=0.0001 do=0.4 act=GELU",0.9735233788408757,0.01690181527420115
concat_pca208,"MLP (512, 512, 512) lr=0.001 do=0.2 act=ReLU",0.9735230357416709,0.007261883730295293
concat_pca208,"MLP (256, 1024) lr=0.0001 do=0.4 act=GELU",0.9735226339576757,0.012098836523090295
concat_pca208,"MLP (256, 256, 1024) lr=0.001 do=0.4 act=ReLU",0.9735226339576757,0.012098836523090295
concat_pca208,"MLP (256, 256, 256) lr=0.0001 do=0.2 act=GELU",0.9735226339576757,0.012098836523090295
concat_pca208,"MLP (256, 256, 128) lr=0.0001 do=0.0 act=ReLU",0.9735226339576757,0.012098836523090295
concat_pca208,"MLP (256, 1024) lr=0.0001 do=0.0 act=GELU",0.9735226339576757,0.012098836523090295
concat_pca208,"MLP (256, 128, 512) lr=0.0001 do=0.0 act=ReLU",0.9735191462775492,0.016906047837527693
concat_pca208,"MLP (256, 1024, 1024) lr=0.0001 do=0.4 act=GELU",0.9735191462775492,0.016906047837527693
concat_pca208,"MLP (256, 1024, 1024) lr=0.0001 do=0.0 act=ReLU",0.9735191462775492,0.016906047837527693
concat_pca208,"MLP (1024, 1024, 512) lr=0.0001 do=0.0 act=GELU",0.9735185270967442,0.012102943384021736
concat_pca208,"MLP (1024, 1024, 128) lr=0.001 do=0.2 act=ReLU",0.9735060015125723,0.012115468968193654
concat_pca208,"MLP (1024, 512, 1024) lr=0.0001 do=0.2 act=GELU",0.9735060015125723,0.012115468968193654
concat_pca208,"MLP (256, 256, 1024) lr=0.001 do=0.0 act=GELU",0.9735060015125723,0.012115468968193654
concat_pca208,"MLP (1024, 128, 512) lr=0.001 do=0.2 act=GELU",0.973499866721838,0.007350521508315666
concat_pca208,"MLP (512, 128, 256) lr=0.001 do=0.4 act=ReLU",0.9734975669563001,0.007213965863834049
concat_pca208,SVM sigmoid C=1.0 g=scale,0.9734966385147099,0.012146580552397979
concat_pca208,"MLP (1024, 256, 128) lr=0.001 do=0.2 act=ReLU",0.9734930755054543,0.00729184396651178
concat_pca208,"MLP (256, 128) lr=0.001 do=0.4 act=GELU",0.9734930755054543,0.00729184396651178
concat_pca208,"MLP (128, 512, 512) lr=0.001 do=0.2 act=ReLU",0.9734930755054543,0.00729184396651178
concat_pca208,"MLP (256, 128, 1024) lr=0.001 do=0.2 act=ReLU",0.9734930755054543,0.00729184396651178
concat_pca208,"MLP (128, 256) lr=0.0001 do=0.2 act=ReLU",0.9734930633495364,0.007343718136014199
concat_pca208,"MLP (512, 1024, 128) lr=0.001 do=0.4 act=ReLU",0.9734906159656704,0.01693457814940641
concat_pca208,"MLP (512, 128, 512) lr=0.001 do=0.2 act=GELU",0.9734904870849594,0.016934707030117457
concat_pca208,"MLP (1024, 1024, 1024) lr=0.0001 do=0.0 act=ReLU",0.9734889401484113,0.007361448081742272
concat_pca208,"MLP (256, 128, 128) lr=0.0001 do=0.4 act=ReLU",0.9734889401484113,0.007361448081742272
concat_pca208,"MLP (256, 128, 128) lr=0.0001 do=0.2 act=GELU",0.9734889401484113,0.007361448081742272
concat_pca208,"MLP (1024, 256, 1024) lr=0.0001 do=0.4 act=ReLU",0.9734889401484113,0.007361448081742272
concat_pca208,"MLP (1024, 256, 1024) lr=0.0001 do=0.0 act=ReLU",0.9734889401484113,0.007361448081742272
concat_pca208,"MLP (1024, 512, 512) lr=0.0001 do=0.4 act=ReLU",0.9734889401484113,0.007361448081742272
concat_pca208,"MLP (1024, 256, 1024) lr=0.0001 do=0.0 act=GELU",0.9734889401484113,0.007361448081742272
concat_pca208,"MLP (256, 128, 128) lr=0.0001 do=0.4 act=GELU",0.9734889401484113,0.007361448081742272
concat_pca208,"MLP (1024, 512, 512) lr=0.0001 do=0.2 act=ReLU",0.9734889401484113,0.007361448081742272
concat_pca208,"MLP (1024, 512, 1024) lr=0.0001 do=0.4 act=ReLU",0.9734889401484113,0.007361448081742272
concat_pca208,"MLP (256, 128, 128) lr=0.0001 do=0.2 act=ReLU",0.9734883454938645,0.012154873573243297
concat_pca208,"MLP (1024, 1024) lr=0.001 do=0.2 act=ReLU",0.9734883454938645,0.012154873573243297
concat_pca208,"MLP (128, 512, 512) lr=0.0001 do=0.2 act=GELU",0.9734865017497509,0.012134968731014995
concat_pca208,"MLP (128, 512) lr=0.0001 do=0.2 act=GELU",0.9734865017497509,0.012134968731014995
concat_pca208,"MLP (256, 256, 1024) lr=0.001 do=0.2 act=GELU",0.9734857862553281,0.012029470199116876
concat_pca208,"MLP (1024, 256, 128) lr=0.0001 do=0.4 act=GELU",0.9734857642215389,0.012135706259227053
concat_pca208,SVM rbf C=10.0 g=scale,0.9734857642215389,0.012135706259227053
concat_pca208,"MLP (512, 512) lr=0.0001 do=0.0 act=ReLU",0.9734857642215389,0.012135706259227053
concat_pca208,"MLP (1024, 256, 128) lr=0.0001 do=0.2 act=GELU",0.9734857642215389,0.012135706259227053
concat_pca208,"MLP (1024, 128, 256) lr=0.0001 do=0.4 act=ReLU",0.9734857642215389,0.012135706259227053
concat_pca208,"MLP (512, 128, 1024) lr=0.0001 do=0.4 act=GELU",0.9734857642215389,0.012135706259227053
concat_pca208,"MLP (512, 512, 512) lr=0.0001 do=0.0 act=ReLU",0.9734857642215389,0.012135706259227053
concat_pca208,"MLP (512, 1024, 512) lr=0.0001 do=0.2 act=ReLU",0.9734857642215389,0.012135706259227053
concat_pca208,"MLP (512, 1024, 512) lr=0.0001 do=0.4 act=ReLU",0.9734857642215389,0.012135706259227053
concat_pca208,"MLP (512, 1024, 512) lr=0.0001 do=0.4 act=GELU",0.9734857642215389,0.012135706259227053
concat_pca208,"MLP (1024, 1024, 256) lr=0.0001 do=0.2 act=GELU",0.9734857642215389,0.012135706259227053
concat_pca208,"MLP (128, 1024, 256) lr=0.001 do=0.2 act=ReLU",0.9734817662179283,0.012139704262837725
concat_pca208,"MLP (128, 256) lr=0.001 do=0.0 act=GELU",0.9734789350775053,0.0023960467338289826
concat_pca208,"MLP (256, 512, 128) lr=0.0001 do=0.2 act=GELU",0.9734774712006936,0.01214399928007237
concat_pca208,"MLP (256, 512, 128) lr=0.0001 do=0.4 act=GELU",0.9734774712006936,0.01214399928007237
concat_pca208,"MLP (256, 512, 128) lr=0.0001 do=0.4 act=ReLU",0.9734774712006936,0.01214399928007237
concat_pca208,"MLP (256, 256) lr=0.001 do=0.4 act=ReLU",0.9734774712006936,0.01214399928007237
concat_pca208,"MLP (1024, 256, 256) lr=0.001 do=0.4 act=ReLU",0.9734774712006936,0.01214399928007237
concat_pca208,"MLP (128, 128, 128) lr=0.0001 do=0.4 act=ReLU",0.9734774712006936,0.01214399928007237
concat_pca208,"MLP (256, 256) lr=0.001 do=0.4 act=GELU",0.9734774712006936,0.01214399928007237
concat_pca208,"MLP (128, 1024, 512) lr=0.0001 do=0.4 act=GELU",0.9734774712006936,0.01214399928007237
concat_pca208,"MLP (256, 1024, 512) lr=0.0001 do=0.4 act=ReLU",0.9734774712006936,0.01214399928007237
concat_pca208,"MLP (128, 1024, 1024) lr=0.0001 do=0.4 act=GELU",0.9734774712006936,0.01214399928007237
concat_pca208,"MLP (128, 1024, 1024) lr=0.0001 do=0.4 act=ReLU",0.9734774712006936,0.01214399928007237
concat_pca208,"MLP (128, 1024, 256) lr=0.0001 do=0.4 act=ReLU",0.9734774712006936,0.01214399928007237
concat_pca208,"MLP (256, 256, 1024) lr=0.0001 do=0.4 act=ReLU",0.9734774712006936,0.01214399928007237
concat_pca208,"MLP (128, 256, 128) lr=0.0001 do=0.4 act=GELU",0.9734774712006936,0.01214399928007237
concat_pca208,"MLP (128, 256, 256) lr=0.001 do=0.4 act=ReLU",0.9734774712006936,0.01214399928007237
concat_pca208,"MLP (128, 256, 256) lr=0.0001 do=0.4 act=GELU",0.9734774712006936,0.01214399928007237
concat_pca208,"MLP (128, 256, 256) lr=0.0001 do=0.4 act=ReLU",0.9734774712006936,0.01214399928007237
concat_pca208,"MLP (128, 256, 256) lr=0.0001 do=0.2 act=GELU",0.9734774712006936,0.01214399928007237
concat_pca208,"MLP (128, 256, 256) lr=0.0001 do=0.2 act=ReLU",0.9734774712006936,0.01214399928007237
concat_pca208,"MLP (128, 256, 256) lr=0.001 do=0.4 act=GELU",0.9734774712006936,0.01214399928007237
concat_pca208,"MLP (128, 512, 128) lr=0.0001 do=0.4 act=ReLU",0.9734774712006936,0.01214399928007237
concat_pca208,"MLP (128, 128, 512) lr=0.0001 do=0.2 act=ReLU",0.9734774712006936,0.01214399928007237
concat_pca208,"MLP (128, 128, 512) lr=0.0001 do=0.4 act=ReLU",0.9734774712006936,0.01214399928007237
concat_pca208,"MLP (128, 256, 128) lr=0.0001 do=0.4 act=ReLU",0.9734774712006936,0.01214399928007237
concat_pca208,"MLP (128, 512, 256) lr=0.0001 do=0.4 act=GELU",0.9734774712006936,0.01214399928007237
concat_pca208,"MLP (128, 512, 128) lr=0.0001 do=0.4 act=GELU",0.9734774712006936,0.01214399928007237
concat_pca208,"MLP (128, 512, 512) lr=0.0001 do=0.4 act=GELU",0.9734774712006936,0.01214399928007237
concat_pca208,"MLP (128, 512, 1024) lr=0.0001 do=0.2 act=ReLU",0.9734774712006936,0.01214399928007237
concat_pca208,"MLP (256, 512, 1024) lr=0.0001 do=0.4 act=ReLU",0.9734774712006936,0.01214399928007237
concat_pca208,"MLP (256, 512, 128) lr=0.0001 do=0.2 act=ReLU",0.9734774712006936,0.01214399928007237
concat_pca208,"MLP (256, 512, 128) lr=0.0001 do=0.0 act=ReLU",0.9734774712006936,0.01214399928007237
concat_pca208,"MLP (128, 128, 128) lr=0.001 do=0.4 act=ReLU",0.9734774712006936,0.01214399928007237
concat_pca208,"MLP (1024, 1024) lr=0.001 do=0.4 act=GELU",0.9734774712006936,0.01214399928007237
concat_pca208,"MLP (128, 512, 512) lr=0.0001 do=0.0 act=GELU",0.9734761628918016,0.007308756580164499
concat_pca208,"MLP (256, 512, 256) lr=0.001 do=0.4 act=ReLU",0.9734695269445153,0.012045729509929826
concat_pca208,"MLP (512, 1024) lr=0.001 do=0.0 act=GELU",0.9734680085040788,0.0024069733072555333
concat_pca208,"MLP (256, 128, 128) lr=0.001 do=0.0 act=ReLU",0.9734680085040788,0.0024069733072555333
concat_pca208,"MLP (128, 128, 1024) lr=0.0001 do=0.0 act=ReLU",0.9734671323427442,0.007317787129221931
concat_pca208,"MLP (128, 256, 256) lr=0.0001 do=0.0 act=GELU",0.9734671323427442,0.007317787129221931
concat_pca208,"MLP (128, 512, 128) lr=0.001 do=0.4 act=GELU",0.9734671323427442,0.007317787129221931
concat_pca208,"MLP (128, 256, 256) lr=0.0001 do=0.0 act=ReLU",0.9734671323427442,0.007317787129221931
concat_pca208,"MLP (512, 128, 256) lr=0.001 do=0.2 act=ReLU",0.9734654200835837,0.012049836370861267
concat_pca208,"MLP (256, 256, 256) lr=0.0001 do=0.0 act=ReLU",0.9734577242097542,0.01696746990532272
concat_pca208,"MLP (256, 256, 512) lr=0.0001 do=0.4 act=ReLU",0.9734577242097542,0.01696746990532272
concat_pca208,"MLP (512, 128, 1024) lr=0.001 do=0.2 act=ReLU",0.9734577242097542,0.01696746990532272
concat_pca208,"MLP (256, 1024, 128) lr=0.0001 do=0.4 act=ReLU",0.9734577242097542,0.01696746990532272
concat_pca208,"MLP (256, 1024, 1024) lr=0.0001 do=0.2 act=ReLU",0.9734577242097542,0.01696746990532272
concat_pca208,"MLP (256, 512, 256) lr=0.0001 do=0.4 act=ReLU",0.9734577242097542,0.01696746990532272
concat_pca208,"MLP (1024, 128, 128) lr=0.0001 do=0.0 act=GELU",0.9734563821795383,0.007255150640595787
concat_pca208,"MLP (1024, 128, 128) lr=0.0001 do=0.0 act=ReLU",0.9734563821795383,0.007255150640595787
concat_pca208,"MLP (512, 1024) lr=0.001 do=0.2 act=GELU",0.9734563821795383,0.007255150640595787
concat_pca208,"MLP (128, 256, 512) lr=0.001 do=0.0 act=GELU",0.9734562057693177,0.007328713702648426
concat_pca208,"MLP (512, 1024, 256) lr=0.0001 do=0.2 act=ReLU",0.9734562057693176,0.007328713702648537
concat_pca208,"MLP (128, 128, 1024) lr=0.001 do=0.4 act=ReLU",0.9734562057693176,0.007328713702648537
concat_pca208,"MLP (512, 1024, 256) lr=0.0001 do=0.4 act=ReLU",0.9734562057693176,0.007328713702648537
concat_pca208,"MLP (128, 128, 256) lr=0.001 do=0.4 act=ReLU",0.9734562057693176,0.007328713702648537
concat_pca208,"MLP (1024, 512) lr=0.0001 do=0.4 act=ReLU",0.9734562057693176,0.007328713702648537
concat_pca208,"MLP (512, 1024, 256) lr=0.0001 do=0.2 act=GELU",0.9734562057693176,0.007328713702648537
concat_pca208,"MLP (1024, 256, 512) lr=0.0001 do=0.4 act=GELU",0.9734562057693176,0.007328713702648537
concat_pca208,"MLP (1024, 256, 512) lr=0.0001 do=0.4 act=ReLU",0.9734562057693176,0.007328713702648537
concat_pca208,"MLP (1024, 256, 1024) lr=0.0001 do=0.2 act=GELU",0.9734562057693176,0.007328713702648537
concat_pca208,"MLP (1024, 256, 1024) lr=0.0001 do=0.2 act=ReLU",0.9734562057693176,0.007328713702648537
concat_pca208,"MLP (128, 256, 512) lr=0.0001 do=0.0 act=ReLU",0.9734562057693176,0.007328713702648537
concat_pca208,"MLP (1024, 1024, 1024) lr=0.0001 do=0.4 act=ReLU",0.9734562057693176,0.007328713702648537
concat_pca208,"MLP (1024, 1024, 512) lr=0.0001 do=0.2 act=ReLU",0.9734562057693176,0.007328713702648537
concat_pca208,"MLP (256, 128, 128) lr=0.0001 do=0.0 act=GELU",0.9734562057693176,0.007328713702648537
concat_pca208,"MLP (1024, 1024, 1024) lr=0.0001 do=0.4 act=GELU",0.9734562057693176,0.007328713702648537
concat_pca208,"MLP (128, 1024, 512) lr=0.0001 do=0.0 act=ReLU",0.9734562057693176,0.007328713702648537
concat_pca208,"MLP (512, 256, 512) lr=0.0001 do=0.4 act=GELU",0.9734562057693176,0.007328713702648537
concat_pca208,"MLP (512, 1024, 256) lr=0.0001 do=0.4 act=GELU",0.9734562057693176,0.007328713702648537
concat_pca208,"MLP (512, 512, 1024) lr=0.0001 do=0.4 act=ReLU",0.9734562057693176,0.007328713702648537
concat_pca208,"MLP (128, 256, 128) lr=0.001 do=0.2 act=ReLU",0.9734562057693176,0.007328713702648537
concat_pca208,"MLP (128, 256, 1024) lr=0.0001 do=0.4 act=ReLU",0.9734562057693176,0.007328713702648537
concat_pca208,"MLP (512, 1024, 256) lr=0.0001 do=0.0 act=GELU",0.9734562057693176,0.007328713702648537
concat_pca208,"MLP (1024, 256) lr=0.001 do=0.2 act=ReLU",0.9734554537379482,0.012187765329159661
concat_pca208,SVM sigmoid C=10.0 g=0.001,0.9734554537379482,0.012187765329159661
concat_pca208,"MLP (1024, 128, 256) lr=0.001 do=0.0 act=GELU",0.973452404199318,0.00725912862081618
concat_pca208,"MLP (1024, 128, 256) lr=0.001 do=0.2 act=ReLU",0.9734445794447772,0.012176891035988735
concat_pca208,"MLP (1024, 1024) lr=0.001 do=0.4 act=ReLU",0.9734445794447772,0.012176891035988735
concat_pca208,"MLP (512, 256) lr=0.0001 do=0.4 act=GELU",0.9734445794447772,0.012176891035988735
concat_pca208,"MLP (512, 256) lr=0.0001 do=0.4 act=ReLU",0.9734445794447772,0.012176891035988735
concat_pca208,"MLP (1024, 512, 256) lr=0.0001 do=0.0 act=GELU",0.9734445794447772,0.012176891035988735
concat_pca208,"MLP (1024, 512, 256) lr=0.0001 do=0.2 act=GELU",0.9734445794447772,0.012176891035988735
concat_pca208,"MLP (512, 128) lr=0.001 do=0.4 act=ReLU",0.9734445794447772,0.012176891035988735
concat_pca208,"MLP (1024, 512, 512) lr=0.0001 do=0.0 act=ReLU",0.9734445794447772,0.012176891035988735
concat_pca208,"MLP (512, 256) lr=0.0001 do=0.2 act=ReLU",0.9734445794447772,0.012176891035988735
concat_pca208,"MLP (1024, 256, 256) lr=0.0001 do=0.0 act=ReLU",0.9734445794447772,0.012176891035988735
concat_pca208,"MLP (1024, 512, 512) lr=0.0001 do=0.0 act=GELU",0.9734445794447772,0.012176891035988735
concat_pca208,"MLP (1024, 128, 1024) lr=0.001 do=0.4 act=GELU",0.9734445794447772,0.012176891035988735
concat_pca208,"MLP (1024, 256) lr=0.0001 do=0.2 act=ReLU",0.9734445794447772,0.012176891035988735
concat_pca208,"MLP (1024, 128, 1024) lr=0.0001 do=0.4 act=GELU",0.9734445794447772,0.012176891035988735
concat_pca208,"MLP (1024, 128, 1024) lr=0.0001 do=0.2 act=GELU",0.9734445794447772,0.012176891035988735
concat_pca208,"MLP (1024, 256, 256) lr=0.0001 do=0.2 act=GELU",0.9734445794447772,0.012176891035988735
concat_pca208,"MLP (1024, 256, 256) lr=0.0001 do=0.0 act=GELU",0.9734445794447772,0.012176891035988735
concat_pca208,"MLP (1024, 256, 256) lr=0.0001 do=0.2 act=ReLU",0.9734445794447772,0.012176891035988735
concat_pca208,"MLP (512, 128, 128) lr=0.0001 do=0.4 act=GELU",0.9734445794447772,0.012176891035988735
concat_pca208,"MLP (256, 128, 512) lr=0.001 do=0.4 act=ReLU",0.9734445794447772,0.012176891035988735
concat_pca208,"MLP (128, 512, 256) lr=0.001 do=0.4 act=ReLU",0.9734445794447772,0.012176891035988735
concat_pca208,"MLP (512, 512, 1024) lr=0.0001 do=0.2 act=GELU",0.9734445794447772,0.012176891035988735
concat_pca208,"MLP (128, 256, 128) lr=0.001 do=0.4 act=ReLU",0.9734445794447772,0.012176891035988735
concat_pca208,"MLP (512, 512, 256) lr=0.0001 do=0.4 act=ReLU",0.9734445794447772,0.012176891035988735
concat_pca208,"MLP (256, 256, 128) lr=0.001 do=0.2 act=ReLU",0.9734445794447772,0.012176891035988735
concat_pca208,"MLP (512, 128, 1024) lr=0.0001 do=0.2 act=GELU",0.9734445794447772,0.012176891035988735
concat_pca208,"MLP (256, 1024, 512) lr=0.0001 do=0.4 act=GELU",0.9734445794447772,0.012176891035988735
concat_pca208,"MLP (256, 1024, 512) lr=0.001 do=0.4 act=ReLU",0.9734445794447772,0.012176891035988735
concat_pca208,"MLP (1024, 128, 1024) lr=0.0001 do=0.0 act=GELU",0.9734445794447772,0.012176891035988735
concat_pca208,"MLP (1024, 128, 1024) lr=0.001 do=0.4 act=ReLU",0.9734445794447772,0.012176891035988735
concat_pca208,"MLP (1024, 512) lr=0.0001 do=0.2 act=GELU",0.9734445794447772,0.012176891035988735
concat_pca208,"MLP (1024, 128, 1024) lr=0.0001 do=0.0 act=ReLU",0.9734445794447772,0.012176891035988735
concat_pca208,"MLP (512, 512, 1024) lr=0.0001 do=0.2 act=ReLU",0.9734445794447772,0.012176891035988735
concat_pca208,"MLP (512, 512, 1024) lr=0.0001 do=0.0 act=GELU",0.9734445794447772,0.012176891035988735
concat_pca208,"MLP (1024, 1024, 128) lr=0.001 do=0.4 act=ReLU",0.9734445794447772,0.012176891035988735
concat_pca208,"MLP (512, 128, 1024) lr=0.001 do=0.4 act=GELU",0.9734445794447772,0.012176891035988735
concat_pca208,"MLP (256, 512, 128) lr=0.001 do=0.4 act=ReLU",0.9734445794447772,0.012176891035988735
concat_pca208,"MLP (1024, 1024) lr=0.001 do=0.0 act=ReLU",0.9734303867365726,0.00730289466990347
concat_pca208,"MLP (128, 256, 512) lr=0.001 do=0.0 act=ReLU",0.973426484240858,0.002472173714712811
concat_pca208,"MLP (128, 128, 128) lr=0.0001 do=0.4 act=GELU",0.9734244564386985,0.017000737676378386
concat_pca208,"MLP (256, 256, 256) lr=0.001 do=0.2 act=ReLU",0.9734243641875331,0.012090892266911901
concat_pca208,"MLP (512, 1024) lr=0.001 do=0.0 act=ReLU",0.9734238074606363,0.007287725359497899
concat_pca208,"MLP (512, 1024) lr=0.001 do=0.4 act=GELU",0.9734195124434015,0.007292020376732544
concat_pca208,"MLP (512, 1024) lr=0.001 do=0.4 act=ReLU",0.9734195124434015,0.007292020376732544
concat_pca208,"MLP (512, 1024) lr=0.0001 do=0.0 act=GELU",0.9734195124434015,0.007292020376732544
concat_pca208,"MLP (1024, 128) lr=0.0001 do=0.0 act=ReLU",0.9734195124434015,0.007292020376732544
concat_pca208,"MLP (1024, 256, 128) lr=0.0001 do=0.0 act=GELU",0.9734195124434015,0.007292020376732544
concat_pca208,"MLP (512, 1024) lr=0.0001 do=0.2 act=GELU",0.9734195124434015,0.007292020376732544
concat_pca208,"MLP (512, 1024) lr=0.0001 do=0.0 act=ReLU",0.9734195124434015,0.007292020376732544
concat_pca208,"MLP (1024, 512, 256) lr=0.001 do=0.4 act=GELU",0.9734195124434015,0.007292020376732544
concat_pca208,"MLP (128, 256) lr=0.001 do=0.2 act=ReLU",0.9734146461687396,0.0024603356425946243
concat_pca208,"MLP (256, 256, 512) lr=0.0001 do=0.4 act=GELU",0.9734076860750482,0.017017508040028606
concat_pca208,"MLP (256, 128, 1024) lr=0.0001 do=0.4 act=GELU",0.9734076860750482,0.017017508040028606
concat_pca208,"MLP (256, 128, 1024) lr=0.0001 do=0.4 act=ReLU",0.9734076860750482,0.017017508040028606
concat_pca208,"MLP (1024, 128, 512) lr=0.001 do=0.4 act=ReLU",0.9734057011718875,0.012215769308878521
concat_pca208,"MLP (512, 256, 1024) lr=0.0001 do=0.2 act=ReLU",0.9734028343309167,0.012218636149849249
concat_pca208,"MLP (512, 256, 1024) lr=0.0001 do=0.2 act=GELU",0.9734028343309167,0.012218636149849249
concat_pca208,"MLP (512, 256, 1024) lr=0.0001 do=0.4 act=GELU",0.9734028343309167,0.012218636149849249
concat_pca208,"MLP (1024, 256, 512) lr=0.0001 do=0.0 act=ReLU",0.9733947745984609,0.012226695882305072
concat_pca208,"MLP (1024, 128, 512) lr=0.001 do=0.4 act=GELU",0.9733947745984609,0.012226695882305072
concat_pca208,"MLP (1024, 512, 128) lr=0.0001 do=0.4 act=GELU",0.9733947745984609,0.012226695882305072
concat_pca208,"MLP (1024, 512, 128) lr=0.0001 do=0.0 act=ReLU",0.9733947745984609,0.012226695882305072
concat_pca208,"MLP (1024, 512, 128) lr=0.0001 do=0.2 act=ReLU",0.9733947745984609,0.012226695882305072
concat_pca208,"MLP (512, 128, 128) lr=0.0001 do=0.0 act=ReLU",0.9733914724316168,0.012123784022828266
concat_pca208,"MLP (512, 256) lr=0.0001 do=0.0 act=GELU",0.9733914724316168,0.012123784022828266
concat_pca208,"MLP (512, 128, 128) lr=0.0001 do=0.0 act=GELU",0.9733914724316168,0.012123784022828266
concat_pca208,"MLP (1024, 256) lr=0.0001 do=0.0 act=ReLU",0.9733667345866761,0.01705845952840085
concat_pca208,"MLP (1024, 256) lr=0.0001 do=0.0 act=GELU",0.9733667345866761,0.01705845952840085
concat_pca208,"MLP (256, 1024, 256) lr=0.001 do=0.2 act=GELU",0.9733497273177563,0.01216552913668878
concat_pca208,"MLP (128, 512, 256) lr=0.001 do=0.2 act=GELU",0.9733206402789808,0.007390892541153327
concat_pca208,"MLP (1024, 256, 256) lr=0.001 do=0.0 act=ReLU",0.9712874349613838,0.014334035519382116
backbone_dinov2,"MLP (1024, 1024, 256) lr=0.0001 do=0.2 act=ReLU",0.9712419561163479,0.014332239965505644
backbone_dinov2,SVM sigmoid C=10.0 g=scale,0.9712408673065597,0.014333328775293808
backbone_dinov2,"MLP (512, 128, 256) lr=0.0001 do=0.2 act=GELU",0.9712408673065597,0.014333328775293808
backbone_dinov2,"MLP (512, 256, 512) lr=0.0001 do=0.2 act=ReLU",0.9712408673065597,0.014333328775293808
backbone_dinov2,"MLP (256, 256) lr=0.0001 do=0.4 act=GELU",0.9712377175620153,0.009531513207215514
backbone_dinov2,"MLP (256, 128, 256) lr=0.0001 do=0.0 act=GELU",0.9712375140159717,0.009531716753259034
concat_pca208,"MLP (128, 256, 1024) lr=0.001 do=0.0 act=GELU",0.9712294762040918,0.009482056616042234
backbone_dinov2,"MLP (256, 128, 256) lr=0.001 do=0.2 act=GELU",0.9712289102812881,0.004724447195041559
backbone_dinov2,"MLP (512, 256, 128) lr=0.0001 do=0.0 act=ReLU",0.9712267909885887,0.009520586633788963
backbone_dinov2,"MLP (128, 512, 1024) lr=0.0001 do=0.4 act=GELU",0.9712202075300059,0.014353988551847552
backbone_dinov2,"MLP (1024, 256, 256) lr=0.0001 do=0.4 act=GELU",0.9712157654296298,0.009553465339600886
backbone_dinov2,"MLP (512,) lr=0.0001 do=0.4 act=GELU",0.9712157654296298,0.009553465339600886
backbone_dinov2,"MLP (512,) lr=0.0001 do=0.0 act=ReLU",0.9712157654296298,0.009553465339600886
backbone_dinov2,"MLP (512,) lr=0.0001 do=0.2 act=ReLU",0.9712157654296298,0.009553465339600886
backbone_dinov2,"MLP (512,) lr=0.0001 do=0.2 act=GELU",0.9712157654296298,0.009553465339600886
backbone_dinov2,"MLP (512,) lr=0.0001 do=0.4 act=ReLU",0.9712157654296298,0.009553465339600886
backbone_dinov2,"MLP (256, 128, 256) lr=0.001 do=0.4 act=GELU",0.9712103114394908,0.00954801134946176
concat_pca208,"MLP (128, 1024) lr=0.0001 do=0.0 act=GELU",0.9712089195821145,0.009575999889851528
backbone_dinov2,"MLP (256, 1024, 512) lr=0.0001 do=0.0 act=GELU",0.9712072138862395,0.014366982195613998
backbone_dinov2,"MLP (256, 1024, 256) lr=0.001 do=0.4 act=ReLU",0.9712071616949463,0.0047461957813834665
backbone_dinov2,"MLP (128, 512, 1024) lr=0.0001 do=0.2 act=GELU",0.971206131212035,0.009541246410342652
backbone_dinov2,"MLP (128, 128, 1024) lr=0.0001 do=0.2 act=GELU",0.971206131212035,0.009541246410342652
backbone_dinov2,"MLP (256, 256) lr=0.0001 do=0.0 act=GELU",0.9712048388562033,0.009542538766174335
backbone_dinov2,"MLP (128, 256) lr=0.0001 do=0.2 act=ReLU",0.9712048388562033,0.009542538766174335
backbone_dinov2,"MLP (128, 1024, 256) lr=0.0001 do=0.0 act=ReLU",0.9712048388562033,0.009542538766174335
backbone_dinov2,SVM linear C=10.0 g=scale,0.9712014656366186,0.0047518918397110865
backbone_dinov2,SVM linear C=1.0 g=scale,0.9712014656366186,0.0047518918397110865
backbone_dinov2,SVM linear C=0.1 g=scale,0.9712014656366186,0.0047518918397110865
concat_raw,"MLP (256, 128, 1024) lr=0.0001 do=0.2 act=ReLU",0.9711992488987731,0.004866450336165229
backbone_dinov2,"MLP (512, 512, 128) lr=0.0001 do=0.4 act=GELU",0.9711852313880108,0.014388964693842654
backbone_dinov2,"MLP (256,) lr=0.0001 do=0.4 act=GELU",0.9711852313880108,0.014388964693842654
backbone_dinov2,"MLP (128, 128, 256) lr=0.0001 do=0.0 act=GELU",0.9711850278419671,0.014389168239886285
backbone_dinov2,"MLP (256,) lr=0.0001 do=0.4 act=ReLU",0.9711850278419671,0.014389168239886285
backbone_dinov2,"MLP (128, 256, 512) lr=0.001 do=0.4 act=ReLU",0.9711850278419671,0.014389168239886285
backbone_dinov2,"MLP (1024, 256, 128) lr=0.0001 do=0.4 act=GELU",0.9711818780974228,0.009587352671807936
concat_raw,"MLP (256, 128, 1024) lr=0.001 do=0.2 act=ReLU",0.9711746501637022,0.004891049071236109
concat_raw,"MLP (1024, 128, 1024) lr=0.001 do=0.2 act=ReLU",0.9711740555091553,0.009684474562737189
backbone_dinov2,LDA solver=lsqr shrink=auto,0.9711740186323266,0.009573358990051128
backbone_dinov2,"MLP (256, 128, 128) lr=0.001 do=0.0 act=GELU",0.9711709515239962,0.009576426098381385
concat_raw,"MLP (512, 256, 1024) lr=0.001 do=0.4 act=GELU",0.9711657160848973,0.009692813986995175
backbone_dinov2,"MLP (1024, 256, 128) lr=0.0001 do=0.4 act=ReLU",0.9711632792556253,0.014410916826228137
backbone_dinov2,"MLP (512, 128, 512) lr=0.001 do=0.0 act=ReLU",0.9711632792556253,0.014410916826228137
backbone_dinov2,"MLP (256, 512, 1024) lr=0.0001 do=0.0 act=GELU",0.9711632792556253,0.014410916826228137
backbone_dinov2,"MLP (512, 128, 1024) lr=0.001 do=0.2 act=ReLU",0.9711632792556253,0.014410916826228137
backbone_dinov2,"MLP (128, 1024, 128) lr=0.0001 do=0.0 act=GELU",0.9711632792556253,0.014410916826228137
backbone_dinov2,"MLP (256, 128, 128) lr=0.001 do=0.4 act=ReLU",0.9711632792556253,0.014410916826228137
backbone_dinov2,"MLP (128, 512, 256) lr=0.0001 do=0.0 act=ReLU",0.9711632792556253,0.014410916826228137
backbone_dinov2,"MLP (1024, 512, 128) lr=0.0001 do=0.2 act=ReLU",0.9711632792556253,0.014410916826228137
backbone_dinov2,"MLP (256, 1024) lr=0.0001 do=0.2 act=GELU",0.971160129511081,0.009609101258149788
concat_raw,"MLP (1024, 1024, 128) lr=0.001 do=0.0 act=ReLU",0.9711569724982297,0.004873371405763716
concat_pca208,"MLP (1024, 256, 128) lr=0.001 do=0.4 act=GELU",0.9711569724982297,0.004873371405763716
backbone_dinov2,"MLP (256, 256, 256) lr=0.001 do=0.0 act=GELU",0.9711492029376544,0.009598174684723237
backbone_dinov2,"MLP (256, 1024) lr=0.001 do=0.0 act=ReLU",0.9711492029376544,0.009598174684723237
backbone_dinov2,"MLP (512, 256) lr=0.001 do=0.0 act=ReLU",0.9711492029376544,0.009598174684723237
concat_pca208,"MLP (128, 128) lr=0.0001 do=0.2 act=ReLU",0.9711372502091922,0.009647669262773995
concat_pca208,"MLP (128, 128) lr=0.0001 do=0.2 act=GELU",0.9711372502091922,0.009647669262773995
concat_pca208,"MLP (128, 128) lr=0.0001 do=0.4 act=GELU",0.9711372502091922,0.009647669262773995
concat_pca208,"MLP (256, 1024) lr=0.0001 do=0.4 act=ReLU",0.9711370928323695,0.009713295397784094
concat_pca208,"MLP (256, 1024) lr=0.0001 do=0.2 act=GELU",0.9711370928323695,0.009713295397784094
concat_pca208,"MLP (256, 1024) lr=0.0001 do=0.2 act=ReLU",0.9711370928323695,0.009713295397784094
backbone_dinov2,"MLP (1024, 128, 128) lr=0.001 do=0.4 act=ReLU",0.9711326303931611,0.009625692395791308
concat_pca208,"MLP (256, 128, 256) lr=0.0001 do=0.4 act=GELU",0.9711323913168912,0.014510827750216615
concat_pca208,"MLP (512, 128, 512) lr=0.0001 do=0.2 act=ReLU",0.9711298100445657,0.014491660436200315
concat_pca208,"MLP (512,) lr=0.001 do=0.4 act=ReLU",0.9711226563877975,0.014498814092968548
concat_pca208,"MLP (256, 1024, 1024) lr=0.001 do=0.2 act=ReLU",0.9711226563877975,0.014498814092968548
concat_pca208,"MLP (256, 128, 512) lr=0.001 do=0.4 act=GELU",0.9711215170237203,0.014499953457045689
concat_pca208,"MLP (512, 128, 512) lr=0.0001 do=0.4 act=ReLU",0.9711215170237203,0.014499953457045689
concat_pca208,"MLP (128, 512, 256) lr=0.0001 do=0.4 act=ReLU",0.9711206177640888,0.00966430170787741
backbone_dinov2,"MLP (256, 1024, 512) lr=0.0001 do=0.0 act=ReLU",0.9711203399649381,0.014453856116915409
concat_pca208,"MLP (256, 128, 512) lr=0.001 do=0.2 act=ReLU",0.9711172844603937,0.014504186020372234
concat_pca208,"MLP (512, 128, 512) lr=0.001 do=0.4 act=ReLU",0.9711172844603937,0.014504186020372234
concat_pca208,"MLP (128, 512) lr=0.001 do=0.4 act=ReLU",0.9711172844603937,0.014504186020372234
concat_pca208,"MLP (256, 1024, 1024) lr=0.0001 do=0.2 act=GELU",0.9711172844603937,0.014504186020372234
concat_pca208,"MLP (256, 1024, 256) lr=0.001 do=0.0 act=ReLU",0.9711029972909799,0.009608535529154139
concat_pca208,"MLP (256, 128, 512) lr=0.0001 do=0.2 act=GELU",0.9711017700327809,0.01932342408229598
concat_pca208,"MLP (256, 256, 512) lr=0.0001 do=0.2 act=ReLU",0.9711017700327809,0.01932342408229598
concat_pca208,"MLP (256, 256, 512) lr=0.0001 do=0.0 act=ReLU",0.9711017700327809,0.01932342408229598
concat_pca208,"MLP (1024, 1024, 512) lr=0.0001 do=0.2 act=GELU",0.9711002515923444,0.0096846678796218
concat_pca208,"MLP (512, 1024, 128) lr=0.0001 do=0.0 act=ReLU",0.9711002515923444,0.0096846678796218
concat_pca208,"MLP (512, 1024, 128) lr=0.0001 do=0.2 act=GELU",0.9711002515923444,0.0096846678796218
concat_pca208,SVM rbf C=1.0 g=scale,0.9711002230962327,0.009750165133920852
concat_pca208,SVM sigmoid C=0.1 g=0.001,0.971099628441686,0.014543590625421876
concat_pca208,"MLP (256, 128, 256) lr=0.0001 do=0.4 act=ReLU",0.971099628441686,0.014543590625421876
concat_pca208,SVM sigmoid C=0.1 g=scale,0.971099628441686,0.014543590625421876
concat_pca208,"MLP (1024, 256, 512) lr=0.001 do=0.2 act=ReLU",0.971099499560975,0.014543719506132924
concat_pca208,"MLP (128, 512, 128) lr=0.0001 do=0.2 act=ReLU",0.9710941260759187,0.014527344404847264
concat_pca208,"MLP (128, 512, 128) lr=0.0001 do=0.2 act=GELU",0.9710941260759187,0.014527344404847264
concat_pca208,"MLP (1024, 512, 512) lr=0.001 do=0.4 act=GELU",0.9710919300753874,0.00975845815476617
concat_pca208,"MLP (256, 256) lr=0.0001 do=0.4 act=ReLU",0.9710919300753874,0.00975845815476617
concat_pca208,"MLP (256, 256) lr=0.0001 do=0.4 act=GELU",0.9710919300753874,0.00975845815476617
concat_pca208,"MLP (1024, 128) lr=0.001 do=0.4 act=ReLU",0.971088754148515,0.01453271633225095
concat_pca208,"MLP (512, 512, 512) lr=0.001 do=0.4 act=GELU",0.971088754148515,0.01453271633225095
concat_pca208,"MLP (512, 256, 128) lr=0.0001 do=0.2 act=ReLU",0.9710886252678039,0.014532845212961998
concat_pca208,"MLP (1024, 512, 128) lr=0.001 do=0.0 act=ReLU",0.9710878436058619,0.01933735050921498
concat_pca208,"MLP (256, 512, 256) lr=0.001 do=0.0 act=GELU",0.9710877260081724,0.009697193463793718
concat_pca208,"MLP (128, 128, 1024) lr=0.001 do=0.0 act=ReLU",0.9710854236523416,0.004813234303229219
concat_pca208,"MLP (256, 1024, 1024) lr=0.001 do=0.0 act=GELU",0.9710839244381727,0.009627608381961417
concat_pca208,"MLP (256, 256, 128) lr=0.001 do=0.4 act=ReLU",0.9710839244381727,0.009627608381961417
concat_pca208,"MLP (1024, 256, 1024) lr=0.0001 do=0.4 act=GELU",0.9710789179853312,0.004951425918662211
concat_pca208,"MLP (512, 512, 1024) lr=0.001 do=0.2 act=ReLU",0.9710788130568045,0.019346381058272355
concat_pca208,"MLP (512, 1024, 256) lr=0.001 do=0.2 act=ReLU",0.9710735855802233,0.0048013962311109215
concat_pca208,"MLP (128, 512) lr=0.0001 do=0.2 act=ReLU",0.971068226245351,0.009716693226615059
concat_pca208,"MLP (128, 512) lr=0.0001 do=0.4 act=GELU",0.971068226245351,0.009716693226615059
concat_pca208,"MLP (128, 512) lr=0.0001 do=0.4 act=ReLU",0.971068226245351,0.009716693226615059
concat_pca208,"MLP (256, 1024, 512) lr=0.001 do=0.0 act=ReLU",0.9710680669113549,0.004806914899979364
concat_pca208,"MLP (1024, 128, 256) lr=0.001 do=0.2 act=GELU",0.9710676651273598,0.009643867692774366
concat_pca208,"MLP (1024, 1024, 256) lr=0.0001 do=0.4 act=GELU",0.971067488717139,0.009717430754827117
concat_pca208,"MLP (512, 512, 512) lr=0.0001 do=0.2 act=ReLU",0.971067488717139,0.009717430754827117
concat_pca208,"MLP (512, 1024, 512) lr=0.0001 do=0.2 act=GELU",0.971067488717139,0.009717430754827117
concat_pca208,"MLP (512, 128) lr=0.0001 do=0.4 act=ReLU",0.971067488717139,0.009717430754827117
concat_pca208,"MLP (512, 512, 512) lr=0.0001 do=0.4 act=ReLU",0.971067488717139,0.009717430754827117
concat_pca208,"MLP (512, 512, 512) lr=0.0001 do=0.4 act=GELU",0.971067488717139,0.009717430754827117
concat_pca208,"MLP (256, 128, 256) lr=0.0001 do=0.2 act=ReLU",0.9710667366857697,0.014576482381338185
concat_pca208,"MLP (1024, 256) lr=0.001 do=0.4 act=GELU",0.9710667366857697,0.014576482381338185
concat_pca208,"MLP (512, 256, 128) lr=0.0001 do=0.0 act=ReLU",0.9710635582664283,0.009647974553705807
concat_pca208,"MLP (128, 256) lr=0.0001 do=0.4 act=GELU",0.9710615589158792,5.2410044476314255e-05
concat_pca208,"MLP (128, 1024, 1024) lr=0.001 do=0.0 act=ReLU",0.9710599980758372,0.009651534744296919
concat_pca208,"MLP (128, 256, 128) lr=0.0001 do=0.2 act=ReLU",0.9710591956962937,0.009725723775672435
concat_pca208,"MLP (128, 1024, 128) lr=0.0001 do=0.2 act=GELU",0.9710591956962937,0.009725723775672435
concat_pca208,"MLP (128, 1024, 128) lr=0.0001 do=0.4 act=ReLU",0.9710591956962937,0.009725723775672435
concat_pca208,"MLP (128, 1024, 128) lr=0.0001 do=0.4 act=GELU",0.9710591956962937,0.009725723775672435
concat_pca208,"MLP (128, 128, 1024) lr=0.0001 do=0.2 act=GELU",0.9710591956962937,0.009725723775672435
concat_pca208,"MLP (128, 1024, 128) lr=0.0001 do=0.2 act=ReLU",0.9710591956962937,0.009725723775672435
concat_pca208,"MLP (128, 256, 128) lr=0.0001 do=0.2 act=GELU",0.9710591956962937,0.009725723775672435
concat_pca208,"MLP (128, 512, 1024) lr=0.0001 do=0.0 act=ReLU",0.9710591956962937,0.009725723775672435
concat_pca208,"MLP (1024, 512, 512) lr=0.0001 do=0.2 act=GELU",0.971059038319471,0.009791349910682534
concat_pca208,"MLP (1024, 512, 512) lr=0.0001 do=0.4 act=GELU",0.971059038319471,0.009791349910682534
concat_pca208,"MLP (1024, 128) lr=0.001 do=0.4 act=GELU",0.9710558623925987,0.014565608088167259
concat_pca208,"MLP (1024, 128, 512) lr=0.0001 do=0.2 act=ReLU",0.9710558623925987,0.014565608088167259
concat_pca208,"MLP (512, 512) lr=0.0001 do=0.4 act=ReLU",0.9710558623925987,0.014565608088167259
concat_pca208,"MLP (1024, 128, 512) lr=0.0001 do=0.0 act=ReLU",0.9710558623925987,0.014565608088167259
concat_pca208,"MLP (256, 1024, 512) lr=0.0001 do=0.2 act=ReLU",0.9710558623925987,0.014565608088167259
concat_pca208,"MLP (256, 512, 1024) lr=0.0001 do=0.0 act=ReLU",0.9710558623925987,0.014565608088167259
concat_pca208,"MLP (1024, 512) lr=0.0001 do=0.2 act=ReLU",0.9710558623925987,0.014565608088167259
concat_pca208,"MLP (1024, 128, 256) lr=0.0001 do=0.0 act=ReLU",0.9710558623925987,0.014565608088167259
concat_pca208,"MLP (512, 128, 1024) lr=0.0001 do=0.2 act=ReLU",0.9710558623925987,0.014565608088167259
concat_pca208,"MLP (512, 128, 1024) lr=0.0001 do=0.4 act=ReLU",0.9710558623925987,0.014565608088167259
concat_pca208,"MLP (1024, 128, 512) lr=0.0001 do=0.2 act=GELU",0.9710558623925987,0.014565608088167259
concat_pca208,"MLP (256, 512, 256) lr=0.0001 do=0.2 act=ReLU",0.9710558623925987,0.014565608088167259
concat_pca208,"MLP (256, 256, 256) lr=0.001 do=0.4 act=GELU",0.9710558623925987,0.014565608088167259
concat_pca208,"MLP (1024, 128, 256) lr=0.0001 do=0.2 act=ReLU",0.9710558623925987,0.014565608088167259
concat_pca208,"MLP (256, 256, 512) lr=0.001 do=0.2 act=GELU",0.9710510326822563,0.009660500137877726
concat_pca208,"MLP (256, 128, 1024) lr=0.001 do=0.2 act=GELU",0.9710499447472567,0.004848713208314148
concat_pca208,"MLP (128, 512, 512) lr=0.001 do=0.4 act=ReLU",0.9710499447472567,0.004848713208314148
concat_pca208,"MLP (256, 512, 512) lr=0.001 do=0.0 act=ReLU",0.9710470938920533,0.009664438928080776
concat_pca208,"MLP (128, 1024, 256) lr=0.001 do=0.0 act=ReLU",0.9710451978676842,0.009666334952450006
concat_pca208,"MLP (128, 256, 512) lr=0.001 do=0.2 act=GELU",0.9710431391160831,0.00485551883948776
concat_pca208,"MLP (1024, 128) lr=0.001 do=0.0 act=ReLU",0.9710381066751383,0.004836875136195851
concat_pca208,"MLP (1024, 512, 256) lr=0.001 do=0.0 act=GELU",0.9710358043193077,4.708402436864878e-05
concat_pca208,"MLP (128, 128, 256) lr=0.001 do=0.2 act=GELU",0.9710329374783371,4.4217183398087556e-05
concat_pca208,"MLP (512, 512, 512) lr=0.0001 do=0.0 act=GELU",0.971030795391223,0.009680737428911124
concat_pca208,"MLP (128, 128) lr=0.001 do=0.4 act=ReLU",0.9710263039403773,0.009758615531588799
concat_pca208,"MLP (512, 128, 256) lr=0.0001 do=0.4 act=ReLU",0.9710263039403773,0.009758615531588799
concat_pca208,"MLP (512, 256, 128) lr=0.0001 do=0.4 act=GELU",0.9710263039403773,0.009758615531588799
concat_pca208,"MLP (512, 256, 128) lr=0.0001 do=0.4 act=ReLU",0.9710263039403773,0.009758615531588799
concat_pca208,"MLP (128, 128) lr=0.001 do=0.4 act=GELU",0.9710263039403773,0.009758615531588799
concat_pca208,"MLP (128, 256, 128) lr=0.001 do=0.4 act=GELU",0.9710263039403773,0.009758615531588799
concat_pca208,"MLP (256, 128, 128) lr=0.001 do=0.2 act=GELU",0.9710263039403773,0.009758615531588799
concat_pca208,"MLP (512, 128, 128) lr=0.001 do=0.2 act=GELU",0.9710263039403773,0.009758615531588799
concat_pca208,"MLP (1024, 128, 128) lr=0.001 do=0.2 act=ReLU",0.9710263039403773,0.009758615531588799
concat_pca208,"MLP (1024, 128, 256) lr=0.001 do=0.0 act=ReLU",0.9710263039403773,0.009758615531588799
concat_pca208,"MLP (512, 512, 1024) lr=0.0001 do=0.4 act=GELU",0.9710263039403773,0.009758615531588799
concat_pca208,"MLP (1024, 256, 1024) lr=0.001 do=0.0 act=ReLU",0.971025569766125,0.009707711640350947
concat_pca208,"MLP (256, 128, 256) lr=0.001 do=0.0 act=GELU",0.9710248777458811,3.61574509420981e-05
concat_pca208,"MLP (128, 128, 1024) lr=0.001 do=0.4 act=GELU",0.9710240015845466,0.0048746563710243
concat_pca208,"MLP (128, 256, 128) lr=0.0001 do=0.0 act=GELU",0.9710240015845466,0.0048746563710243
concat_pca208,"MLP (128, 256, 512) lr=0.001 do=0.2 act=ReLU",0.9710240015845466,0.0048746563710243
concat_pca208,"MLP (128, 256, 128) lr=0.001 do=0.2 act=GELU",0.9710240015845466,0.0048746563710243
concat_pca208,"MLP (128, 128, 1024) lr=0.0001 do=0.0 act=GELU",0.9710240015845466,0.0048746563710243
concat_pca208,"MLP (128, 1024, 128) lr=0.001 do=0.4 act=GELU",0.9710225023703777,0.009689030449756442
concat_pca208,"MLP (256, 512, 128) lr=0.0001 do=0.0 act=GELU",0.9710225023703777,0.009689030449756442
concat_pca208,"MLP (128, 128, 512) lr=0.001 do=0.4 act=GELU",0.9710225023703777,0.009689030449756442
concat_pca208,"MLP (128, 1024, 128) lr=0.001 do=0.4 act=ReLU",0.9710225023703777,0.009689030449756442
concat_pca208,"MLP (128, 512, 1024) lr=0.001 do=0.0 act=ReLU",0.9710221055601773,0.00487655239539353
concat_pca208,"MLP (512, 256, 128) lr=0.001 do=0.4 act=ReLU",0.9710141172787382,0.014607353202027773
concat_pca208,"MLP (512, 1024, 1024) lr=0.0001 do=0.4 act=ReLU",0.9710141172787382,0.014607353202027773
concat_pca208,"MLP (512, 512) lr=0.0001 do=0.4 act=GELU",0.9710141172787382,0.014607353202027773
concat_raw,RF n=500 max_f=sqrt,0.9710133043940241,0.00984522567786833
concat_pca208,"MLP (256, 128) lr=0.001 do=0.2 act=ReLU",0.9710130750111199,0.004885582944450906
concat_pca208,"MLP (512, 512, 512) lr=0.001 do=0.2 act=GELU",0.9710121635124283,0.004862818298906002
concat_pca208,"MLP (128, 512, 128) lr=0.001 do=0.2 act=ReLU",0.9710121635124283,0.004862818298906002
concat_pca208,"MLP (128, 256) lr=0.0001 do=0.0 act=GELU",0.9710121635124283,0.004862818298906002
concat_pca208,"MLP (128, 256) lr=0.0001 do=0.0 act=ReLU",0.9710121635124283,0.004862818298906002
concat_pca208,"MLP (1024, 512, 128) lr=0.0001 do=0.4 act=ReLU",0.9710060575462822,0.014615412934483818
concat_pca208,"MLP (512, 1024, 1024) lr=0.001 do=0.2 act=GELU",0.9710058242578928,0.014615646222873147
concat_pca208,"MLP (128,) lr=0.001 do=0.4 act=GELU",0.9710043960816288,0.014617074399137175
concat_pca208,"MLP (512, 256) lr=0.001 do=0.2 act=ReLU",0.9710027553794383,0.01451250107500679
concat_pca208,"MLP (512, 128) lr=0.0001 do=0.2 act=ReLU",0.9710012369390016,0.004873744872332608
concat_pca208,"MLP (1024, 128) lr=0.0001 do=0.0 act=GELU",0.9710012369390016,0.004873744872332608
concat_pca208,"MLP (512, 512) lr=0.001 do=0.2 act=GELU",0.9710012369390016,0.004873744872332608
concat_pca208,"MLP (256,) lr=0.001 do=0.0 act=ReLU",0.9710012369390016,0.004873744872332608
concat_pca208,"MLP (128, 512) lr=0.001 do=0.0 act=ReLU",0.9710012369390016,0.004873744872332608
concat_pca208,"MLP (512, 128) lr=0.001 do=0.2 act=GELU",0.9710012369390016,0.004873744872332608
concat_pca208,"MLP (128, 1024, 256) lr=0.0001 do=0.0 act=ReLU",0.9709977645254368,0.01462370595532908
concat_pca208,"MLP (256, 1024, 256) lr=0.0001 do=0.4 act=ReLU",0.9709977645254368,0.01462370595532908
concat_pca208,"MLP (256, 512, 1024) lr=0.0001 do=0.2 act=ReLU",0.9709977645254368,0.01462370595532908
concat_pca208,"MLP (128, 1024, 1024) lr=0.0001 do=0.0 act=ReLU",0.9709977645254368,0.01462370595532908
concat_pca208,"MLP (256, 512, 1024) lr=0.0001 do=0.4 act=GELU",0.9709977645254368,0.01462370595532908
concat_pca208,"MLP (256, 512, 1024) lr=0.0001 do=0.2 act=GELU",0.9709977645254368,0.01462370595532908
concat_pca208,"MLP (128, 1024, 1024) lr=0.0001 do=0.2 act=GELU",0.9709977645254368,0.01462370595532908
concat_pca208,"MLP (128, 1024, 1024) lr=0.0001 do=0.2 act=ReLU",0.9709977645254368,0.01462370595532908
concat_pca208,"MLP (128, 1024, 1024) lr=0.0001 do=0.0 act=GELU",0.9709977645254368,0.01462370595532908
concat_pca208,"MLP (128, 512, 128) lr=0.001 do=0.2 act=GELU",0.9709977645254368,0.01462370595532908
concat_pca208,"MLP (128, 512, 256) lr=0.0001 do=0.2 act=ReLU",0.9709977645254368,0.01462370595532908
concat_pca208,"MLP (1024, 512, 256) lr=0.001 do=0.4 act=ReLU",0.9709904044471369,0.009794515024829253
concat_pca208,"MLP (128, 256, 256) lr=0.001 do=0.2 act=GELU",0.9709899667310751,0.009794952740891094
concat_pca208,"MLP (1024, 512) lr=0.0001 do=0.0 act=ReLU",0.9709896106144613,0.009721922205672806
concat_pca208,"MLP (256, 512, 128) lr=0.001 do=0.4 act=GELU",0.9709896106144613,0.009721922205672806
concat_pca208,"MLP (512, 256, 1024) lr=0.001 do=0.4 act=ReLU",0.9709896106144613,0.009721922205672806
concat_pca208,"MLP (1024, 256) lr=0.001 do=0.4 act=ReLU",0.9709896106144613,0.009721922205672806
concat_pca208,"MLP (512, 128, 1024) lr=0.0001 do=0.0 act=ReLU",0.9709896106144613,0.009721922205672806
concat_pca208,"MLP (256, 256, 128) lr=0.001 do=0.2 act=GELU",0.9709896106144613,0.009721922205672806
concat_pca208,"MLP (512, 256) lr=0.001 do=0.2 act=GELU",0.9709896106144613,0.009721922205672806
concat_pca208,"MLP (512, 256) lr=0.001 do=0.0 act=ReLU",0.9709896106144613,0.009721922205672806
concat_pca208,"MLP (512, 256) lr=0.0001 do=0.2 act=GELU",0.9709896106144613,0.009721922205672806
concat_pca208,"MLP (512, 1024) lr=0.001 do=0.2 act=ReLU",0.9709896106144613,0.009721922205672806
concat_pca208,"MLP (512, 128, 256) lr=0.0001 do=0.0 act=ReLU",0.9709896106144613,0.009721922205672806
concat_pca208,"MLP (256,) lr=0.001 do=0.4 act=ReLU",0.9709896106144613,0.009721922205672806
concat_pca208,"MLP (512, 256) lr=0.0001 do=0.0 act=ReLU",0.9709896106144613,0.009721922205672806
concat_pca208,"MLP (1024, 512) lr=0.0001 do=0.0 act=GELU",0.9709896106144613,0.009721922205672806
concat_pca208,"MLP (256, 256, 512) lr=0.0001 do=0.2 act=GELU",0.9709860772669534,0.019439116848123494
concat_pca208,"MLP (256, 1024, 1024) lr=0.0001 do=0.0 act=GELU",0.9709860772669534,0.019439116848123494
concat_pca208,"MLP (256, 256, 1024) lr=0.0001 do=0.0 act=ReLU",0.9709860772669534,0.019439116848123494
concat_pca208,"MLP (512, 256, 1024) lr=0.0001 do=0.4 act=ReLU",0.9709845588265168,0.009800360645449313
concat_pca208,"MLP (256, 128, 1024) lr=0.0001 do=0.0 act=GELU",0.9709845588265168,0.009800360645449313
concat_pca208,"MLP (512, 1024, 1024) lr=0.001 do=0.4 act=GELU",0.9709838067951475,0.014659412271960381
concat_pca208,"MLP (256, 1024, 1024) lr=0.001 do=0.4 act=ReLU",0.9709757470626915,0.014667472004416315
concat_pca208,"MLP (256, 128, 1024) lr=0.0001 do=0.2 act=GELU",0.9709729325019765,0.014648537978789455
concat_pca208,"MLP (512, 1024, 256) lr=0.001 do=0.4 act=ReLU",0.9709729325019765,0.014648537978789455
concat_pca208,"MLP (512, 512) lr=0.001 do=0.4 act=ReLU",0.9709729325019765,0.014648537978789455
concat_pca208,"MLP (512, 128, 256) lr=0.0001 do=0.2 act=ReLU",0.9709729325019765,0.014648537978789455
concat_pca208,"MLP (512, 128, 256) lr=0.001 do=0.4 act=GELU",0.9709729325019765,0.014648537978789455
concat_pca208,"MLP (256, 128) lr=0.001 do=0.2 act=GELU",0.970971515410542,1.720488439699297e-05
concat_pca208,"MLP (256, 128) lr=0.001 do=0.0 act=ReLU",0.970971515410542,1.720488439699297e-05
concat_pca208,"MLP (256, 128) lr=0.001 do=0.0 act=GELU",0.970971515410542,1.720488439699297e-05
concat_pca208,"MLP (256, 1024, 512) lr=0.0001 do=0.2 act=GELU",0.9709648727695206,0.01465659771124539
concat_pca208,"MLP (1024, 512, 128) lr=0.0001 do=0.2 act=GELU",0.9709648727695206,0.01465659771124539
concat_pca208,"MLP (1024, 256) lr=0.0001 do=0.2 act=GELU",0.9709648727695206,0.01465659771124539
concat_pca208,"MLP (256, 1024) lr=0.001 do=0.4 act=ReLU",0.9709648727695206,0.01465659771124539
concat_pca208,"MLP (1024, 512, 128) lr=0.001 do=0.4 act=GELU",0.9709507323415716,0.009760800478562592
concat_pca208,"MLP (256, 512, 512) lr=0.001 do=0.4 act=GELU",0.9709507323415716,0.009760800478562592
concat_pca208,"MLP (128, 256, 512) lr=0.0001 do=0.0 act=GELU",0.9709467775656013,0.004951880389969576
concat_pca208,"MLP (256, 256, 256) lr=0.001 do=0.2 act=GELU",0.9709446575122764,0.014570598942168611
concat_pca208,"MLP (1024, 128, 1024) lr=0.001 do=0.0 act=ReLU",0.9709446575122764,0.014570598942168611
concat_pca208,"MLP (256, 256, 1024) lr=0.0001 do=0.2 act=GELU",0.9709444021900977,0.014677068290668227
concat_pca208,"MLP (256, 512, 128) lr=0.001 do=0.2 act=ReLU",0.9709444021900977,0.014677068290668227
concat_pca208,"MLP (256, 256, 1024) lr=0.0001 do=0.4 act=GELU",0.9709444021900977,0.014677068290668227
concat_pca208,"MLP (256, 256, 1024) lr=0.0001 do=0.2 act=ReLU",0.9709444021900977,0.014677068290668227
concat_pca208,"MLP (256, 1024, 256) lr=0.0001 do=0.2 act=ReLU",0.9709444021900977,0.014677068290668227
concat_pca208,"MLP (256, 1024, 256) lr=0.0001 do=0.4 act=GELU",0.9709444021900977,0.014677068290668227
concat_pca208,"MLP (128, 128, 128) lr=0.001 do=0.0 act=ReLU",0.9709388440546052,0.00493613775672902
concat_pca208,"MLP (256, 256, 1024) lr=0.0001 do=0.0 act=GELU",0.9709246551991584,0.019500538915918575
concat_pca208,"MLP (128, 512, 256) lr=0.001 do=0.4 act=GELU",0.9709205409832389,0.01470092949752716
concat_pca208,"MLP (512, 256, 1024) lr=0.001 do=0.2 act=ReLU",0.9709118580075256,0.01951333610755135
concat_pca208,"MLP (1024, 256, 512) lr=0.0001 do=0.0 act=GELU",0.9708864434328058,0.00982508938732829
concat_pca208,"MLP (256, 1024, 512) lr=0.001 do=0.2 act=ReLU",0.9708864434328058,0.00982508938732829
concat_pca208,"MLP (512, 256, 1024) lr=0.0001 do=0.0 act=ReLU",0.9708864434328058,0.00982508938732829
concat_pca208,"MLP (512, 256, 1024) lr=0.0001 do=0.0 act=GELU",0.9708864434328058,0.00982508938732829
backbone_dinov2,LDA solver=svd shrink=None,0.9689542194198861,0.01659812351511425
backbone_dinov2,"MLP (1024,) lr=0.0001 do=0.4 act=ReLU",0.9688670106256349,0.011902220143595876
backbone_dinov2,"MLP (512, 1024, 128) lr=0.0001 do=0.2 act=ReLU",0.9688670106256349,0.011902220143595876
concat_pca208,"MLP (512,) lr=0.0001 do=0.4 act=GELU",0.968865826153289,0.016755644327477004
concat_pca208,"MLP (512,) lr=0.0001 do=0.2 act=ReLU",0.968865826153289,0.016755644327477004
concat_pca208,"MLP (512,) lr=0.0001 do=0.4 act=ReLU",0.968865826153289,0.016755644327477004
backbone_dinov2,"MLP (1024, 512, 256) lr=0.0001 do=0.0 act=ReLU",0.9688428267506244,0.01673136933122904
backbone_dinov2,"MLP (512, 1024, 512) lr=0.0001 do=0.2 act=GELU",0.9688428267506244,0.01673136933122904
backbone_dinov2,"MLP (256, 1024, 512) lr=0.0001 do=0.4 act=ReLU",0.9688428267506244,0.01673136933122904
backbone_dinov2,"MLP (128, 512) lr=0.0001 do=0.0 act=GELU",0.9688428267506244,0.01673136933122904
backbone_dinov2,"MLP (1024, 512, 256) lr=0.0001 do=0.2 act=ReLU",0.9688428267506244,0.01673136933122904
backbone_dinov2,"MLP (128, 512) lr=0.0001 do=0.0 act=ReLU",0.9688428267506244,0.01673136933122904
backbone_dinov2,"MLP (128, 256, 128) lr=0.0001 do=0.0 act=GELU",0.9688428267506244,0.01673136933122904
backbone_dinov2,"MLP (128, 256, 256) lr=0.0001 do=0.0 act=GELU",0.9688396770060801,0.011929553763150691
backbone_dinov2,"MLP (1024, 512, 1024) lr=0.0001 do=0.2 act=ReLU",0.9688396770060801,0.011929553763150691
backbone_dinov2,"MLP (1024, 512, 1024) lr=0.0001 do=0.2 act=GELU",0.9688394734600365,0.011929757309194267
backbone_dinov2,"MLP (128, 1024) lr=0.0001 do=0.2 act=ReLU",0.9688383846502483,0.01193084611898243
backbone_dinov2,"MLP (1024, 256, 128) lr=0.0001 do=0.2 act=ReLU",0.9688383846502483,0.01193084611898243
backbone_dinov2,"MLP (1024, 256, 256) lr=0.0001 do=0.4 act=ReLU",0.9688383846502483,0.01193084611898243
backbone_dinov2,"MLP (256, 256) lr=0.0001 do=0.2 act=ReLU",0.9688383846502483,0.01193084611898243
concat_pca208,"MLP (512,) lr=0.001 do=0.2 act=ReLU",0.9688362677010676,0.011948651770898489
concat_pca208,"MLP (512,) lr=0.001 do=0.2 act=GELU",0.9688362677010676,0.011948651770898489
backbone_dinov2,"MLP (1024, 256, 256) lr=0.001 do=0.4 act=GELU",0.9688297809155647,0.00712357656076501
backbone_dinov2,"MLP (1024, 256, 256) lr=0.001 do=0.0 act=ReLU",0.9688297809155647,0.00712357656076501
backbone_dinov2,"MLP (1024, 512) lr=0.0001 do=0.4 act=ReLU",0.9688297809155647,0.00712357656076501
backbone_dinov2,"MLP (1024, 512) lr=0.0001 do=0.0 act=GELU",0.9688297809155647,0.00712357656076501
backbone_dinov2,"MLP (256, 256) lr=0.0001 do=0.0 act=ReLU",0.9688297809155647,0.00712357656076501
backbone_dinov2,"MLP (256, 128, 1024) lr=0.0001 do=0.2 act=GELU",0.9688297809155647,0.00712357656076501
backbone_dinov2,"MLP (1024, 512) lr=0.0001 do=0.0 act=ReLU",0.9688297809155647,0.00712357656076501
backbone_dinov2,"MLP (256, 128, 256) lr=0.0001 do=0.2 act=GELU",0.9688295773695212,0.0071237801068085305
backbone_dinov2,"MLP (256, 256, 128) lr=0.0001 do=0.0 act=GELU",0.9688287504326535,0.01191862718972414
backbone_dinov2,"MLP (1024, 128, 512) lr=0.0001 do=0.4 act=GELU",0.9688274580768217,0.01191991954555588
backbone_dinov2,"MLP (128, 256) lr=0.0001 do=0.4 act=GELU",0.9688274580768217,0.01191991954555588
backbone_dinov2,"MLP (256, 128, 256) lr=0.0001 do=0.2 act=ReLU",0.9688274580768217,0.01191991954555588
backbone_dinov2,"MLP (1024, 512, 128) lr=0.0001 do=0.0 act=ReLU",0.9688274580768217,0.01191991954555588
backbone_dinov2,"MLP (128, 256, 128) lr=0.0001 do=0.2 act=ReLU",0.9688274580768217,0.01191991954555588
backbone_dinov2,"MLP (256, 128, 1024) lr=0.0001 do=0.2 act=ReLU",0.9688274580768217,0.01191991954555588
backbone_dinov2,"MLP (128, 1024) lr=0.0001 do=0.0 act=ReLU",0.9688274580768217,0.01191991954555588
backbone_dinov2,"MLP (256, 256) lr=0.001 do=0.0 act=GELU",0.9688274580768217,0.01191991954555588
backbone_dinov2,"MLP (128, 1024) lr=0.0001 do=0.4 act=ReLU",0.9688274580768217,0.01191991954555588
backbone_dinov2,RF n=300 max_f=log2,0.9688274580768217,0.01191991954555588
backbone_dinov2,"MLP (128, 256) lr=0.0001 do=0.4 act=ReLU",0.9688274580768217,0.01191991954555588
backbone_dinov2,"MLP (128, 256, 128) lr=0.0001 do=0.0 act=ReLU",0.9688274580768217,0.01191991954555588
backbone_dinov2,"MLP (1024, 256, 256) lr=0.0001 do=0.2 act=ReLU",0.9688274580768217,0.01191991954555588
backbone_dinov2,"MLP (1024, 256, 256) lr=0.0001 do=0.0 act=GELU",0.9688274580768217,0.01191991954555588
backbone_dinov2,"MLP (128, 256) lr=0.0001 do=0.2 act=GELU",0.9688274580768217,0.01191991954555588
concat_pca208,LDA solver=lsqr shrink=auto,0.9688274419594145,0.01681577710769333
backbone_dinov2,"MLP (1024, 1024, 128) lr=0.0001 do=0.0 act=GELU",0.9688240848572371,0.007129272619092575
backbone_dinov2,"MLP (128, 256, 1024) lr=0.001 do=0.2 act=ReLU",0.9688178238592269,0.01190770061629759
backbone_dinov2,"MLP (128, 512, 256) lr=0.001 do=0.0 act=ReLU",0.9688177248736946,0.011951505895536174
backbone_dinov2,"MLP (128, 1024, 1024) lr=0.0001 do=0.2 act=ReLU",0.9688177248736946,0.011951505895536174
backbone_dinov2,"MLP (256, 512, 512) lr=0.0001 do=0.2 act=ReLU",0.9688177248736946,0.011951505895536174
backbone_dinov2,"MLP (256, 1024, 512) lr=0.001 do=0.2 act=ReLU",0.9688091211390111,0.007144236337318699
backbone_dinov2,"MLP (128, 512, 256) lr=0.001 do=0.0 act=GELU",0.9688086084795839,0.011938769142793626
backbone_dinov2,"MLP (1024, 512, 128) lr=0.001 do=0.2 act=ReLU",0.9688086084795839,0.011938769142793626
backbone_dinov2,"MLP (128, 1024, 1024) lr=0.0001 do=0.0 act=GELU",0.9688078809744725,0.01676631510738097
backbone_dinov2,"MLP (128, 256, 512) lr=0.001 do=0.0 act=ReLU",0.9688078809744725,0.01676631510738097
backbone_dinov2,"MLP (256, 256) lr=0.001 do=0.4 act=ReLU",0.9688078287831794,0.0071455286931503825
backbone_dinov2,"MLP (256, 256, 512) lr=0.001 do=0.2 act=ReLU",0.9688078287831794,0.0071455286931503825
backbone_dinov2,"MLP (1024, 512, 128) lr=0.0001 do=0.4 act=GELU",0.9688078287831794,0.0071455286931503825
backbone_dinov2,"MLP (512,) lr=0.0001 do=0.0 act=GELU",0.9688078287831794,0.0071455286931503825
backbone_dinov2,"MLP (256, 128, 1024) lr=0.0001 do=0.0 act=GELU",0.9688078287831794,0.0071455286931503825
backbone_dinov2,"MLP (128, 128, 256) lr=0.001 do=0.2 act=GELU",0.9688078287831794,0.0071455286931503825
backbone_dinov2,"MLP (128, 128, 1024) lr=0.001 do=0.0 act=ReLU",0.9688078287831794,0.0071455286931503825
backbone_dinov2,"MLP (512, 128, 1024) lr=0.0001 do=0.4 act=GELU",0.968806798300268,0.011940579322109623
backbone_dinov2,"MLP (128, 512) lr=0.0001 do=0.4 act=ReLU",0.968806798300268,0.011940579322109623
backbone_dinov2,"MLP (128, 1024, 256) lr=0.0001 do=0.2 act=GELU",0.968806798300268,0.011940579322109623
backbone_dinov2,"MLP (128, 512) lr=0.0001 do=0.4 act=GELU",0.968806798300268,0.011940579322109623
backbone_dinov2,"MLP (128, 256) lr=0.0001 do=0.0 act=ReLU",0.968806798300268,0.011940579322109623
backbone_dinov2,"MLP (128, 512, 1024) lr=0.0001 do=0.0 act=ReLU",0.968806798300268,0.011940579322109623
backbone_dinov2,"MLP (512, 128, 128) lr=0.001 do=0.2 act=GELU",0.968806798300268,0.011940579322109623
backbone_dinov2,"MLP (128, 1024, 256) lr=0.0001 do=0.0 act=GELU",0.968806798300268,0.011940579322109623
backbone_dinov2,"MLP (512, 256, 128) lr=0.0001 do=0.2 act=ReLU",0.9687996717585188,0.01677452432333465
backbone_dinov2,"MLP (512, 256, 512) lr=0.0001 do=0.4 act=ReLU",0.9687968891596483,0.007090684804848646
backbone_dinov2,"MLP (128, 128, 1024) lr=0.0001 do=0.2 act=ReLU",0.9687938046565016,0.01195357296587607
backbone_dinov2,"MLP (128, 128, 1024) lr=0.0001 do=0.0 act=GELU",0.9687938046565016,0.01195357296587607
concat_raw,"MLP (512, 256) lr=0.0001 do=0.2 act=ReLU",0.9687924712252272,0.007273228009711141
concat_raw,"MLP (256, 256) lr=0.001 do=0.4 act=ReLU",0.968789226735693,0.002456428173085168
backbone_dinov2,"MLP (512, 512, 128) lr=0.0001 do=0.4 act=ReLU",0.9687858984762439,0.016788297605609626
backbone_dinov2,"MLP (512, 128, 256) lr=0.0001 do=0.0 act=ReLU",0.9687858984762439,0.016788297605609626
backbone_dinov2,"MLP (256,) lr=0.0001 do=0.2 act=GELU",0.9687858984762439,0.016788297605609626
backbone_dinov2,"MLP (512, 128, 512) lr=0.0001 do=0.2 act=ReLU",0.9687858984762439,0.016788297605609626
backbone_dinov2,"MLP (512, 256, 512) lr=0.0001 do=0.2 act=GELU",0.9687858984762439,0.016788297605609626
backbone_dinov2,"MLP (1024, 1024, 1024) lr=0.0001 do=0.0 act=ReLU",0.9687858984762439,0.016788297605609626
backbone_dinov2,"MLP (512, 256) lr=0.0001 do=0.0 act=GELU",0.9687858984762439,0.016788297605609626
backbone_dinov2,"MLP (512, 512, 512) lr=0.0001 do=0.2 act=ReLU",0.9687858984762439,0.016788297605609626
backbone_dinov2,"MLP (1024, 1024, 512) lr=0.0001 do=0.0 act=GELU",0.9687858984762439,0.016788297605609626
backbone_dinov2,"MLP (256, 128, 128) lr=0.0001 do=0.0 act=ReLU",0.9687858984762439,0.016788297605609626
backbone_dinov2,"MLP (256, 128, 512) lr=0.0001 do=0.0 act=ReLU",0.9687858984762439,0.016788297605609626
backbone_dinov2,"MLP (128, 1024, 128) lr=0.0001 do=0.2 act=GELU",0.9687858984762439,0.016788297605609626
backbone_dinov2,"MLP (128, 256, 1024) lr=0.001 do=0.4 act=ReLU",0.9687858984762439,0.016788297605609626
backbone_dinov2,"MLP (512, 128, 256) lr=0.0001 do=0.0 act=GELU",0.9687858984762439,0.016788297605609626
backbone_dinov2,"MLP (128, 128, 256) lr=0.0001 do=0.0 act=ReLU",0.9687858984762439,0.016788297605609626
backbone_dinov2,"MLP (128, 256, 1024) lr=0.0001 do=0.2 act=GELU",0.9687858984762439,0.016788297605609626
backbone_dinov2,"MLP (512, 512, 256) lr=0.0001 do=0.0 act=GELU",0.9687858984762439,0.016788297605609626
backbone_dinov2,"MLP (512, 512, 512) lr=0.0001 do=0.2 act=GELU",0.9687858984762439,0.016788297605609626
backbone_dinov2,"MLP (512, 256, 512) lr=0.0001 do=0.0 act=GELU",0.9687858984762439,0.016788297605609626
backbone_dinov2,"MLP (128, 128, 128) lr=0.0001 do=0.0 act=GELU",0.9687858984762439,0.016788297605609626
backbone_dinov2,"MLP (512, 256) lr=0.0001 do=0.2 act=ReLU",0.9687858984762439,0.016788297605609626
backbone_dinov2,"MLP (512, 128, 512) lr=0.0001 do=0.2 act=GELU",0.9687858984762439,0.016788297605609626
backbone_dinov2,"MLP (512, 256) lr=0.0001 do=0.0 act=ReLU",0.9687858984762439,0.016788297605609626
backbone_dinov2,"MLP (1024, 1024, 256) lr=0.0001 do=0.4 act=GELU",0.9687858984762439,0.016788297605609626
backbone_dinov2,"MLP (1024, 256, 1024) lr=0.0001 do=0.2 act=ReLU",0.9687858984762439,0.016788297605609626
backbone_dinov2,"MLP (128, 256, 1024) lr=0.0001 do=0.0 act=GELU",0.9687858984762439,0.016788297605609626
backbone_dinov2,LogReg C=0.01,0.9687858984762439,0.016788297605609626
backbone_dinov2,"MLP (1024, 512, 256) lr=0.001 do=0.4 act=GELU",0.9687827487316995,0.011986482037531276
backbone_dinov2,"MLP (256, 512, 128) lr=0.001 do=0.0 act=GELU",0.9687827487316995,0.011986482037531276
backbone_dinov2,"MLP (1024, 128, 1024) lr=0.0001 do=0.4 act=ReLU",0.9687825451856558,0.011986685583574908
backbone_dinov2,"MLP (1024, 256, 256) lr=0.001 do=0.2 act=GELU",0.9687782159178852,0.007175141558444564
concat_raw,"MLP (256, 256, 256) lr=0.0001 do=0.2 act=GELU",0.9687776400906782,0.007288059144260062
backbone_dinov2,"MLP (256, 1024, 1024) lr=0.0001 do=0.2 act=GELU",0.9687762293830946,0.007111344581402335
backbone_dinov2,"MLP (256, 1024, 1024) lr=0.0001 do=0.0 act=GELU",0.9687762293830946,0.007111344581402335
backbone_dinov2,"MLP (256,) lr=0.0001 do=0.0 act=ReLU",0.9687753506158885,0.01679884546596494
backbone_dinov2,"MLP (256, 256) lr=0.001 do=0.4 act=GELU",0.9687749370272629,0.007112636937234018
backbone_dinov2,"MLP (256, 512) lr=0.0001 do=0.4 act=ReLU",0.9687718221582728,0.011975555464104726
backbone_dinov2,"MLP (256, 128, 128) lr=0.0001 do=0.0 act=GELU",0.9687718221582728,0.011975555464104726
backbone_dinov2,"MLP (256, 1024, 128) lr=0.0001 do=0.2 act=GELU",0.9687718221582728,0.011975555464104726
backbone_dinov2,"MLP (512, 256, 128) lr=0.0001 do=0.2 act=GELU",0.9687718221582728,0.011975555464104726
backbone_dinov2,"MLP (128, 512, 1024) lr=0.0001 do=0.0 act=GELU",0.9687718221582728,0.011975555464104726
backbone_dinov2,LogReg C=0.1,0.9687718221582728,0.011975555464104726
backbone_dinov2,"MLP (512, 1024) lr=0.0001 do=0.4 act=GELU",0.9687718221582728,0.011975555464104726
backbone_dinov2,"MLP (1024, 128, 256) lr=0.0001 do=0.0 act=ReLU",0.9687718221582728,0.011975555464104726
backbone_dinov2,"MLP (512, 1024) lr=0.0001 do=0.4 act=ReLU",0.9687718221582728,0.011975555464104726
backbone_dinov2,"MLP (256, 512, 256) lr=0.0001 do=0.0 act=GELU",0.9687718221582728,0.011975555464104726
backbone_dinov2,"MLP (128, 256, 128) lr=0.001 do=0.0 act=GELU",0.9687718221582728,0.011975555464104726
backbone_dinov2,"MLP (256, 512, 256) lr=0.0001 do=0.0 act=ReLU",0.9687718221582728,0.011975555464104726
backbone_dinov2,"MLP (128, 512) lr=0.001 do=0.4 act=ReLU",0.9687718221582728,0.011975555464104726
backbone_dinov2,"MLP (512, 256, 128) lr=0.001 do=0.2 act=GELU",0.9687718221582728,0.011975555464104726
backbone_dinov2,"MLP (256, 1024, 1024) lr=0.0001 do=0.4 act=GELU",0.9687718221582728,0.011975555464104726
backbone_dinov2,"MLP (1024, 256) lr=0.0001 do=0.2 act=GELU",0.9687718221582728,0.011975555464104726
backbone_dinov2,"MLP (128, 256, 512) lr=0.001 do=0.2 act=ReLU",0.9687717595287209,0.011975618093656715
backbone_dinov2,"MLP (1024, 128) lr=0.0001 do=0.2 act=ReLU",0.9687716186122293,0.011975759010148357
backbone_dinov2,"MLP (1024, 512) lr=0.0001 do=0.4 act=GELU",0.9687671565828566,0.00718620089347316
backbone_dinov2,"MLP (1024, 256, 1024) lr=0.0001 do=0.2 act=GELU",0.9687607965993139,0.01200843416991676
backbone_dinov2,"MLP (1024, 128, 1024) lr=0.0001 do=0.4 act=GELU",0.9687607965993139,0.01200843416991676
backbone_dinov2,"MLP (256, 128, 128) lr=0.001 do=0.4 act=GELU",0.9687607965993139,0.01200843416991676
backbone_dinov2,"MLP (512, 512, 128) lr=0.0001 do=0.2 act=ReLU",0.9687607965993139,0.01200843416991676
backbone_dinov2,"MLP (128, 256) lr=0.001 do=0.0 act=GELU",0.9687607965993139,0.01200843416991676
backbone_dinov2,"MLP (128, 1024, 256) lr=0.001 do=0.0 act=ReLU",0.9687607965993139,0.01200843416991676
backbone_dinov2,"MLP (1024, 128, 256) lr=0.0001 do=0.2 act=GELU",0.9687607965993139,0.01200843416991676
backbone_dinov2,"MLP (1024,) lr=0.001 do=0.0 act=GELU",0.9687607965993139,0.01200843416991676
concat_raw,"MLP (256, 128, 1024) lr=0.001 do=0.0 act=GELU",0.9687599624252058,0.007270381478787669
backbone_dinov2,"MLP (512, 512, 128) lr=0.001 do=0.2 act=ReLU",0.9687521928646304,0.0072011646116992845
backbone_dinov2,"MLP (1024, 256, 1024) lr=0.001 do=0.0 act=GELU",0.9687521928646304,0.0072011646116992845
backbone_dinov2,"MLP (256, 512, 256) lr=0.0001 do=0.4 act=GELU",0.9687521928646304,0.0072011646116992845
backbone_dinov2,"MLP (256, 1024, 128) lr=0.0001 do=0.2 act=ReLU",0.9687521928646304,0.0072011646116992845
backbone_dinov2,"MLP (256, 512, 256) lr=0.0001 do=0.2 act=GELU",0.9687521928646304,0.0072011646116992845
backbone_dinov2,"MLP (128, 1024, 128) lr=0.001 do=0.2 act=GELU",0.9687521928646304,0.0072011646116992845
backbone_dinov2,"MLP (512, 256) lr=0.001 do=0.4 act=ReLU",0.9687521928646304,0.0072011646116992845
backbone_dinov2,"MLP (512, 128, 1024) lr=0.001 do=0.0 act=ReLU",0.9687521928646304,0.0072011646116992845
backbone_dinov2,"MLP (512, 512, 256) lr=0.0001 do=0.4 act=GELU",0.9687498700258874,0.011997507596490209
backbone_dinov2,"MLP (256, 512) lr=0.001 do=0.0 act=ReLU",0.9687498700258874,0.011997507596490209
backbone_dinov2,"MLP (512, 256, 256) lr=0.001 do=0.2 act=GELU",0.9687498700258874,0.011997507596490209
backbone_dinov2,"MLP (512, 128, 512) lr=0.0001 do=0.0 act=GELU",0.9687498700258874,0.011997507596490209
backbone_dinov2,"MLP (128, 1024, 512) lr=0.0001 do=0.2 act=ReLU",0.9687498700258874,0.011997507596490209
backbone_dinov2,"MLP (128, 256) lr=0.001 do=0.2 act=ReLU",0.9687498700258874,0.011997507596490209
backbone_dinov2,"MLP (256, 512) lr=0.001 do=0.4 act=GELU",0.9687498700258874,0.011997507596490209
backbone_dinov2,"MLP (256, 128, 512) lr=0.0001 do=0.2 act=ReLU",0.9687498700258874,0.011997507596490209
backbone_dinov2,"MLP (256,) lr=0.001 do=0.2 act=ReLU",0.9687498700258874,0.011997507596490209
backbone_dinov2,"MLP (256, 512, 1024) lr=0.0001 do=0.0 act=ReLU",0.9687498700258874,0.011997507596490209
backbone_dinov2,"MLP (256, 512, 128) lr=0.0001 do=0.4 act=GELU",0.9687498700258874,0.011997507596490209
backbone_dinov2,"MLP (256, 512, 128) lr=0.0001 do=0.4 act=ReLU",0.9687498700258874,0.011997507596490209
backbone_dinov2,"MLP (256, 256, 1024) lr=0.0001 do=0.0 act=GELU",0.9687498700258874,0.011997507596490209
backbone_dinov2,"MLP (512, 1024, 256) lr=0.0001 do=0.2 act=ReLU",0.9687498700258874,0.011997507596490209
backbone_dinov2,"MLP (1024, 512, 128) lr=0.0001 do=0.4 act=ReLU",0.9687498700258874,0.011997507596490209
backbone_dinov2,"MLP (1024, 512, 128) lr=0.0001 do=0.0 act=GELU",0.9687498700258874,0.011997507596490209
backbone_dinov2,LogReg C=100.0,0.9687498700258874,0.011997507596490209
backbone_dinov2,"MLP (128, 1024, 128) lr=0.001 do=0.4 act=GELU",0.9687409553260566,0.012006422296320929
concat_pca208,"MLP (128, 1024) lr=0.001 do=0.2 act=GELU",0.9687328970680007,0.007165760887570205
concat_pca208,"MLP (512, 128, 512) lr=0.0001 do=0.4 act=GELU",0.9687327999715417,0.01688867050922427
concat_raw,"MLP (256, 512, 1024) lr=0.0001 do=0.2 act=GELU",0.968732477333696,0.007333221901242193
concat_raw,"MLP (128, 1024) lr=0.001 do=0.4 act=ReLU",0.9687291370909314,0.012129392980961107
concat_pca208,"MLP (256, 128, 512) lr=0.001 do=0.2 act=GELU",0.9687285674082152,0.016892903072550758
concat_raw,"MLP (256, 1024, 256) lr=0.001 do=0.2 act=GELU",0.9687250344203586,0.0024414333278925393
backbone_dinov2,"MLP (512, 1024, 128) lr=0.001 do=0.4 act=ReLU",0.9687212105992147,0.01685298548263886
backbone_dinov2,"MLP (1024, 256, 128) lr=0.001 do=0.0 act=GELU",0.9687193011087141,0.00716827285578292
backbone_dinov2,"MLP (256, 1024) lr=0.001 do=0.4 act=GELU",0.9687193011087141,0.00716827285578292
backbone_dinov2,"MLP (512, 128, 128) lr=0.0001 do=0.0 act=ReLU",0.9687173893379946,0.016856806743858976
backbone_dinov2,"MLP (512, 128) lr=0.0001 do=0.4 act=GELU",0.9687173893379946,0.016856806743858976
backbone_dinov2,"MLP (128, 1024) lr=0.001 do=0.4 act=GELU",0.9687172648597833,0.012030112762594358
concat_raw,"MLP (1024, 256, 512) lr=0.001 do=0.4 act=ReLU",0.9687147996682237,0.0073155442357698
concat_raw,"MLP (128, 256, 1024) lr=0.001 do=0.0 act=GELU",0.9687120540800058,0.007318289823987634
concat_raw,"MLP (128, 512, 256) lr=0.001 do=0.0 act=GELU",0.9687119495194945,0.007361891557182643
concat_pca208,"MLP (512, 1024, 128) lr=0.0001 do=0.4 act=GELU",0.9687115345401658,0.01207338493180038
concat_pca208,"MLP (512, 1024, 128) lr=0.0001 do=0.2 act=ReLU",0.9687115345401658,0.01207338493180038
concat_pca208,"MLP (512, 128, 512) lr=0.0001 do=0.2 act=GELU",0.9687115345401658,0.01207338493180038
concat_raw,"MLP (1024, 256, 256) lr=0.001 do=0.0 act=GELU",0.9687078785986251,0.007357820636313184
concat_raw,"MLP (1024, 1024, 256) lr=0.0001 do=0.4 act=GELU",0.9687072839440782,0.012151246127814208
concat_raw,"MLP (512, 1024, 1024) lr=0.0001 do=0.2 act=GELU",0.9687072839440782,0.012151246127814208
concat_pca208,"MLP (512,) lr=0.001 do=0.4 act=GELU",0.9687043808833975,0.012080538588568612
concat_pca208,"MLP (512,) lr=0.001 do=0.0 act=ReLU",0.9687043808833975,0.012080538588568612
concat_pca208,"MLP (256, 128, 1024) lr=0.0001 do=0.0 act=ReLU",0.9687032415193204,0.012081677952645753
concat_raw,"MLP (128, 1024) lr=0.001 do=0.2 act=ReLU",0.9687032130232088,0.01214717520694475
concat_pca208,"MLP (1024, 512, 1024) lr=0.001 do=0.4 act=ReLU",0.9687030841424977,0.012147304087655797
concat_pca208,"MLP (256, 128, 512) lr=0.0001 do=0.0 act=GELU",0.9686999082156255,0.016921562265140522
concat_pca208,"MLP (128, 1024) lr=0.001 do=0.0 act=ReLU",0.9686991511371339,0.012012381683000284
concat_pca208,"MLP (512, 512, 128) lr=0.001 do=0.4 act=GELU",0.9686990089559938,0.012085910515972298
concat_pca208,KNN k=20 metric=cosine,0.9686974201158594,0.002504144537357589
backbone_dinov2,"MLP (256, 1024, 256) lr=0.0001 do=0.4 act=ReLU",0.9686961087222847,0.012073122046945994
backbone_dinov2,"MLP (128, 256, 1024) lr=0.0001 do=0.0 act=ReLU",0.9686954372056089,0.016878758876244515
backbone_dinov2,"MLP (512, 128, 128) lr=0.0001 do=0.2 act=ReLU",0.9686954372056089,0.016878758876244515
backbone_dinov2,"MLP (256, 1024, 1024) lr=0.001 do=0.4 act=GELU",0.9686949536251026,0.012074277144128065
backbone_dinov2,"MLP (512, 512, 128) lr=0.001 do=0.4 act=ReLU",0.9686949536251026,0.012074277144128065
concat_pca208,"MLP (128, 128, 256) lr=0.001 do=0.0 act=GELU",0.9686902404554485,0.007184741355885815
backbone_dinov2,"MLP (512, 1024) lr=0.001 do=0.2 act=ReLU",0.9686895685319221,0.007263788944407601
backbone_dinov2,"MLP (1024, 512, 256) lr=0.001 do=0.0 act=GELU",0.968686349890419,0.007267007585910645
backbone_dinov2,"MLP (1024, 256, 1024) lr=0.001 do=0.2 act=GELU",0.968686349890419,0.007267007585910645
backbone_dinov2,"MLP (1024, 256, 512) lr=0.001 do=0.2 act=GELU",0.968686349890419,0.007267007585910645
backbone_dinov2,"MLP (512, 1024, 256) lr=0.001 do=0.2 act=ReLU",0.968686349890419,0.007267007585910645
backbone_dinov2,"MLP (128, 1024, 1024) lr=0.0001 do=0.4 act=GELU",0.9686851821488582,0.012062195473519444
concat_pca208,"MLP (128,) lr=0.001 do=0.0 act=GELU",0.96868472178658,0.0071902600247542026
concat_pca208,"MLP (128, 1024) lr=0.0001 do=0.0 act=ReLU",0.9686819079123073,0.007348435991686109
concat_pca208,"MLP (256, 128) lr=0.0001 do=0.4 act=ReLU",0.9686819079123073,0.007348435991686109
concat_pca208,"MLP (256, 128) lr=0.0001 do=0.2 act=ReLU",0.9686819079123073,0.007348435991686109
concat_pca208,"MLP (128, 512, 128) lr=0.0001 do=0.0 act=ReLU",0.9686758505715187,0.012109068900447328
concat_pca208,"MLP (256, 256, 128) lr=0.001 do=0.4 act=GELU",0.9686731899232488,0.012060091483227231
concat_pca208,"MLP (256, 512, 256) lr=0.0001 do=0.0 act=ReLU",0.9686725172678239,0.016948953212942153
concat_pca208,"MLP (256, 512, 256) lr=0.0001 do=0.0 act=GELU",0.9686725172678239,0.016948953212942153
concat_pca208,"MLP (256, 512, 512) lr=0.0001 do=0.4 act=ReLU",0.9686703212672925,0.012180066962861058
concat_pca208,"MLP (128, 1024, 1024) lr=0.001 do=0.4 act=GELU",0.9686615690650364,0.012123350406929634
backbone_dinov2,"MLP (1024, 128, 256) lr=0.001 do=0.2 act=GELU",0.9686566767760058,0.0072308971884912365
concat_pca208,"MLP (128, 128, 1024) lr=0.001 do=0.0 act=GELU",0.9686524200045155,0.002336300290423532
concat_pca208,"MLP (256, 256, 128) lr=0.0001 do=0.0 act=GELU",0.9686493896229598,0.00722559218837443
concat_pca208,"MLP (512, 128, 512) lr=0.001 do=0.0 act=ReLU",0.9686468012024649,0.016868455251980163
concat_pca208,"MLP (512, 128, 256) lr=0.001 do=0.0 act=ReLU",0.9686452827620284,0.007229699049305871
concat_pca208,"MLP (256, 256, 512) lr=0.001 do=0.4 act=GELU",0.9686445952499747,0.007254062705596087
concat_pca208,"MLP (256, 256, 512) lr=0.001 do=0.4 act=ReLU",0.9686445952499747,0.007254062705596087
concat_pca208,"MLP (128, 256) lr=0.001 do=0.0 act=ReLU",0.9686417225714372,0.007233259239896983
concat_pca208,"MLP (128, 512, 512) lr=0.001 do=0.0 act=GELU",0.9686387604354025,0.007259897520168368
concat_pca208,"MLP (512, 512, 256) lr=0.001 do=0.2 act=GELU",0.9686386680509109,0.007236313760423385
concat_pca208,"MLP (1024, 128, 512) lr=0.0001 do=0.4 act=GELU",0.9686375868881988,0.012147332583767323
concat_pca208,"MLP (1024, 128, 512) lr=0.0001 do=0.4 act=ReLU",0.9686375868881988,0.012147332583767323
concat_pca208,"MLP (128, 128, 512) lr=0.001 do=0.4 act=ReLU",0.9686375868881988,0.012147332583767323
concat_pca208,"MLP (256, 256, 256) lr=0.0001 do=0.0 act=GELU",0.9686375868881988,0.012147332583767323
concat_pca208,"MLP (256, 128) lr=0.0001 do=0.4 act=GELU",0.9686369612450715,0.007303489324450241
concat_pca208,"MLP (1024, 256, 128) lr=0.001 do=0.0 act=ReLU",0.968633656437488,0.012077876382646069
concat_pca208,"MLP (128, 128, 256) lr=0.0001 do=0.4 act=ReLU",0.968630673239812,0.002314553525720131
concat_pca208,"MLP (128, 128, 1024) lr=0.001 do=0.2 act=GELU",0.9686304548220257,0.00235826547291329
concat_pca208,"MLP (512, 512, 512) lr=0.001 do=0.0 act=GELU",0.968627867672857,0.0023608526220819104
concat_pca208,"MLP (256, 128, 1024) lr=0.001 do=0.0 act=ReLU",0.968627867672857,0.0023608526220819104
concat_pca208,"MLP (128, 512, 512) lr=0.001 do=0.0 act=ReLU",0.9686269223632842,0.00724805944805007
concat_pca208,"MLP (128, 1024, 128) lr=0.001 do=0.0 act=ReLU",0.9686178918142268,0.007257089997107502
concat_pca208,"MLP (128, 1024, 1024) lr=0.001 do=0.0 act=GELU",0.9686178918142268,0.007257089997107502
concat_pca208,"MLP (128, 1024, 256) lr=0.001 do=0.2 act=GELU",0.9686160649380962,0.007282593017474748
concat_pca208,"MLP (128, 128, 512) lr=0.0001 do=0.2 act=GELU",0.968616064938096,0.007282593017474803
concat_pca208,"MLP (128, 1024, 128) lr=0.0001 do=0.0 act=GELU",0.968616064938096,0.007282593017474803
concat_pca208,"MLP (256, 128, 1024) lr=0.001 do=0.4 act=ReLU",0.968616064938096,0.007282593017474803
concat_pca208,"MLP (128, 128, 1024) lr=0.0001 do=0.4 act=GELU",0.968616064938096,0.007282593017474803
concat_pca208,"MLP (1024, 512) lr=0.001 do=0.2 act=ReLU",0.968616064938096,0.007282593017474803
concat_pca208,"MLP (128, 128, 256) lr=0.0001 do=0.2 act=GELU",0.968616064938096,0.007282593017474803
concat_pca208,"MLP (128, 512, 1024) lr=0.0001 do=0.0 act=GELU",0.968616064938096,0.007282593017474803
concat_pca208,"MLP (128, 256, 128) lr=0.001 do=0.0 act=ReLU",0.968616064938096,0.007282593017474803
concat_pca208,"MLP (1024, 256, 256) lr=0.001 do=0.4 act=GELU",0.9686125198868231,0.007262461924511188
concat_pca208,"MLP (1024, 256, 512) lr=0.001 do=0.0 act=ReLU",0.9686082580406725,0.007290399914898382
concat_pca208,"MLP (256, 512, 128) lr=0.001 do=0.0 act=GELU",0.9686062654896865,0.012105267330447644
concat_pca208,"MLP (128, 512) lr=0.001 do=0.0 act=GELU",0.9686042268659778,0.007270754945356506
concat_pca208,"MLP (128, 512, 1024) lr=0.001 do=0.4 act=ReLU",0.9686042268659778,0.007270754945356506
concat_pca208,"MLP (1024, 256) lr=0.001 do=0.0 act=ReLU",0.9686042268659778,0.007270754945356506
concat_pca208,"MLP (256, 1024, 128) lr=0.001 do=0.0 act=ReLU",0.9686042268659778,0.007270754945356506
concat_pca208,"MLP (1024, 256, 1024) lr=0.001 do=0.4 act=ReLU",0.9686040694891551,0.007336381080366605
concat_pca208,"MLP (1024, 128, 512) lr=0.0001 do=0.0 act=GELU",0.9686008935622827,0.012110639257851332
concat_pca208,"MLP (512, 1024, 1024) lr=0.0001 do=0.2 act=GELU",0.9685958417743383,0.012189077697627837
concat_pca208,"MLP (512, 1024, 1024) lr=0.0001 do=0.0 act=GELU",0.9685958417743383,0.012189077697627837
concat_pca208,"MLP (512, 256, 256) lr=0.0001 do=0.4 act=ReLU",0.9685958417743383,0.012189077697627837
concat_pca208,"MLP (512, 1024, 128) lr=0.0001 do=0.4 act=ReLU",0.9685958417743383,0.012189077697627837
concat_pca208,"MLP (512, 256, 256) lr=0.0001 do=0.2 act=ReLU",0.9685958417743383,0.012189077697627837
concat_pca208,"MLP (512, 256, 256) lr=0.0001 do=0.4 act=GELU",0.9685958417743383,0.012189077697627837
concat_pca208,"MLP (512, 1024, 1024) lr=0.0001 do=0.4 act=GELU",0.9685958417743383,0.012189077697627837
concat_pca208,"MLP (512, 1024, 1024) lr=0.0001 do=0.2 act=ReLU",0.9685958417743383,0.012189077697627837
concat_pca208,"MLP (512, 1024, 1024) lr=0.0001 do=0.0 act=ReLU",0.9685958417743383,0.012189077697627837
concat_pca208,"MLP (128, 512) lr=0.001 do=0.2 act=ReLU",0.9685922037312371,0.007306454224333736
concat_pca208,"MLP (128, 512) lr=0.001 do=0.2 act=GELU",0.9685922037312371,0.007306454224333736
concat_pca208,"MLP (512, 128) lr=0.0001 do=0.4 act=GELU",0.9685877820418822,0.012197137430083882
concat_pca208,"MLP (128, 512, 256) lr=0.0001 do=0.0 act=ReLU",0.9685861205772288,0.01219879889473724
concat_pca208,"MLP (128,) lr=0.001 do=0.4 act=ReLU",0.9685861205772288,0.01219879889473724
concat_pca208,"MLP (128,) lr=0.001 do=0.2 act=GELU",0.9685861205772288,0.01219879889473724
concat_pca208,"MLP (128,) lr=0.001 do=0.2 act=ReLU",0.9685861205772288,0.01219879889473724
concat_pca208,"MLP (256, 512) lr=0.001 do=0.4 act=ReLU",0.9685842154497979,0.017037255030968035
concat_pca208,"MLP (256, 1024, 128) lr=0.001 do=0.4 act=GELU",0.9685842154497979,0.017037255030968035
concat_pca208,"MLP (256, 256, 512) lr=0.0001 do=0.0 act=GELU",0.9685842154497979,0.017037255030968035
concat_pca208,"MLP (256, 512, 1024) lr=0.001 do=0.4 act=GELU",0.9685842154497979,0.01703725503096809
concat_pca208,"MLP (1024, 512, 512) lr=0.001 do=0.2 act=GELU",0.9685832300959879,0.007291751715346351
concat_pca208,"MLP (128, 256, 1024) lr=0.001 do=0.4 act=GELU",0.9685831731821797,0.007315484773391168
concat_pca208,"MLP (1024, 128) lr=0.001 do=0.2 act=ReLU",0.9685831731821797,0.007315484773391168
concat_pca208,"MLP (512, 256, 128) lr=0.0001 do=0.2 act=GELU",0.9685831731821797,0.007315484773391168
concat_pca208,"MLP (1024, 128, 256) lr=0.001 do=0.4 act=ReLU",0.9685831731821797,0.007315484773391168
concat_pca208,"MLP (128, 256, 256) lr=0.001 do=0.2 act=ReLU",0.9685831731821797,0.007315484773391168
concat_pca208,"MLP (512, 512, 128) lr=0.001 do=0.2 act=ReLU",0.968580641675493,0.01693461477895203
concat_pca208,"MLP (128, 1024, 1024) lr=0.001 do=0.4 act=ReLU",0.968579489021037,0.012205430450929144
concat_pca208,"MLP (128, 512, 256) lr=0.0001 do=0.0 act=GELU",0.968579489021037,0.012205430450929144
concat_pca208,"MLP (128, 128, 128) lr=0.0001 do=0.0 act=GELU",0.968579489021037,0.012205430450929144
concat_pca208,"MLP (128, 512, 256) lr=0.0001 do=0.2 act=GELU",0.968579489021037,0.012205430450929144
concat_pca208,"MLP (128, 1024, 128) lr=0.0001 do=0.0 act=ReLU",0.968579489021037,0.012205430450929144
concat_pca208,"MLP (256, 1024, 1024) lr=0.001 do=0.2 act=GELU",0.9685789756119084,0.016936280842536622
concat_pca208,"MLP (256, 1024, 128) lr=0.0001 do=0.0 act=GELU",0.968576155717342,0.01704531476342397
concat_pca208,"MLP (256, 1024, 128) lr=0.0001 do=0.2 act=ReLU",0.968576155717342,0.01704531476342397
concat_pca208,"MLP (1024, 512, 128) lr=0.0001 do=0.0 act=GELU",0.968576155717342,0.017045314763424024
concat_pca208,"MLP (1024, 128, 256) lr=0.0001 do=0.2 act=GELU",0.968576155717342,0.017045314763424024
concat_pca208,"MLP (256, 1024, 128) lr=0.0001 do=0.4 act=GELU",0.968576155717342,0.01704531476342397
concat_pca208,"MLP (256, 1024, 128) lr=0.0001 do=0.2 act=GELU",0.968576155717342,0.01704531476342397
concat_pca208,"MLP (256, 1024, 128) lr=0.0001 do=0.0 act=ReLU",0.968576155717342,0.01704531476342397
concat_pca208,"MLP (256, 512, 1024) lr=0.0001 do=0.0 act=GELU",0.968576155717342,0.01704531476342397
concat_pca208,"MLP (256, 1024, 512) lr=0.0001 do=0.0 act=GELU",0.968576155717342,0.01704531476342397
concat_pca208,"MLP (256, 1024, 512) lr=0.0001 do=0.0 act=ReLU",0.968576155717342,0.01704531476342397
concat_pca208,"MLP (1024, 1024, 256) lr=0.001 do=0.4 act=ReLU",0.9685714273612268,0.012213492110739299
concat_pca208,"MLP (512, 512) lr=0.001 do=0.0 act=GELU",0.9685713351100613,0.00730364670127287
concat_pca208,"MLP (256,) lr=0.001 do=0.2 act=GELU",0.9685713351100613,0.00730364670127287
concat_pca208,"MLP (512, 128) lr=0.001 do=0.4 act=GELU",0.9685713351100613,0.00730364670127287
concat_pca208,"MLP (256, 1024) lr=0.001 do=0.0 act=GELU",0.9685713351100613,0.00730364670127287
concat_pca208,"MLP (512, 128) lr=0.001 do=0.0 act=ReLU",0.9685713351100613,0.00730364670127287
concat_pca208,"MLP (1024,) lr=0.001 do=0.0 act=GELU",0.9685713351100613,0.00730364670127287
concat_pca208,"MLP (256,) lr=0.001 do=0.4 act=GELU",0.9685713351100613,0.00730364670127287
concat_pca208,"MLP (512, 256) lr=0.001 do=0.0 act=GELU",0.9685713351100613,0.00730364670127287
concat_pca208,"MLP (256,) lr=0.001 do=0.2 act=ReLU",0.9685713351100613,0.00730364670127287
concat_pca208,"MLP (512, 128, 128) lr=0.001 do=0.2 act=ReLU",0.9685713351100613,0.00730364670127287
concat_pca208,"MLP (1024, 1024, 128) lr=0.001 do=0.0 act=GELU",0.9685690327542307,0.0024196875407083707
concat_pca208,"MLP (128, 128, 256) lr=0.0001 do=0.0 act=GELU",0.9685690327542307,0.0024196875407083707
concat_pca208,"MLP (512, 256, 256) lr=0.001 do=0.0 act=ReLU",0.9685640001925537,0.016951256261891312
concat_pca208,"MLP (512, 128) lr=0.001 do=0.2 act=ReLU",0.968558106180804,0.002430614114134977
concat_pca208,"MLP (1024, 512) lr=0.001 do=0.0 act=GELU",0.968558106180804,0.002430614114134977
concat_pca208,"MLP (1024, 1024) lr=0.001 do=0.0 act=GELU",0.968558106180804,0.002430614114134977
concat_pca208,"MLP (128, 128, 256) lr=0.001 do=0.4 act=GELU",0.968558106180804,0.002430614114134977
concat_pca208,"MLP (128, 512, 1024) lr=0.001 do=0.0 act=GELU",0.968558106180804,0.002430614114134977
concat_pca208,"MLP (512, 128) lr=0.0001 do=0.2 act=GELU",0.968558106180804,0.002430614114134977
concat_pca208,"MLP (512, 128, 256) lr=0.0001 do=0.2 act=GELU",0.9685546569975766,0.01223026247438952
concat_pca208,"MLP (512, 128, 256) lr=0.0001 do=0.4 act=GELU",0.9685546569975766,0.01223026247438952
concat_pca208,"MLP (512, 512, 1024) lr=0.001 do=0.4 act=ReLU",0.9685546569975766,0.01223026247438952
concat_pca208,"MLP (512, 512, 1024) lr=0.001 do=0.4 act=GELU",0.9685546569975766,0.01223026247438952
concat_pca208,"MLP (512, 256, 1024) lr=0.001 do=0.0 act=ReLU",0.9685544220196614,0.007320559791672954
concat_pca208,"MLP (256, 128, 256) lr=0.001 do=0.2 act=GELU",0.9685510887159663,0.012160444104167778
concat_pca208,"MLP (512, 512, 1024) lr=0.001 do=0.2 act=GELU",0.9685508554275769,0.012160677392557218
concat_pca208,"MLP (128, 128, 256) lr=0.0001 do=0.0 act=ReLU",0.9685472859895272,0.00239794077600497
concat_pca208,"MLP (128, 1024, 128) lr=0.001 do=0.2 act=ReLU",0.9685472859895272,0.00239794077600497
concat_pca208,"MLP (128, 512, 1024) lr=0.001 do=0.4 act=GELU",0.9685472859895272,0.00239794077600497
concat_pca208,"MLP (256, 1024) lr=0.001 do=0.4 act=GELU",0.9685465972651206,0.012238322206845453
concat_pca208,"MLP (256, 1024, 256) lr=0.001 do=0.4 act=ReLU",0.9685453462799698,0.012239573191996311
concat_pca208,"MLP (256, 512, 128) lr=0.001 do=0.2 act=GELU",0.9685427956951209,0.012168737125013152
concat_pca208,"MLP (128, 256, 512) lr=0.001 do=0.4 act=GELU",0.9685363594161006,0.002408867349431576
concat_pca208,"MLP (512, 256) lr=0.001 do=0.4 act=ReLU",0.9685347340353108,0.012176798784823306
concat_pca208,"MLP (512, 256) lr=0.001 do=0.4 act=GELU",0.9685347340353108,0.012176798784823306
concat_pca208,"MLP (128, 256, 256) lr=0.001 do=0.0 act=GELU",0.9685324568371716,0.007342524974162656
concat_pca208,"MLP (512, 1024, 256) lr=0.001 do=0.4 act=GELU",0.9685295899962009,0.007345391815133384
concat_pca208,"MLP (512, 1024, 1024) lr=0.001 do=0.4 act=ReLU",0.9685295899962009,0.007345391815133384
concat_pca208,"MLP (128, 512, 128) lr=0.001 do=0.4 act=ReLU",0.9685261266856978,0.012258792786268291
concat_pca208,"MLP (256, 128, 256) lr=0.0001 do=0.0 act=ReLU",0.9685230487041816,0.0169922077502635
concat_pca208,"MLP (1024, 128, 256) lr=0.0001 do=0.0 act=GELU",0.9685227933820029,0.017098677098763115
concat_pca208,"MLP (256, 1024, 256) lr=0.0001 do=0.2 act=GELU",0.9685227933820029,0.017098677098763115
concat_pca208,"MLP (256, 1024, 256) lr=0.0001 do=0.0 act=GELU",0.9685227933820029,0.017098677098763115
concat_pca208,"MLP (256, 1024, 256) lr=0.0001 do=0.0 act=ReLU",0.9685227933820029,0.017098677098763115
concat_pca208,"MLP (256, 512, 256) lr=0.0001 do=0.4 act=GELU",0.9685227933820029,0.017098677098763115
concat_pca208,"MLP (512, 128, 128) lr=0.001 do=0.0 act=GELU",0.9685215302637451,0.007353451547589207
concat_pca208,"MLP (256, 128, 256) lr=0.001 do=0.4 act=GELU",0.9685099039392047,0.01220162888092946
concat_pca208,"MLP (1024, 1024, 256) lr=0.001 do=0.4 act=GELU",0.9685099039392047,0.01220162888092946
concat_pca208,"MLP (128, 1024, 1024) lr=0.001 do=0.2 act=GELU",0.9684947998155227,0.002459510710622337
concat_pca208,"MLP (512, 1024, 512) lr=0.001 do=0.0 act=GELU",0.9684790945018324,0.007395887309501803
meta_dino+bio,"MLP (1024, 256, 128) lr=0.001 do=0.0 act=GELU",0.966944464094291,0.002914191306533198
meta_dino+bio,RF n=500 max_f=sqrt,0.966944464094291,0.002914191306533198
meta_dino+bio,"MLP (1024, 512, 256) lr=0.001 do=0.0 act=GELU",0.966944464094291,0.002914191306533198
meta_dino+bio,"MLP (512, 1024, 128) lr=0.001 do=0.2 act=GELU",0.966944464094291,0.002914191306533198
meta_dino+bio,"MLP (1024, 512, 1024) lr=0.001 do=0.0 act=GELU",0.966944464094291,0.002914191306533198
meta_dino+bio,"MLP (1024, 512, 1024) lr=0.001 do=0.4 act=GELU",0.966944464094291,0.002914191306533198
meta_dino+bio,"MLP (1024, 512, 1024) lr=0.001 do=0.2 act=GELU",0.966944464094291,0.002914191306533198
meta_dino+bio,"MLP (1024, 1024, 256) lr=0.001 do=0.2 act=GELU",0.966944464094291,0.002914191306533198
meta_dino+bio,"MLP (1024, 1024, 256) lr=0.001 do=0.0 act=GELU",0.966944464094291,0.002914191306533198
meta_dino+bio,"MLP (1024, 1024, 256) lr=0.001 do=0.4 act=GELU",0.966944464094291,0.002914191306533198
meta_dino+bio,RF n=500 max_f=log2,0.966944464094291,0.002914191306533198
meta_dino+bio,"MLP (256, 1024, 512) lr=0.001 do=0.0 act=GELU",0.966944464094291,0.002914191306533198
meta_dino+bio,"MLP (256, 128, 256) lr=0.001 do=0.0 act=GELU",0.966944464094291,0.002914191306533198
meta_dino+bio,"MLP (512, 256, 128) lr=0.001 do=0.2 act=GELU",0.966944464094291,0.002914191306533198
meta_dino+bio,"MLP (512, 256, 128) lr=0.001 do=0.0 act=GELU",0.966944464094291,0.002914191306533198
meta_dino+bio,"MLP (256, 512, 256) lr=0.001 do=0.0 act=GELU",0.966944464094291,0.002914191306533198
meta_dino+bio,RF n=100 max_f=log2,0.966944464094291,0.002914191306533198
meta_dino+bio,RF n=300 max_f=sqrt,0.966944464094291,0.002914191306533198
meta_dino+bio,"MLP (256, 1024, 256) lr=0.001 do=0.0 act=GELU",0.966944464094291,0.002914191306533198
meta_dino+bio,"MLP (256, 512, 512) lr=0.001 do=0.2 act=GELU",0.966944464094291,0.002914191306533198
meta_dino+bio,"MLP (256, 1024, 512) lr=0.001 do=0.2 act=GELU",0.966944464094291,0.002914191306533198
meta_dino+bio,"MLP (256, 1024, 512) lr=0.001 do=0.4 act=GELU",0.966944464094291,0.002914191306533198
meta_dino+bio,"MLP (256, 512, 512) lr=0.001 do=0.0 act=GELU",0.966944464094291,0.002914191306533198
meta_dino+bio,RF n=300 max_f=log2,0.966944464094291,0.002914191306533198
meta_dino+bio,"MLP (128, 128, 128) lr=0.0001 do=0.2 act=ReLU",0.9669342513793671,0.0030840453604864537
meta_dino+bio,"MLP (256, 128) lr=0.0001 do=0.0 act=GELU",0.9669342513793671,0.0030840453604864537
meta_dino+bio,"MLP (128, 128) lr=0.0001 do=0.0 act=ReLU",0.9669342513793671,0.0030840453604864537
meta_dino+bio,"MLP (128, 128, 128) lr=0.0001 do=0.2 act=GELU",0.966910453593413,0.002880180805655219
meta_dino+bio,"MLP (128, 128, 128) lr=0.0001 do=0.0 act=GELU",0.9667831901536892,0.002752917365931362
meta_dino+bio,"MLP (256, 128, 128) lr=0.0001 do=0.4 act=GELU",0.9666647024633985,0.0031526913293202234
meta_dino+bio,"MLP (256, 128, 128) lr=0.0001 do=0.0 act=GELU",0.9666647024633985,0.0031526913293202234
meta_dino+bio,"MLP (256, 128, 256) lr=0.0001 do=0.4 act=GELU",0.9666647024633985,0.0031526913293202234
meta_dino+bio,"MLP (256, 128, 128) lr=0.0001 do=0.2 act=GELU",0.9666647024633985,0.0031526913293202234
meta_dino+bio,"MLP (128, 256, 256) lr=0.0001 do=0.4 act=GELU",0.9666647024633985,0.0031526913293202234
concat_pca208,SVM rbf C=1.0 g=0.001,0.966509787356102,0.009520556547891412
backbone_dinov2,"MLP (512, 1024, 512) lr=0.0001 do=0.0 act=ReLU",0.9664787032728268,0.014268674349550814
backbone_dinov2,"MLP (1024,) lr=0.0001 do=0.0 act=GELU",0.9664590739791843,0.009494283497145373
backbone_dinov2,"MLP (1024,) lr=0.0001 do=0.2 act=GELU",0.9664590739791843,0.009494283497145373
backbone_dinov2,"MLP (1024,) lr=0.0001 do=0.4 act=GELU",0.9664590739791843,0.009494283497145373
backbone_dinov2,"MLP (128, 256, 256) lr=0.001 do=0.0 act=GELU",0.9664442212860729,0.009509136190256895
concat_pca208,SVM rbf C=10.0 g=0.001,0.9664439443818907,0.009454713573680107
backbone_dinov2,"MLP (128, 512) lr=0.001 do=0.2 act=GELU",0.9664438301465031,0.019108512788497234
backbone_dinov2,"MLP (1024, 1024, 256) lr=0.0001 do=0.0 act=ReLU",0.966440344094313,0.014328886674917662
backbone_dinov2,"MLP (128, 256, 256) lr=0.0001 do=0.0 act=ReLU",0.966440344094313,0.014328886674917662
backbone_dinov2,"MLP (1024, 1024, 1024) lr=0.0001 do=0.4 act=ReLU",0.966440344094313,0.014328886674917662
backbone_dinov2,"MLP (128,) lr=0.0001 do=0.4 act=ReLU",0.966440344094313,0.014328886674917662
backbone_dinov2,"MLP (128,) lr=0.0001 do=0.2 act=ReLU",0.966440344094313,0.014328886674917662
backbone_dinov2,"MLP (1024, 1024, 256) lr=0.0001 do=0.4 act=ReLU",0.966440344094313,0.014328886674917662
backbone_dinov2,"MLP (128, 512, 128) lr=0.0001 do=0.2 act=ReLU",0.966440344094313,0.014328886674917662
backbone_dinov2,"MLP (256, 512, 512) lr=0.0001 do=0.2 act=GELU",0.966440344094313,0.014328886674917662
backbone_dinov2,"MLP (1024, 512, 1024) lr=0.0001 do=0.4 act=ReLU",0.966440344094313,0.014328886674917662
backbone_dinov2,"MLP (128,) lr=0.0001 do=0.4 act=GELU",0.966440344094313,0.014328886674917662
backbone_dinov2,"MLP (128, 512, 128) lr=0.0001 do=0.2 act=GELU",0.966440344094313,0.014328886674917662
backbone_dinov2,"MLP (1024, 512, 1024) lr=0.0001 do=0.0 act=ReLU",0.9664317403596295,0.009521617116700187
backbone_dinov2,"MLP (256, 512) lr=0.0001 do=0.0 act=GELU",0.9664317403596295,0.009521617116700187
backbone_dinov2,"MLP (1024, 1024) lr=0.0001 do=0.2 act=GELU",0.9664317403596295,0.009521617116700187
backbone_dinov2,"MLP (256, 512, 512) lr=0.0001 do=0.4 act=ReLU",0.9664317403596295,0.009521617116700187
backbone_dinov2,"MLP (128,) lr=0.0001 do=0.2 act=GELU",0.9664317403596295,0.009521617116700187
backbone_dinov2,"MLP (128, 256, 512) lr=0.0001 do=0.2 act=ReLU",0.9664317403596295,0.009521617116700187
backbone_dinov2,"MLP (128,) lr=0.0001 do=0.0 act=GELU",0.9664317403596295,0.009521617116700187
backbone_dinov2,"MLP (1024, 1024) lr=0.0001 do=0.0 act=GELU",0.9664317403596295,0.009521617116700187
backbone_dinov2,"MLP (1024, 1024) lr=0.0001 do=0.4 act=ReLU",0.9664317403596295,0.009521617116700187
backbone_dinov2,"MLP (128, 256, 128) lr=0.001 do=0.4 act=GELU",0.966431536813586,0.009521820662743763
backbone_dinov2,"MLP (512, 256, 256) lr=0.0001 do=0.4 act=GELU",0.966430500195091,0.019143695886762513
backbone_dinov2,"MLP (256, 128, 1024) lr=0.0001 do=0.0 act=ReLU",0.9664304480037977,0.009522909472531926
backbone_dinov2,"MLP (256, 256) lr=0.0001 do=0.4 act=ReLU",0.9664304480037977,0.009522909472531926
backbone_dinov2,"MLP (512, 128, 256) lr=0.0001 do=0.4 act=GELU",0.9664304480037977,0.009522909472531926
backbone_dinov2,"MLP (1024, 256, 128) lr=0.0001 do=0.0 act=ReLU",0.9664304480037977,0.009522909472531926
backbone_dinov2,"MLP (1024, 256, 256) lr=0.0001 do=0.2 act=GELU",0.9664304480037977,0.009522909472531926
backbone_dinov2,"MLP (1024, 128, 512) lr=0.0001 do=0.0 act=GELU",0.9664304480037977,0.009522909472531926
backbone_dinov2,"MLP (1024, 128, 512) lr=0.0001 do=0.0 act=ReLU",0.9664304480037977,0.009522909472531926
backbone_dinov2,"MLP (1024, 128, 512) lr=0.0001 do=0.2 act=GELU",0.9664304480037977,0.009522909472531926
backbone_dinov2,"MLP (1024, 512) lr=0.0001 do=0.2 act=ReLU",0.9664304480037977,0.009522909472531926
backbone_dinov2,"MLP (128, 1024) lr=0.0001 do=0.0 act=GELU",0.9664304480037977,0.009522909472531926
backbone_dinov2,"MLP (128, 128, 256) lr=0.0001 do=0.2 act=GELU",0.9664298217082794,0.0047240244455667435
backbone_dinov2,"MLP (256, 256) lr=0.001 do=0.2 act=ReLU",0.9664298217082794,0.0047240244455667435
backbone_dinov2,"MLP (128, 1024, 256) lr=0.0001 do=0.4 act=ReLU",0.9664294175208865,0.014317960101491112
backbone_dinov2,"MLP (128, 512, 1024) lr=0.0001 do=0.4 act=ReLU",0.9664294175208865,0.014317960101491112
backbone_dinov2,"MLP (128, 256, 512) lr=0.0001 do=0.0 act=GELU",0.9664294175208865,0.014317960101491112
backbone_dinov2,"MLP (128, 256, 128) lr=0.0001 do=0.2 act=GELU",0.9664294175208865,0.014317960101491112
backbone_dinov2,"MLP (128, 256, 512) lr=0.0001 do=0.0 act=ReLU",0.9664294175208865,0.014317960101491112
backbone_dinov2,"MLP (1024, 128, 512) lr=0.0001 do=0.4 act=ReLU",0.9664294175208865,0.014317960101491112
backbone_dinov2,"MLP (128, 1024, 256) lr=0.0001 do=0.4 act=GELU",0.9664294175208865,0.014317960101491112
backbone_dinov2,"MLP (1024, 512, 1024) lr=0.0001 do=0.0 act=GELU",0.9664294175208865,0.014317960101491112
backbone_dinov2,"MLP (512, 128, 1024) lr=0.0001 do=0.0 act=ReLU",0.9664294175208865,0.014317960101491112
backbone_dinov2,"MLP (1024, 512, 256) lr=0.0001 do=0.4 act=ReLU",0.9664294175208865,0.014317960101491112
backbone_dinov2,"MLP (256, 256, 128) lr=0.0001 do=0.4 act=GELU",0.9664294175208865,0.014317960101491112
backbone_dinov2,"MLP (256, 256, 128) lr=0.0001 do=0.2 act=ReLU",0.9664294175208865,0.014317960101491112
backbone_dinov2,"MLP (256, 256, 128) lr=0.0001 do=0.0 act=ReLU",0.9664294175208865,0.014317960101491112
backbone_dinov2,"MLP (512, 128, 1024) lr=0.0001 do=0.0 act=GELU",0.9664294175208865,0.014317960101491112
backbone_dinov2,"MLP (128, 512) lr=0.0001 do=0.2 act=ReLU",0.9664294175208865,0.014317960101491112
backbone_dinov2,"MLP (256, 512, 512) lr=0.0001 do=0.4 act=GELU",0.9664294175208865,0.014317960101491112
backbone_dinov2,"MLP (128, 512) lr=0.0001 do=0.2 act=GELU",0.9664294175208865,0.014317960101491112
backbone_dinov2,"MLP (512, 1024, 512) lr=0.0001 do=0.2 act=ReLU",0.9664294175208865,0.014317960101491112
backbone_dinov2,"MLP (512, 1024, 512) lr=0.0001 do=0.0 act=GELU",0.9664294175208865,0.014317960101491112
backbone_dinov2,"MLP (128, 256) lr=0.0001 do=0.0 act=GELU",0.9664294175208865,0.014317960101491112
backbone_dinov2,"MLP (512, 128, 1024) lr=0.0001 do=0.4 act=ReLU",0.9664294175208865,0.014317960101491112
backbone_dinov2,"MLP (512, 256, 256) lr=0.0001 do=0.4 act=ReLU",0.9664294175208865,0.014317960101491112
backbone_dinov2,"MLP (256, 128, 256) lr=0.001 do=0.0 act=GELU",0.9664294175208865,0.014317960101491112
backbone_dinov2,"MLP (128,) lr=0.001 do=0.4 act=ReLU",0.9664294175208865,0.014317960101491112
backbone_dinov2,"MLP (512, 1024, 1024) lr=0.0001 do=0.0 act=ReLU",0.9664294175208865,0.014317960101491112
backbone_dinov2,"MLP (256, 512) lr=0.0001 do=0.4 act=GELU",0.9664294175208865,0.014317960101491112
backbone_dinov2,"MLP (128, 128, 512) lr=0.0001 do=0.0 act=GELU",0.9664294175208865,0.014317960101491112
backbone_dinov2,"MLP (256, 256, 128) lr=0.0001 do=0.4 act=ReLU",0.9664294175208865,0.014317960101491112
backbone_dinov2,"MLP (512, 512) lr=0.001 do=0.4 act=ReLU",0.9664216929143639,0.014336629874588558
backbone_dinov2,"MLP (256, 256) lr=0.001 do=0.2 act=GELU",0.9664195214303711,0.009511982899105265
backbone_dinov2,"MLP (128, 512, 512) lr=0.001 do=0.0 act=ReLU",0.96641642387712,0.014330953745257613
backbone_dinov2,"MLP (128, 256, 512) lr=0.001 do=0.0 act=GELU",0.96641642387712,0.014330953745257613
backbone_dinov2,"MLP (128, 512, 512) lr=0.0001 do=0.2 act=GELU",0.96641642387712,0.014330953745257613
backbone_dinov2,"MLP (512, 256, 256) lr=0.0001 do=0.0 act=ReLU",0.96641642387712,0.014330953745257613
backbone_dinov2,"MLP (128, 256, 512) lr=0.001 do=0.2 act=GELU",0.9664148003423977,0.023964361052078553
backbone_dinov2,"MLP (128,) lr=0.001 do=0.2 act=ReLU",0.966409788227244,0.00954356924908567
backbone_dinov2,"MLP (256, 128, 1024) lr=0.0001 do=0.4 act=GELU",0.966409788227244,0.00954356924908567
backbone_dinov2,"MLP (512, 256, 256) lr=0.001 do=0.0 act=ReLU",0.966409788227244,0.00954356924908567
backbone_dinov2,"MLP (256, 1024, 256) lr=0.001 do=0.0 act=ReLU",0.9664080731219375,0.0047457730319085956
backbone_dinov2,"MLP (512, 256, 256) lr=0.0001 do=0.2 act=GELU",0.9664053983181611,0.014363832451069591
backbone_dinov2,"MLP (1024, 256, 1024) lr=0.0001 do=0.4 act=GELU",0.9664003388467519,0.019173857235101566
concat_raw,"MLP (256, 128, 1024) lr=0.001 do=0.2 act=GELU",0.9664001603257644,0.004866873085640044
backbone_dinov2,"MLP (128, 512, 1024) lr=0.0001 do=0.2 act=ReLU",0.9663988486037132,0.009488725360783823
backbone_dinov2,"MLP (128, 1024) lr=0.0001 do=0.4 act=GELU",0.9663975562478815,0.009490017716615562
backbone_dinov2,"MLP (512, 128, 256) lr=0.001 do=0.2 act=ReLU",0.9663975562478815,0.009490017716615562
backbone_dinov2,"MLP (128, 128, 256) lr=0.0001 do=0.4 act=GELU",0.9663975562478815,0.009490017716615562
backbone_dinov2,"MLP (1024, 128, 512) lr=0.0001 do=0.2 act=ReLU",0.9663975562478815,0.009490017716615562
backbone_dinov2,"MLP (256, 256, 128) lr=0.0001 do=0.2 act=GELU",0.9663975562478815,0.009490017716615562
backbone_dinov2,"MLP (256, 512, 256) lr=0.001 do=0.0 act=ReLU",0.9663967945834776,0.009556562892852116
backbone_dinov2,"MLP (256, 256, 128) lr=0.001 do=0.2 act=GELU",0.9663944717447346,0.01435290587764304
backbone_dinov2,"MLP (128, 512) lr=0.001 do=0.0 act=ReLU",0.9663944717447346,0.01435290587764304
concat_raw,"MLP (256, 1024, 256) lr=0.001 do=0.0 act=GELU",0.9663894710744512,0.004856183834326899
concat_raw,"MLP (128, 512, 512) lr=0.001 do=0.2 act=ReLU",0.9663894710744512,0.004856183834326899
concat_raw,"MLP (128, 512, 512) lr=0.0001 do=0.2 act=ReLU",0.9663888295960111,0.00967686963892711
concat_raw,"MLP (512, 256, 128) lr=0.001 do=0.4 act=ReLU",0.9663888295960111,0.00967686963892711
concat_raw,"MLP (256, 128, 1024) lr=0.001 do=0.4 act=ReLU",0.9663872472212405,0.00010364612877450385
backbone_dinov2,"MLP (256,) lr=0.001 do=0.4 act=GELU",0.9663862625287809,0.014361115093596721
backbone_dinov2,"MLP (256, 512, 128) lr=0.001 do=0.0 act=ReLU",0.9663862625287809,0.014361115093596721
backbone_dinov2,"MLP (128, 1024) lr=0.0001 do=0.2 act=GELU",0.9663862199750844,0.004723919885055494
backbone_dinov2,"MLP (512, 512, 128) lr=0.0001 do=0.2 act=GELU",0.9663834158199325,0.014385814949298248
backbone_dinov2,"MLP (512, 512, 512) lr=0.0001 do=0.0 act=ReLU",0.9663834158199325,0.014385814949298248
backbone_dinov2,"MLP (512, 1024, 256) lr=0.001 do=0.4 act=ReLU",0.9663834158199325,0.014385814949298248
backbone_dinov2,"MLP (1024, 1024, 1024) lr=0.0001 do=0.2 act=ReLU",0.9663834158199325,0.014385814949298248
backbone_dinov2,"MLP (512,) lr=0.001 do=0.2 act=GELU",0.9663834158199325,0.014385814949298248
backbone_dinov2,"MLP (1024, 1024, 256) lr=0.0001 do=0.0 act=GELU",0.9663834158199325,0.014385814949298248
backbone_dinov2,"MLP (128, 256, 1024) lr=0.001 do=0.0 act=GELU",0.9663834158199325,0.014385814949298248
backbone_dinov2,"MLP (1024, 1024, 512) lr=0.0001 do=0.0 act=ReLU",0.9663834158199325,0.014385814949298248
backbone_dinov2,"MLP (512, 256, 1024) lr=0.0001 do=0.4 act=GELU",0.9663834158199325,0.014385814949298248
backbone_dinov2,"MLP (512, 512, 256) lr=0.0001 do=0.4 act=ReLU",0.9663834158199325,0.014385814949298248
backbone_dinov2,"MLP (512, 512, 256) lr=0.0001 do=0.2 act=GELU",0.9663834158199325,0.014385814949298248
backbone_dinov2,"MLP (512, 512, 256) lr=0.0001 do=0.2 act=ReLU",0.9663834158199325,0.014385814949298248
backbone_dinov2,"MLP (512, 512, 512) lr=0.0001 do=0.0 act=GELU",0.9663834158199325,0.014385814949298248
backbone_dinov2,"MLP (512, 256) lr=0.0001 do=0.2 act=GELU",0.9663834158199325,0.014385814949298248
backbone_dinov2,"MLP (256, 256, 512) lr=0.0001 do=0.2 act=ReLU",0.9663834158199325,0.014385814949298248
backbone_dinov2,"MLP (256, 128, 512) lr=0.0001 do=0.0 act=GELU",0.9663834158199325,0.014385814949298248
backbone_dinov2,"MLP (1024, 512, 512) lr=0.0001 do=0.2 act=ReLU",0.9663834158199325,0.014385814949298248
backbone_dinov2,"MLP (512, 1024, 256) lr=0.0001 do=0.4 act=GELU",0.9663834158199325,0.014385814949298248
backbone_dinov2,"MLP (128, 1024, 128) lr=0.0001 do=0.2 act=ReLU",0.9663830061182809,0.019191189963572608
backbone_dinov2,"MLP (256,) lr=0.0001 do=0.0 act=GELU",0.9663830061182809,0.019191189963572608
backbone_dinov2,"MLP (256,) lr=0.0001 do=0.2 act=ReLU",0.9663830061182809,0.019191189963572608
backbone_dinov2,"MLP (128, 1024, 128) lr=0.0001 do=0.0 act=ReLU",0.9663830061182809,0.019191189963572608
backbone_dinov2,"MLP (1024, 1024) lr=0.0001 do=0.4 act=GELU",0.9663771830611398,0.00957617441518982
backbone_dinov2,"MLP (256, 1024, 1024) lr=0.0001 do=0.2 act=ReLU",0.9663768964713277,0.009510677493169306
backbone_dinov2,"MLP (512, 1024) lr=0.0001 do=0.0 act=GELU",0.9663748120852489,0.009578545391080773
backbone_dinov2,"MLP (1024, 128) lr=0.001 do=0.2 act=ReLU",0.9663748120852489,0.009578545391080773
backbone_dinov2,"MLP (256, 1024) lr=0.0001 do=0.0 act=ReLU",0.9663748120852489,0.009578545391080773
backbone_dinov2,"MLP (1024, 128, 128) lr=0.001 do=0.4 act=GELU",0.9663748120852489,0.009578545391080773
backbone_dinov2,"MLP (256, 128, 128) lr=0.001 do=0.2 act=ReLU",0.9663748120852489,0.009578545391080773
backbone_dinov2,"MLP (512, 256, 128) lr=0.0001 do=0.0 act=GELU",0.9663748120852489,0.009578545391080773
backbone_dinov2,"MLP (256, 512, 256) lr=0.0001 do=0.4 act=ReLU",0.9663748120852489,0.009578545391080773
backbone_dinov2,"MLP (128, 128, 256) lr=0.001 do=0.0 act=GELU",0.9663748120852489,0.009578545391080773
backbone_dinov2,"MLP (256, 1024, 256) lr=0.0001 do=0.2 act=GELU",0.9663748120852489,0.009578545391080773
backbone_dinov2,"MLP (1024, 512) lr=0.0001 do=0.2 act=GELU",0.9663748120852489,0.009578545391080773
backbone_dinov2,"MLP (256,) lr=0.001 do=0.2 act=GELU",0.9663748120852489,0.009578545391080773
backbone_dinov2,"MLP (256, 128) lr=0.001 do=0.4 act=ReLU",0.9663748120852489,0.009578545391080773
backbone_dinov2,"MLP (256, 128) lr=0.001 do=0.0 act=ReLU",0.9663748120852489,0.009578545391080773
backbone_dinov2,"MLP (256, 128) lr=0.001 do=0.0 act=GELU",0.9663748120852489,0.009578545391080773
backbone_dinov2,"MLP (1024, 256, 256) lr=0.0001 do=0.0 act=ReLU",0.9663748120852489,0.009578545391080773
backbone_dinov2,"MLP (256, 1024) lr=0.0001 do=0.0 act=GELU",0.9663748120852489,0.009578545391080773
backbone_dinov2,"MLP (512,) lr=0.001 do=0.0 act=GELU",0.9663748120852489,0.009578545391080773
backbone_dinov2,"MLP (128, 512, 256) lr=0.0001 do=0.0 act=GELU",0.9663748120852489,0.009578545391080773
backbone_dinov2,"MLP (256, 256, 1024) lr=0.001 do=0.4 act=GELU",0.9663746085392053,0.009578748937124404
backbone_dinov2,"MLP (512, 512, 1024) lr=0.0001 do=0.2 act=GELU",0.9663746085392053,0.009578748937124404
backbone_dinov2,"MLP (256, 128) lr=0.001 do=0.2 act=GELU",0.9663741857897306,0.004779660364115645
backbone_dinov2,"MLP (1024, 1024, 1024) lr=0.0001 do=0.0 act=GELU",0.966372489246506,0.014374888375871697
backbone_dinov2,"MLP (512, 512, 512) lr=0.0001 do=0.4 act=ReLU",0.966372489246506,0.014374888375871697
backbone_dinov2,"MLP (512, 256) lr=0.0001 do=0.4 act=ReLU",0.966372489246506,0.014374888375871697
backbone_dinov2,"MLP (512, 1024, 1024) lr=0.0001 do=0.0 act=GELU",0.966372489246506,0.014374888375871697
backbone_dinov2,"MLP (128, 1024, 512) lr=0.0001 do=0.0 act=GELU",0.966372489246506,0.014374888375871697
backbone_dinov2,"MLP (512, 512, 512) lr=0.0001 do=0.4 act=GELU",0.966372489246506,0.014374888375871697
backbone_dinov2,"MLP (1024, 128) lr=0.001 do=0.0 act=GELU",0.966372489246506,0.014374888375871697
backbone_dinov2,"MLP (512, 1024, 1024) lr=0.0001 do=0.4 act=ReLU",0.966372489246506,0.014374888375871697
backbone_dinov2,"MLP (128, 256) lr=0.001 do=0.0 act=ReLU",0.966372489246506,0.014374888375871697
backbone_dinov2,"MLP (256, 256, 256) lr=0.0001 do=0.2 act=GELU",0.966372489246506,0.014374888375871697
backbone_dinov2,"MLP (256, 128, 512) lr=0.001 do=0.0 act=GELU",0.966372489246506,0.014374888375871697
backbone_dinov2,"MLP (128, 1024, 512) lr=0.0001 do=0.4 act=GELU",0.966372489246506,0.014374888375871697
backbone_dinov2,"MLP (128, 1024, 512) lr=0.0001 do=0.4 act=ReLU",0.966372489246506,0.014374888375871697
backbone_dinov2,"MLP (512, 128, 1024) lr=0.001 do=0.2 act=GELU",0.966372489246506,0.014374888375871697
backbone_dinov2,"MLP (512, 128, 512) lr=0.0001 do=0.4 act=ReLU",0.966372489246506,0.014374888375871697
backbone_dinov2,"MLP (256, 512, 128) lr=0.0001 do=0.2 act=ReLU",0.966372489246506,0.014374888375871697
backbone_dinov2,"MLP (256, 512, 128) lr=0.0001 do=0.0 act=GELU",0.966372489246506,0.014374888375871697
backbone_dinov2,"MLP (512, 128, 256) lr=0.001 do=0.0 act=GELU",0.966372489246506,0.014374888375871697
backbone_dinov2,"MLP (128, 1024) lr=0.001 do=0.2 act=ReLU",0.966372489246506,0.014374888375871697
backbone_dinov2,"MLP (256, 256, 1024) lr=0.0001 do=0.2 act=GELU",0.966372489246506,0.014374888375871697
backbone_dinov2,"MLP (128, 1024) lr=0.001 do=0.2 act=GELU",0.966372489246506,0.014374888375871697
backbone_dinov2,"MLP (256, 1024, 1024) lr=0.0001 do=0.4 act=ReLU",0.966372489246506,0.014374888375871697
backbone_dinov2,"MLP (512, 512, 1024) lr=0.0001 do=0.0 act=GELU",0.966372489246506,0.014374888375871697
backbone_dinov2,"MLP (512, 1024, 256) lr=0.0001 do=0.4 act=ReLU",0.966372489246506,0.014374888375871697
backbone_dinov2,"MLP (512, 512, 1024) lr=0.0001 do=0.0 act=ReLU",0.966372489246506,0.014374888375871697
backbone_dinov2,"MLP (512, 512, 128) lr=0.0001 do=0.0 act=GELU",0.966372489246506,0.014374888375871697
backbone_dinov2,"MLP (512, 1024) lr=0.0001 do=0.2 act=GELU",0.966372489246506,0.014374888375871697
backbone_dinov2,"MLP (1024, 128, 256) lr=0.0001 do=0.0 act=GELU",0.966372489246506,0.014374888375871697
backbone_dinov2,"MLP (512, 1024, 1024) lr=0.0001 do=0.2 act=GELU",0.966372489246506,0.014374888375871697
backbone_dinov2,"MLP (1024, 128, 1024) lr=0.0001 do=0.2 act=GELU",0.966372489246506,0.014374888375871697
backbone_dinov2,"MLP (512, 256, 1024) lr=0.0001 do=0.4 act=ReLU",0.966372489246506,0.014374888375871697
backbone_dinov2,"MLP (512, 128, 512) lr=0.0001 do=0.0 act=ReLU",0.966372489246506,0.014374888375871697
backbone_dinov2,"MLP (512, 128, 512) lr=0.001 do=0.2 act=ReLU",0.966372489246506,0.014374888375871697
backbone_dinov2,"MLP (256, 128, 128) lr=0.001 do=0.0 act=ReLU",0.966372489246506,0.014374888375871697
backbone_dinov2,"MLP (512, 256, 1024) lr=0.0001 do=0.2 act=GELU",0.966372489246506,0.014374888375871697
backbone_dinov2,"MLP (512, 256, 1024) lr=0.0001 do=0.2 act=ReLU",0.966372489246506,0.014374888375871697
backbone_dinov2,"MLP (512, 256, 1024) lr=0.0001 do=0.0 act=ReLU",0.966372489246506,0.014374888375871697
backbone_dinov2,"MLP (1024, 512, 512) lr=0.0001 do=0.0 act=GELU",0.966372489246506,0.014374888375871697
backbone_dinov2,"MLP (256, 1024) lr=0.0001 do=0.4 act=ReLU",0.966372489246506,0.014374888375871697
backbone_dinov2,"MLP (512, 128) lr=0.001 do=0.0 act=ReLU",0.966372489246506,0.014374888375871697
backbone_dinov2,"MLP (256, 1024) lr=0.0001 do=0.4 act=GELU",0.966372489246506,0.014374888375871697
backbone_dinov2,"MLP (256,) lr=0.001 do=0.0 act=GELU",0.966372489246506,0.014374888375871697
backbone_dinov2,"MLP (128, 128, 128) lr=0.001 do=0.0 act=GELU",0.966372489246506,0.014374888375871697
backbone_dinov2,"MLP (256, 1024, 128) lr=0.0001 do=0.0 act=GELU",0.966372489246506,0.014374888375871697
backbone_dinov2,"MLP (256, 1024, 128) lr=0.0001 do=0.0 act=ReLU",0.966372489246506,0.014374888375871697
backbone_dinov2,"MLP (256, 512, 1024) lr=0.0001 do=0.4 act=GELU",0.966372489246506,0.014374888375871697
backbone_dinov2,"MLP (1024, 128) lr=0.0001 do=0.0 act=GELU",0.966372489246506,0.014374888375871697
backbone_dinov2,"MLP (1024, 128) lr=0.0001 do=0.0 act=ReLU",0.966372489246506,0.014374888375871697
backbone_dinov2,"MLP (128, 128, 128) lr=0.0001 do=0.0 act=ReLU",0.966372489246506,0.014374888375871697
backbone_dinov2,"MLP (512, 128, 512) lr=0.0001 do=0.4 act=GELU",0.966372489246506,0.014374888375871697
backbone_dinov2,"MLP (1024, 512, 512) lr=0.0001 do=0.2 act=GELU",0.966372489246506,0.014374888375871697
backbone_dinov2,"MLP (1024, 512, 256) lr=0.0001 do=0.0 act=GELU",0.966372489246506,0.014374888375871697
concat_raw,"MLP (256, 512, 256) lr=0.001 do=0.2 act=ReLU",0.9663691119930886,0.014481276237064966
concat_pca208,"MLP (128, 256, 1024) lr=0.001 do=0.0 act=ReLU",0.9663680699414943,0.004620650353444666
backbone_dinov2,"MLP (512, 1024, 256) lr=0.0001 do=0.2 act=GELU",0.966367715967239,0.019206480114614455
concat_raw,"MLP (256, 1024, 128) lr=0.001 do=0.0 act=GELU",0.9663676179275982,0.004878036981180001
concat_raw,"MLP (256, 1024, 128) lr=0.0001 do=0.4 act=ReLU",0.9663676179275982,0.004878036981180001
concat_raw,"MLP (256, 1024, 512) lr=0.0001 do=0.2 act=GELU",0.9663676179275982,0.004878036981180001
concat_raw,"MLP (512, 256) lr=0.0001 do=0.0 act=GELU",0.9663676179275982,0.004878036981180001
concat_raw,"MLP (128,) lr=0.0001 do=0.2 act=GELU",0.9663676179275982,0.004878036981180001
concat_raw,"MLP (128, 256, 128) lr=0.001 do=0.0 act=ReLU",0.9663676179275982,0.004878036981180001
concat_raw,"MLP (512, 256, 128) lr=0.001 do=0.2 act=ReLU",0.9663676179275982,0.004878036981180001
concat_raw,"MLP (512, 256, 128) lr=0.001 do=0.2 act=GELU",0.9663676179275982,0.004878036981180001
concat_raw,"MLP (512, 128, 128) lr=0.0001 do=0.2 act=GELU",0.9663676179275982,0.004878036981180001
concat_raw,"MLP (128, 256, 128) lr=0.001 do=0.0 act=GELU",0.9663676179275982,0.004878036981180001
concat_raw,"MLP (128, 512, 512) lr=0.0001 do=0.0 act=ReLU",0.9663676179275982,0.004878036981180001
concat_raw,"MLP (256, 256) lr=0.0001 do=0.2 act=GELU",0.9663676179275982,0.004878036981180001
concat_raw,"MLP (256, 256) lr=0.0001 do=0.2 act=ReLU",0.9663676179275982,0.004878036981180001
backbone_dinov2,"MLP (256, 1024, 512) lr=0.0001 do=0.2 act=GELU",0.9663639028275612,0.009523671136935752
concat_raw,"MLP (256, 256) lr=0.001 do=0.2 act=ReLU",0.9663572886578218,2.449009521399148e-05
concat_raw,"MLP (128, 256, 512) lr=0.001 do=0.0 act=ReLU",0.9663546129279238,0.009675730976069663
backbone_dinov2,"MLP (512, 1024, 1024) lr=0.001 do=0.4 act=GELU",0.966353639649268,0.014393737973109555
backbone_dinov2,"MLP (256, 512, 256) lr=0.001 do=0.0 act=GELU",0.966353639649268,0.014393737973109555
backbone_dinov2,"MLP (256, 128, 256) lr=0.001 do=0.0 act=ReLU",0.9663528599528635,0.009600497523466256
backbone_dinov2,"MLP (256, 1024) lr=0.001 do=0.0 act=GELU",0.9663528599528635,0.009600497523466256
backbone_dinov2,"MLP (512, 1024, 1024) lr=0.001 do=0.0 act=GELU",0.9663528599528635,0.009600497523466256
backbone_dinov2,"MLP (256, 1024, 128) lr=0.0001 do=0.4 act=GELU",0.9663528599528635,0.009600497523466256
backbone_dinov2,"MLP (256, 256, 1024) lr=0.0001 do=0.4 act=ReLU",0.9663528599528635,0.009600497523466256
backbone_dinov2,"MLP (256, 256, 1024) lr=0.0001 do=0.4 act=GELU",0.9663528599528635,0.009600497523466256
backbone_dinov2,"MLP (256, 512, 128) lr=0.0001 do=0.2 act=GELU",0.9663528599528635,0.009600497523466256
backbone_dinov2,"MLP (1024, 128, 256) lr=0.001 do=0.0 act=GELU",0.9663528599528635,0.009600497523466256
backbone_dinov2,"MLP (1024, 1024, 512) lr=0.0001 do=0.2 act=GELU",0.9663528599528635,0.009600497523466256
backbone_dinov2,"MLP (128, 1024, 128) lr=0.0001 do=0.4 act=GELU",0.9663528599528635,0.009600497523466256
backbone_dinov2,"MLP (512, 256, 1024) lr=0.001 do=0.0 act=ReLU",0.9663528599528635,0.009600497523466256
backbone_dinov2,"MLP (512, 512) lr=0.0001 do=0.4 act=GELU",0.9663528599528635,0.009600497523466256
backbone_dinov2,"MLP (1024,) lr=0.001 do=0.0 act=ReLU",0.9663528599528635,0.009600497523466256
backbone_dinov2,"MLP (1024, 128, 512) lr=0.001 do=0.2 act=GELU",0.9663528599528635,0.009600497523466256
backbone_dinov2,"MLP (1024, 128, 256) lr=0.0001 do=0.4 act=ReLU",0.9663528599528635,0.009600497523466256
backbone_dinov2,"MLP (256, 128, 256) lr=0.001 do=0.4 act=ReLU",0.9663528599528635,0.009600497523466256
backbone_dinov2,"MLP (1024, 256, 512) lr=0.001 do=0.4 act=ReLU",0.9663524372033887,0.0048014089504574975
concat_raw,"MLP (256, 1024, 256) lr=0.0001 do=0.4 act=GELU",0.9663442037569578,0.004944948324503984
concat_raw,"MLP (1024, 512) lr=0.0001 do=0.4 act=ReLU",0.9663442037569578,0.004944948324503984
backbone_dinov2,"MLP (256, 1024, 512) lr=0.001 do=0.0 act=ReLU",0.9663439452530327,0.009609412223296976
backbone_dinov2,"MLP (128, 1024, 1024) lr=0.001 do=0.4 act=GELU",0.9663419203293326,0.009545653635164408
backbone_dinov2,"MLP (512, 256, 128) lr=0.001 do=0.4 act=GELU",0.9663419203293326,0.009545653635164408
backbone_dinov2,"MLP (256, 512, 1024) lr=0.0001 do=0.2 act=GELU",0.9663419203293326,0.009545653635164408
backbone_dinov2,"MLP (256, 1024) lr=0.0001 do=0.2 act=ReLU",0.9663419203293326,0.009545653635164408
backbone_dinov2,"MLP (256, 1024, 512) lr=0.001 do=0.4 act=ReLU",0.966341716783289,0.00954585718120804
concat_raw,"MLP (1024, 128, 512) lr=0.001 do=0.2 act=GELU",0.9663347261716817,0.004910928737096365
concat_raw,"MLP (128, 1024) lr=0.001 do=0.4 act=GELU",0.9663327216724542,0.00973297756248398
concat_raw,"MLP (512, 512, 256) lr=0.0001 do=0.4 act=GELU",0.9663327216724542,0.00973297756248398
concat_raw,"MLP (128, 1024, 512) lr=0.001 do=0.4 act=GELU",0.9663327216724542,0.00973297756248398
backbone_dinov2,"MLP (256, 1024, 1024) lr=0.001 do=0.0 act=ReLU",0.966330392075608,0.004823454078238143
backbone_dinov2,"MLP (128, 512, 128) lr=0.001 do=0.0 act=GELU",0.9663288585214429,0.014440372247787825
backbone_dinov2,"MLP (1024, 512) lr=0.001 do=0.2 act=ReLU",0.9663288585214429,0.014440372247787825
backbone_dinov2,"MLP (512, 512, 1024) lr=0.0001 do=0.4 act=ReLU",0.9663288585214429,0.014440372247787825
backbone_dinov2,"MLP (1024, 256) lr=0.0001 do=0.4 act=GELU",0.9663288585214429,0.014440372247787825
backbone_dinov2,"MLP (128, 256, 1024) lr=0.001 do=0.0 act=ReLU",0.9663288585214429,0.014440372247787825
concat_pca208,"MLP (128, 128) lr=0.0001 do=0.4 act=ReLU",0.9663280243473347,0.004838443400916492
concat_pca208,"MLP (512, 512, 1024) lr=0.001 do=0.0 act=ReLU",0.9663276064118811,0.009547375399453217
backbone_dinov2,"MLP (512, 256) lr=0.001 do=0.2 act=ReLU",0.9663262204766392,0.014366318800480615
backbone_dinov2,"MLP (1024, 256) lr=0.001 do=0.4 act=GELU",0.9663234045313038,0.014434918257648699
backbone_dinov2,"MLP (128, 256, 256) lr=0.001 do=0.2 act=GELU",0.9663232470875693,0.009630110388760438
concat_raw,"MLP (256, 512, 1024) lr=0.001 do=0.0 act=ReLU",0.966322455170616,0.004923199738162132
concat_raw,"MLP (128, 512, 512) lr=0.001 do=0.0 act=ReLU",0.966322455170616,0.004923199738162132
concat_raw,"MLP (512,) lr=0.001 do=0.4 act=GELU",0.966322455170616,0.004923199738162132
concat_raw,"MLP (128, 128, 1024) lr=0.001 do=0.4 act=GELU",0.966322455170616,0.004923199738162132
concat_raw,"MLP (128, 1024, 128) lr=0.001 do=0.0 act=ReLU",0.966322455170616,0.004923199738162132
backbone_dinov2,"MLP (128, 512, 128) lr=0.0001 do=0.0 act=ReLU",0.9663218776874477,0.019252318394405776
concat_pca208,KNN k=20 metric=euclidean,0.966321305261497,6.002124675330567e-06
backbone_dinov2,"MLP (128, 128) lr=0.001 do=0.2 act=GELU",0.9663211277948699,0.014426249827507731
backbone_dinov2,"MLP (256, 512, 1024) lr=0.001 do=0.4 act=GELU",0.9663202547867593,0.009633102689570405
backbone_dinov2,"MLP (128, 512, 1024) lr=0.001 do=0.2 act=ReLU",0.9663202547867593,0.009633102689570405
backbone_dinov2,"MLP (1024, 128, 1024) lr=0.001 do=0.2 act=GELU",0.9663202547867593,0.009633102689570405
backbone_dinov2,"MLP (512, 512, 256) lr=0.001 do=0.2 act=GELU",0.9663199681969471,0.009567605767549892
backbone_dinov2,"MLP (256, 256, 1024) lr=0.001 do=0.4 act=ReLU",0.9663199681969471,0.009567605767549892
backbone_dinov2,"MLP (512, 512, 512) lr=0.001 do=0.4 act=ReLU",0.9663199681969471,0.009567605767549892
backbone_dinov2,"MLP (1024, 1024, 512) lr=0.0001 do=0.4 act=ReLU",0.9663187279429033,0.014450502826327483
backbone_dinov2,"MLP (1024, 1024, 512) lr=0.0001 do=0.2 act=ReLU",0.9663187279429033,0.014450502826327483
concat_raw,"MLP (128, 512, 512) lr=0.0001 do=0.2 act=GELU",0.9663184734494112,0.014540056622481201
concat_raw,"MLP (1024, 128, 1024) lr=0.001 do=0.4 act=GELU",0.9663184734494112,0.014540056622481201
backbone_dinov2,"MLP (512, 128, 128) lr=0.0001 do=0.0 act=GELU",0.9663180564262276,0.019256139655625892
backbone_dinov2,"MLP (512, 128, 128) lr=0.0001 do=0.2 act=GELU",0.9663180564262276,0.019256139655625892
backbone_dinov2,"MLP (128, 128, 512) lr=0.0001 do=0.0 act=ReLU",0.9663180564262276,0.019256139655625892
backbone_dinov2,"MLP (512, 128) lr=0.0001 do=0.2 act=GELU",0.9663180564262276,0.019256139655625892
backbone_dinov2,"MLP (256, 1024, 128) lr=0.001 do=0.4 act=GELU",0.9663180564262276,0.019256139655625892
backbone_dinov2,"MLP (1024, 128) lr=0.001 do=0.4 act=ReLU",0.9663179319480164,0.014429445674361274
concat_raw,"MLP (128, 1024, 128) lr=0.001 do=0.2 act=ReLU",0.9663150440069819,0.009715299897011587
backbone_dinov2,"MLP (128, 128) lr=0.0001 do=0.0 act=ReLU",0.9663149066816832,0.014454324087547599
concat_pca208,"MLP (256, 512) lr=0.0001 do=0.2 act=ReLU",0.9663143670903193,0.014536021139834321
concat_pca208,"MLP (1024, 512, 1024) lr=0.001 do=0.2 act=GELU",0.9663113919022313,0.004855075846019907
concat_raw,"MLP (256, 512, 512) lr=0.001 do=0.4 act=ReLU",0.9663108685256012,0.009754830709337081
concat_raw,"MLP (512, 256, 512) lr=0.0001 do=0.4 act=GELU",0.9663108685256012,0.009754830709337081
concat_raw,"MLP (512, 256, 128) lr=0.0001 do=0.2 act=ReLU",0.9663108685256012,0.009754830709337081
concat_raw,"MLP (1024,) lr=0.001 do=0.2 act=ReLU",0.9663108685256012,0.009754830709337081
concat_raw,"MLP (1024, 512) lr=0.001 do=0.4 act=GELU",0.9663108685256012,0.009754830709337081
concat_raw,"MLP (128, 128, 128) lr=0.0001 do=0.0 act=ReLU",0.9663108685256012,0.009754830709337081
concat_raw,"MLP (1024, 128, 128) lr=0.001 do=0.2 act=ReLU",0.9663108685256012,0.009754830709337081
concat_raw,"MLP (128, 128, 1024) lr=0.0001 do=0.2 act=GELU",0.9663108685256012,0.009754830709337081
concat_raw,"MLP (512, 1024) lr=0.0001 do=0.4 act=ReLU",0.9663108685256012,0.009754830709337081
concat_raw,"MLP (256, 128, 128) lr=0.001 do=0.4 act=GELU",0.9663108685256012,0.009754830709337081
concat_raw,"MLP (128, 1024, 128) lr=0.001 do=0.2 act=GELU",0.9663108685256012,0.009754830709337081
backbone_dinov2,"MLP (256, 128) lr=0.0001 do=0.0 act=GELU",0.9663099206621761,0.009643436814153528
backbone_dinov2,"MLP (256, 128) lr=0.0001 do=0.0 act=ReLU",0.9663099206621761,0.009643436814153528
backbone_dinov2,"MLP (256, 1024, 256) lr=0.0001 do=0.0 act=ReLU",0.9663078013694767,0.014439576252900932
backbone_dinov2,"MLP (256, 1024, 256) lr=0.0001 do=0.0 act=GELU",0.9663078013694767,0.014439576252900932
concat_raw,LDA solver=lsqr shrink=auto,0.9663041281957285,0.014480791276237637
backbone_dinov2,"MLP (512, 128) lr=0.0001 do=0.0 act=ReLU",0.9663039801082566,0.014443397514121048
backbone_dinov2,"MLP (512, 128) lr=0.001 do=0.0 act=GELU",0.9663039801082566,0.014443397514121048
concat_raw,"MLP (512, 512, 256) lr=0.001 do=0.0 act=GELU",0.9663039008374075,0.009769940239269748
concat_raw,"MLP (128, 512, 512) lr=0.001 do=0.4 act=ReLU",0.966297856435545,0.004947798473233123
concat_raw,"MLP (512, 128, 128) lr=0.001 do=0.4 act=GELU",0.966297856435545,0.004947798473233123
concat_raw,"MLP (1024, 256, 512) lr=0.001 do=0.0 act=GELU",0.966297856435545,0.004947798473233123
concat_raw,"MLP (256,) lr=0.001 do=0.2 act=ReLU",0.966297856435545,0.004947798473233123
backbone_dinov2,"MLP (256, 128) lr=0.0001 do=0.2 act=GELU",0.9662967758105179,0.01447245495871291
backbone_dinov2,"MLP (256, 128) lr=0.0001 do=0.2 act=ReLU",0.9662967758105179,0.01447245495871291
concat_raw,"MLP (256, 128, 256) lr=0.001 do=0.2 act=ReLU",0.9662931908601288,0.009737153043864688
concat_raw,"MLP (128, 512, 1024) lr=0.001 do=0.2 act=GELU",0.9662931908601288,0.009737153043864688
concat_raw,"MLP (128, 1024) lr=0.001 do=0.0 act=ReLU",0.9662931908601288,0.009737153043864688
backbone_dinov2,"MLP (1024, 256, 128) lr=0.001 do=0.2 act=GELU",0.9662929545492975,0.014476276219933137
backbone_dinov2,"MLP (1024, 128, 128) lr=0.001 do=0.2 act=GELU",0.9662929545492975,0.014476276219933137
concat_raw,"MLP (256, 256) lr=0.001 do=0.0 act=GELU",0.9662872434835974,4.555507901038425e-05
backbone_dinov2,"MLP (256, 512, 1024) lr=0.001 do=0.0 act=ReLU",0.9662870169786522,0.009666340497677561
backbone_dinov2,"MLP (1024, 256) lr=0.001 do=0.0 act=GELU",0.9662870169786522,0.009666340497677561
backbone_dinov2,"MLP (512, 512, 128) lr=0.001 do=0.4 act=GELU",0.9662870169786522,0.009666340497677561
backbone_dinov2,"MLP (512, 256, 512) lr=0.001 do=0.0 act=GELU",0.9662865942291773,0.004867251924668858
backbone_dinov2,"MLP (128, 1024, 1024) lr=0.0001 do=0.0 act=ReLU",0.9662858492370913,0.01446152838528636
concat_pca208,"MLP (128, 128, 256) lr=0.001 do=0.0 act=ReLU",0.9662823038089979,0.009592678002336319
backbone_dinov2,"MLP (128, 128) lr=0.001 do=0.0 act=GELU",0.966282027975871,0.014465349646506587
concat_pca208,"MLP (256, 512) lr=0.001 do=0.4 act=GELU",0.9662816327112256,0.014503286760740586
backbone_dinov2,"MLP (512, 128) lr=0.001 do=0.2 act=GELU",0.9662752465424789,0.004680721116864017
backbone_dinov2,"MLP (128, 256, 128) lr=0.001 do=0.2 act=GELU",0.9662732076450395,0.00961436631945739
backbone_dinov2,"MLP (128, 128, 256) lr=0.001 do=0.4 act=ReLU",0.9662689515059222,0.019305244575931246
backbone_dinov2,"MLP (1024, 1024, 512) lr=0.001 do=0.0 act=GELU",0.966267574274108,0.00951521184471077
concat_pca208,"MLP (256, 1024, 512) lr=0.001 do=0.0 act=GELU",0.966266044498185,0.009608937313149324
backbone_dinov2,"MLP (512, 128, 256) lr=0.001 do=0.0 act=ReLU",0.9662649494130671,0.019309246668786362
backbone_dinov2,"MLP (256, 256, 512) lr=0.001 do=0.2 act=GELU",0.9662644245295635,0.00471339627663242
backbone_dinov2,"MLP (128, 1024, 256) lr=0.001 do=0.4 act=ReLU",0.9662642397310373,0.014483137891340314
concat_raw,"MLP (1024, 128, 512) lr=0.001 do=0.0 act=GELU",0.9662626447485265,2.0956343939504407e-05
concat_raw,"MLP (256, 256, 1024) lr=0.001 do=0.0 act=ReLU",0.9662626447485265,2.0956343939504407e-05
concat_pca208,"MLP (256, 256) lr=0.0001 do=0.2 act=GELU",0.9662602991042124,0.009770044799780997
concat_pca208,RF n=500 max_f=log2,0.9662566121964047,0.004857356763950826
concat_pca208,"MLP (512, 1024, 128) lr=0.0001 do=0.0 act=GELU",0.9662565657098499,0.00961841610148445
concat_pca208,"MLP (512, 128, 512) lr=0.0001 do=0.0 act=GELU",0.9662565657098499,0.00961841610148445
concat_pca208,"MLP (256, 512, 256) lr=0.0001 do=0.2 act=GELU",0.9662542417634239,0.014530677708542217
concat_pca208,"MLP (256, 1024) lr=0.001 do=0.2 act=ReLU",0.9662542417634239,0.014530677708542217
concat_pca208,"MLP (512, 128, 512) lr=0.001 do=0.2 act=ReLU",0.9662482726890045,0.009626709122329824
concat_pca208,"MLP (1024, 256, 512) lr=0.001 do=0.4 act=GELU",0.9662481153121818,0.009692335257339868
concat_pca208,"MLP (256, 512) lr=0.001 do=0.2 act=ReLU",0.9662449393853095,0.014466593434824593
concat_pca208,"MLP (512, 128, 512) lr=0.0001 do=0.0 act=ReLU",0.9662449393853095,0.014466593434824593
concat_pca208,"MLP (256, 256, 512) lr=0.001 do=0.2 act=ReLU",0.9662440401256779,0.009630941685656369
backbone_dinov2,"MLP (1024, 1024) lr=0.001 do=0.2 act=GELU",0.9662423794017829,0.0047354414044130655
concat_raw,"MLP (1024, 256, 1024) lr=0.001 do=0.2 act=GELU",0.9662355474642745,0.009663110491296367
concat_pca208,"MLP (128, 512, 128) lr=0.0001 do=0.0 act=GELU",0.9662327198133212,0.009665938142249697
concat_pca208,"MLP (512, 256, 256) lr=0.001 do=0.4 act=ReLU",0.9662315660804079,0.01461882214974558
concat_pca208,"MLP (128, 512, 128) lr=0.001 do=0.0 act=ReLU",0.9662210899993111,0.004767630295627878
concat_pca208,"MLP (1024, 512) lr=0.001 do=0.0 act=ReLU",0.9662210899993111,0.004767630295627878
concat_pca208,"MLP (256, 128, 256) lr=0.001 do=0.0 act=ReLU",0.966217548437508,0.014493984382626224
concat_pca208,"MLP (512, 512, 512) lr=0.001 do=0.4 act=ReLU",0.9662163092768543,0.00968234867871659
concat_pca208,"MLP (1024, 128, 128) lr=0.001 do=0.0 act=GELU",0.9662153524369765,0.009725098132545129
concat_pca208,"MLP (128, 512) lr=0.0001 do=0.0 act=ReLU",0.9662034866790585,0.009695171276512315
concat_pca208,"MLP (128, 512, 1024) lr=0.001 do=0.2 act=GELU",0.9662007714108718,0.004744455354660448
concat_pca208,"MLP (256, 128, 256) lr=0.0001 do=0.2 act=GELU",0.9661986743244917,0.014651713905661834
concat_pca208,"MLP (256, 512) lr=0.0001 do=0.4 act=GELU",0.9661986743244917,0.014651713905661834
concat_pca208,"MLP (256, 512, 512) lr=0.0001 do=0.4 act=GELU",0.9661986743244917,0.014651713905661834
concat_pca208,"MLP (256, 512) lr=0.0001 do=0.0 act=ReLU",0.9661986743244917,0.014651713905661834
concat_pca208,"MLP (256, 512) lr=0.0001 do=0.2 act=GELU",0.9661986743244917,0.014651713905661834
concat_pca208,"MLP (256, 512, 512) lr=0.0001 do=0.0 act=GELU",0.9661986743244917,0.014651713905661834
concat_pca208,"MLP (256, 512) lr=0.0001 do=0.0 act=GELU",0.9661986743244917,0.014651713905661834
concat_pca208,"MLP (256, 512, 512) lr=0.0001 do=0.2 act=GELU",0.9661986743244917,0.014651713905661834
concat_pca208,"MLP (256, 512) lr=0.0001 do=0.4 act=ReLU",0.9661986743244917,0.014651713905661834
concat_pca208,"MLP (512, 512) lr=0.001 do=0.2 act=ReLU",0.966197020534344,0.009677961276990332
concat_pca208,"MLP (128, 1024, 512) lr=0.001 do=0.0 act=GELU",0.966197020534344,0.009677961276990332
concat_pca208,"MLP (256, 256) lr=0.0001 do=0.0 act=GELU",0.9661944561300011,0.009704201825569692
concat_pca208,"MLP (128, 128) lr=0.001 do=0.2 act=GELU",0.9661944561300011,0.009704201825569692
concat_pca208,"MLP (128, 128, 512) lr=0.0001 do=0.0 act=ReLU",0.9661944561300011,0.009704201825569692
concat_pca208,"MLP (128, 128, 512) lr=0.001 do=0.2 act=ReLU",0.9661944561300011,0.009704201825569692
concat_pca208,"MLP (128, 256, 128) lr=0.0001 do=0.0 act=ReLU",0.9661944561300011,0.009704201825569692
concat_pca208,"MLP (1024, 256, 256) lr=0.001 do=0.2 act=ReLU",0.9661944561300011,0.009704201825569692
concat_pca208,"MLP (128, 512, 256) lr=0.001 do=0.2 act=ReLU",0.966192573814708,0.00968240799662623
concat_pca208,"MLP (128, 128) lr=0.0001 do=0.0 act=ReLU",0.9661907719688583,0.01459414750310778
concat_pca208,"MLP (256, 256) lr=0.0001 do=0.2 act=ReLU",0.9661906145920358,0.014659773638117768
concat_pca208,"MLP (512, 256, 1024) lr=0.001 do=0.2 act=GELU",0.966190146325731,0.009750304243790697
concat_pca208,"MLP (1024, 256, 1024) lr=0.001 do=0.2 act=ReLU",0.9661888918562068,0.019454327210901012
concat_pca208,"MLP (256, 512, 512) lr=0.001 do=0.2 act=ReLU",0.9661879899852865,0.009686991826047708
concat_pca208,"MLP (128, 1024, 512) lr=0.001 do=0.0 act=ReLU",0.9661837916050866,0.004804928689852439
concat_pca208,"MLP (512, 512) lr=0.0001 do=0.0 act=GELU",0.9661826180578829,0.009692363753451394
concat_pca208,"MLP (1024,) lr=0.001 do=0.0 act=ReLU",0.9661826180578829,0.009692363753451394
concat_pca208,"MLP (1024,) lr=0.001 do=0.2 act=ReLU",0.9661826180578829,0.009692363753451394
concat_pca208,"MLP (1024, 512, 512) lr=0.001 do=0.4 act=ReLU",0.9661826180578829,0.009692363753451394
concat_pca208,"MLP (1024,) lr=0.001 do=0.2 act=GELU",0.9661826180578829,0.009692363753451394
concat_pca208,"MLP (512, 256, 128) lr=0.001 do=0.2 act=ReLU",0.9661826180578829,0.009692363753451394
concat_pca208,"MLP (512, 128, 512) lr=0.001 do=0.4 act=GELU",0.9661826180578829,0.009692363753451394
concat_pca208,"MLP (128, 256) lr=0.0001 do=0.4 act=ReLU",0.9661769066744093,1.6368904092456393e-05
concat_pca208,"MLP (256, 1024, 256) lr=0.001 do=0.0 act=GELU",0.9661747610560292,0.004813959238909871
concat_pca208,"MLP (128, 256, 128) lr=0.001 do=0.0 act=GELU",0.9661747610560292,0.004813959238909871
concat_pca208,"MLP (128, 1024, 128) lr=0.001 do=0.0 act=GELU",0.9661747610560292,0.004813959238909871
concat_pca208,"MLP (128, 512, 128) lr=0.001 do=0.0 act=GELU",0.9661747610560292,0.004813959238909871
concat_pca208,"MLP (128, 512) lr=0.0001 do=0.0 act=GELU",0.9661701266568374,0.004818593638101498
concat_pca208,"MLP (1024, 512) lr=0.001 do=0.4 act=ReLU",0.9661693891286254,0.004819331166313556
concat_pca208,"MLP (1024, 256, 128) lr=0.001 do=0.0 act=GELU",0.9661678796549554,0.004777347110576757
concat_pca208,"MLP (512, 256, 128) lr=0.001 do=0.4 act=GELU",0.9661659399453979,0.014618979526568154
concat_raw,RF n=300 max_f=log2,0.9661635990738942,0.009896265174464569
concat_raw,RF n=500 max_f=log2,0.9661635990738942,0.009896265174464569
concat_pca208,"MLP (128, 128, 512) lr=0.0001 do=0.0 act=GELU",0.9661610961077801,0.004827624187158874
concat_pca208,"MLP (512, 128) lr=0.001 do=0.0 act=GELU",0.9661610961077801,0.004827624187158874
concat_pca208,"MLP (1024, 512) lr=0.001 do=0.2 act=GELU",0.9661610961077801,0.004827624187158874
concat_pca208,"MLP (128, 128) lr=0.001 do=0.0 act=GELU",0.9661610961077801,0.004827624187158874
concat_pca208,"MLP (256, 256) lr=0.0001 do=0.0 act=ReLU",0.966157880212942,0.014627039259024033
concat_pca208,"MLP (256, 256, 128) lr=0.001 do=0.0 act=GELU",0.9661511520778377,0.00011586297293741943
concat_pca208,"MLP (512, 256, 512) lr=0.001 do=0.2 act=ReLU",0.966142712031675,0.014568820788459114
concat_pca208,"MLP (512, 256, 256) lr=0.0001 do=0.2 act=GELU",0.9661408729440224,0.009734108867311908
concat_pca208,"MLP (512, 256, 256) lr=0.001 do=0.2 act=GELU",0.9661401209126529,0.014593160493823087
concat_pca208,"MLP (128, 128, 256) lr=0.0001 do=0.2 act=ReLU",0.9661393493430768,0.0048058774224554734
concat_pca208,"MLP (128, 128, 256) lr=0.0001 do=0.4 act=GELU",0.9661393493430768,0.0048058774224554734
concat_pca208,"MLP (256, 256, 256) lr=0.001 do=0.4 act=ReLU",0.9661393493430768,0.0048058774224554734
concat_pca208,"MLP (256, 512, 512) lr=0.0001 do=0.2 act=ReLU",0.9661372522566967,0.014713135973456914
concat_pca208,"MLP (512, 256, 128) lr=0.001 do=0.0 act=ReLU",0.9661372349009212,0.004851485394017807
concat_pca208,"MLP (128,) lr=0.001 do=0.0 act=ReLU",0.9661311517469129,0.00974383006442131
concat_pca208,"MLP (256, 128, 128) lr=0.001 do=0.0 act=GELU",0.9661282043518638,0.004860515943075239
concat_pca208,"MLP (256, 512, 1024) lr=0.001 do=0.4 act=ReLU",0.9661282043518638,0.004860515943075239
concat_pca208,"MLP (1024, 1024, 128) lr=0.001 do=0.2 act=GELU",0.9661282043518638,0.004860515943075239
concat_pca208,"MLP (512, 128, 128) lr=0.001 do=0.0 act=ReLU",0.9661282043518638,0.004860515943075239
concat_pca208,"MLP (512, 128, 1024) lr=0.0001 do=0.0 act=GELU",0.9661282043518638,0.004860515943075239
concat_pca208,"MLP (1024, 128) lr=0.001 do=0.0 act=GELU",0.9661282043518638,0.004860515943075239
concat_pca208,"MLP (512, 1024, 512) lr=0.001 do=0.4 act=GELU",0.9661263710244561,0.014658548447510023
concat_pca208,"MLP (128, 1024, 256) lr=0.0001 do=0.0 act=GELU",0.966124520190721,0.009750461620613216
concat_pca208,"MLP (1024, 128, 128) lr=0.001 do=0.0 act=ReLU",0.9661243628138985,0.00981608775562326
concat_pca208,"MLP (256, 128, 256) lr=0.001 do=0.4 act=ReLU",0.9661243628138985,0.00981608775562326
concat_pca208,"MLP (256, 128, 256) lr=0.001 do=0.2 act=ReLU",0.9661211868870261,0.014590345933108095
concat_pca208,"MLP (1024, 256, 256) lr=0.001 do=0.2 act=GELU",0.966118385201532,0.014593147618602087
concat_pca208,"MLP (512, 256, 256) lr=0.001 do=0.2 act=ReLU",0.9661115262393789,0.009787131716191888
concat_pca208,"MLP (1024, 512, 1024) lr=0.001 do=0.4 act=GELU",0.9661075332215721,0.014603999598562067
concat_pca208,"MLP (256, 1024, 128) lr=0.001 do=0.4 act=ReLU",0.9661045178776029,0.01468040159436318
concat_pca208,"MLP (1024, 128, 128) lr=0.001 do=0.2 act=GELU",0.966103466506923,0.009795191448647822
concat_pca208,"MLP (512, 256, 256) lr=0.0001 do=0.0 act=ReLU",0.9660996881672607,0.00977529364407359
concat_pca208,"MLP (512, 512) lr=0.001 do=0.4 act=GELU",0.9660996881672607,0.00977529364407359
concat_pca208,"MLP (1024, 128, 1024) lr=0.001 do=0.2 act=ReLU",0.9660920187939591,0.019423237660485926
concat_pca208,"MLP (128, 256, 1024) lr=0.001 do=0.2 act=ReLU",0.9660918671425615,0.004896853152377534
concat_pca208,"MLP (256, 256) lr=0.001 do=0.2 act=GELU",0.9660916284348047,0.009783353376529524
concat_pca208,"MLP (512, 1024, 512) lr=0.001 do=0.2 act=GELU",0.9660908801444196,0.005029526098942028
concat_pca208,"MLP (256, 256) lr=0.001 do=0.0 act=GELU",0.966089326078974,0.004899394215965025
concat_pca208,"MLP (256, 1024, 256) lr=0.001 do=0.2 act=ReLU",0.9660837458934619,0.009791235917872287
concat_pca208,"MLP (256, 1024, 512) lr=0.001 do=0.4 act=GELU",0.966082804479693,0.014702114992273196
concat_pca208,"MLP (1024, 1024) lr=0.001 do=0.2 act=GELU",0.9660813905857847,4.610148088435295e-05
concat_pca208,"MLP (1024, 256) lr=0.001 do=0.0 act=GELU",0.9660783995055474,0.004910320789391576
concat_pca208,"MLP (512, 128) lr=0.0001 do=0.0 act=ReLU",0.9660783995055474,0.004910320789391576
concat_pca208,"MLP (512, 128) lr=0.0001 do=0.0 act=GELU",0.9660783995055474,0.004910320789391576
concat_pca208,"MLP (256, 256, 256) lr=0.001 do=0.0 act=GELU",0.9660783995055473,0.004910320789391687
concat_pca208,"MLP (256, 1024, 128) lr=0.001 do=0.0 act=GELU",0.9660678245516869,0.014643708268447186
concat_pca208,"MLP (512, 256, 512) lr=0.001 do=0.4 act=ReLU",0.9660678245516869,0.014643708268447186
concat_pca208,"MLP (512, 128, 256) lr=0.0001 do=0.0 act=GELU",0.9660382660994655,0.009836715711868671
concat_pca208,"MLP (128, 128, 128) lr=0.001 do=0.0 act=GELU",0.9660382660994655,0.009836715711868671
concat_pca208,"MLP (256, 512, 512) lr=0.001 do=0.4 act=ReLU",0.9660278610876835,0.00012148412583878887
concat_pca208,"MLP (256, 1024, 128) lr=0.001 do=0.2 act=GELU",0.9660032904055049,0.004941936360027321
concat_pca208,"MLP (1024, 512, 512) lr=0.001 do=0.0 act=GELU",0.9659228623178322,0.005160026025844033
concat_raw,NB var_smooth=1e-05,0.9644766129638581,0.016471440358790335
concat_raw,NB var_smooth=1e-09,0.9644766129638581,0.016471440358790335
concat_raw,NB var_smooth=1e-07,0.9644766129638581,0.016471440358790335
backbone_dinov2,SVM rbf C=10.0 g=scale,0.9641880867127719,0.006922053147368101
backbone_dinov2,"MLP (512, 1024, 512) lr=0.0001 do=0.4 act=ReLU",0.9641040702167614,0.016665160552469305
backbone_dinov2,"MLP (256, 512, 512) lr=0.0001 do=0.0 act=ReLU",0.9640935358786957,0.011859821597633935
backbone_dinov2,"MLP (512, 1024, 128) lr=0.0001 do=0.0 act=ReLU",0.9640816931998029,0.011871664276526861
backbone_dinov2,"MLP (1024,) lr=0.0001 do=0.0 act=ReLU",0.9640816931998029,0.011871664276526861
backbone_dinov2,"MLP (1024,) lr=0.0001 do=0.2 act=ReLU",0.9640816931998029,0.011871664276526861
concat_raw,"MLP (256, 1024, 512) lr=0.001 do=0.0 act=GELU",0.9640691329468953,0.007176521961882787
backbone_dinov2,"MLP (1024, 512, 256) lr=0.0001 do=0.2 act=GELU",0.9640547844648211,0.016714446304409603
backbone_dinov2,"MLP (1024, 512, 128) lr=0.001 do=0.4 act=ReLU",0.9640547844648211,0.016714446304409603
backbone_dinov2,"MLP (1024, 1024, 128) lr=0.0001 do=0.4 act=ReLU",0.9640461807301375,0.011907176746192183
backbone_dinov2,"MLP (256, 256, 512) lr=0.001 do=0.0 act=ReLU",0.9640448883743059,0.011908469102023811
backbone_dinov2,"MLP (1024, 512, 256) lr=0.001 do=0.0 act=ReLU",0.9640448883743059,0.011908469102023811
backbone_dinov2,"MLP (256, 512, 1024) lr=0.0001 do=0.2 act=ReLU",0.9640438578913946,0.016703519730983052
backbone_dinov2,"MLP (128,) lr=0.001 do=0.4 act=GELU",0.9640438578913946,0.016703519730983052
backbone_dinov2,"MLP (128,) lr=0.001 do=0.0 act=GELU",0.9640324074478626,0.011920950028467159
backbone_dinov2,"MLP (512, 128, 1024) lr=0.0001 do=0.2 act=ReLU",0.9640324074478626,0.011920950028467159
backbone_dinov2,"MLP (256, 512) lr=0.0001 do=0.0 act=ReLU",0.9640324074478626,0.011920950028467159
backbone_dinov2,"MLP (256, 256, 256) lr=0.0001 do=0.0 act=ReLU",0.9640324074478626,0.011920950028467159
backbone_dinov2,"MLP (1024, 256, 1024) lr=0.0001 do=0.4 act=ReLU",0.9640324074478626,0.011920950028467159
backbone_dinov2,"MLP (128, 512) lr=0.001 do=0.0 act=GELU",0.9640324074478626,0.011920950028467159
backbone_dinov2,"MLP (256, 1024, 512) lr=0.001 do=0.0 act=GELU",0.9640324074478626,0.011920950028467159
backbone_dinov2,"MLP (256, 512, 512) lr=0.0001 do=0.0 act=GELU",0.9640324074478626,0.011920950028467159
backbone_dinov2,"MLP (1024, 512, 256) lr=0.001 do=0.2 act=ReLU",0.9640324074478626,0.011920950028467159
backbone_dinov2,"MLP (1024, 1024, 128) lr=0.0001 do=0.2 act=GELU",0.9640324074478626,0.011920950028467159
backbone_dinov2,"MLP (128,) lr=0.001 do=0.0 act=ReLU",0.9640324074478626,0.011920950028467159
backbone_dinov2,"MLP (1024, 1024) lr=0.0001 do=0.2 act=ReLU",0.9640324074478626,0.011920950028467159
backbone_dinov2,"MLP (128, 128, 512) lr=0.001 do=0.0 act=GELU",0.9640324074478626,0.011920950028467159
backbone_dinov2,"MLP (1024, 1024) lr=0.0001 do=0.0 act=ReLU",0.9640324074478626,0.011920950028467159
backbone_dinov2,"MLP (128,) lr=0.0001 do=0.0 act=ReLU",0.9640324074478626,0.011920950028467159
backbone_dinov2,"MLP (128, 512, 128) lr=0.0001 do=0.4 act=GELU",0.9640324074478626,0.011920950028467159
backbone_dinov2,"MLP (128, 256, 512) lr=0.0001 do=0.2 act=GELU",0.9640324074478626,0.011920950028467159
backbone_dinov2,"MLP (128, 256, 256) lr=0.0001 do=0.2 act=GELU",0.9640324074478626,0.011920950028467159
backbone_dinov2,"MLP (1024, 1024, 128) lr=0.0001 do=0.0 act=ReLU",0.9640324074478626,0.011920950028467159
backbone_dinov2,"MLP (512, 128, 1024) lr=0.0001 do=0.2 act=GELU",0.9640324074478626,0.011920950028467159
backbone_dinov2,"MLP (1024, 512, 1024) lr=0.0001 do=0.4 act=GELU",0.9640324074478626,0.011920950028467159
backbone_dinov2,"MLP (1024, 256, 256) lr=0.001 do=0.0 act=GELU",0.964030692342556,0.007123153811290139
backbone_dinov2,"MLP (256, 128, 256) lr=0.0001 do=0.4 act=GELU",0.964030692342556,0.007123153811290139
backbone_dinov2,"MLP (128, 128, 128) lr=0.0001 do=0.2 act=GELU",0.964030692342556,0.007123153811290139
backbone_dinov2,"MLP (512, 128, 256) lr=0.0001 do=0.4 act=ReLU",0.964030692342556,0.007123153811290139
backbone_dinov2,"MLP (128, 128, 256) lr=0.001 do=0.0 act=ReLU",0.964030692342556,0.007123153811290139
backbone_dinov2,"MLP (256, 128, 1024) lr=0.001 do=0.0 act=GELU",0.9640225113573473,0.007114972826081367
backbone_dinov2,"MLP (512, 256, 256) lr=0.0001 do=0.2 act=ReLU",0.9640194138040961,0.01193394367223366
backbone_dinov2,"MLP (512, 512) lr=0.001 do=0.2 act=ReLU",0.9640194138040961,0.01193394367223366
backbone_dinov2,"MLP (256, 256, 128) lr=0.001 do=0.0 act=GELU",0.9640194138040961,0.01193394367223366
backbone_dinov2,"MLP (256, 256, 1024) lr=0.0001 do=0.0 act=ReLU",0.964017090965353,0.016730286657024585
backbone_dinov2,"MLP (256, 256, 128) lr=0.001 do=0.0 act=ReLU",0.964017090965353,0.016730286657024585
backbone_dinov2,"MLP (256, 256, 128) lr=0.001 do=0.2 act=ReLU",0.964017090965353,0.016730286657024585
backbone_dinov2,"MLP (128, 512, 512) lr=0.0001 do=0.0 act=GELU",0.964017090965353,0.016730286657024585
backbone_dinov2,"MLP (512, 256, 256) lr=0.0001 do=0.0 act=GELU",0.964017090965353,0.016730286657024585
backbone_dinov2,"MLP (128, 512, 512) lr=0.0001 do=0.4 act=ReLU",0.964017090965353,0.016730286657024585
backbone_dinov2,"MLP (128, 1024, 1024) lr=0.001 do=0.2 act=ReLU",0.964017090965353,0.016730286657024585
backbone_dinov2,"MLP (128, 512, 512) lr=0.0001 do=0.4 act=GELU",0.964017090965353,0.016730286657024585
backbone_dinov2,RF n=500 max_f=sqrt,0.9640167075951691,0.016741615193783366
backbone_dinov2,"MLP (256, 512, 512) lr=0.001 do=0.0 act=ReLU",0.9640135578506247,0.011939799625705017
backbone_dinov2,"MLP (128, 128, 1024) lr=0.001 do=0.2 act=ReLU",0.9640122654947931,0.011941091981536645
backbone_dinov2,"MLP (256, 128, 1024) lr=0.001 do=0.2 act=ReLU",0.964012265494793,0.0119410919815367
backbone_dinov2,"MLP (256, 128, 1024) lr=0.001 do=0.2 act=GELU",0.9640119966183895,0.011875577346107447
backbone_dinov2,"MLP (128, 128, 256) lr=0.001 do=0.2 act=ReLU",0.9640118427453183,0.007142003408527886
backbone_dinov2,"MLP (128, 128, 128) lr=0.001 do=0.2 act=GELU",0.9640112350118817,0.01673614261049594
backbone_dinov2,"MLP (512, 128) lr=0.001 do=0.4 act=ReLU",0.9640101315515346,0.007100008308605299
backbone_dinov2,"MLP (128, 256, 256) lr=0.0001 do=0.2 act=ReLU",0.9640100325660023,0.0071438135878438835
backbone_dinov2,"MLP (1024, 128, 512) lr=0.001 do=0.0 act=ReLU",0.9640100325660023,0.0071438135878438835
backbone_dinov2,"MLP (128,) lr=0.001 do=0.2 act=GELU",0.9640100325660023,0.0071438135878438835
backbone_dinov2,"MLP (128, 1024, 256) lr=0.001 do=0.4 act=GELU",0.964009928005491,0.007100211854648875
backbone_dinov2,"MLP (128, 512, 1024) lr=0.001 do=0.0 act=ReLU",0.9640094862171869,0.011878087747310195
backbone_dinov2,"MLP (128, 256, 256) lr=0.001 do=0.4 act=GELU",0.9640088391957029,0.007101300664437038
concat_pca208,"MLP (512,) lr=0.0001 do=0.0 act=ReLU",0.9640044198906914,0.011894238064879437
concat_pca208,"MLP (512,) lr=0.0001 do=0.2 act=GELU",0.9640044198906914,0.011894238064879437
concat_pca208,"MLP (512,) lr=0.0001 do=0.0 act=GELU",0.9640044198906914,0.011894238064879437
concat_raw,"MLP (1024, 128, 256) lr=0.001 do=0.2 act=ReLU",0.9640005560192729,0.007288596062188901
backbone_dinov2,"MLP (256, 256, 256) lr=0.0001 do=0.2 act=ReLU",0.9639995156919462,0.011888058272550794
backbone_dinov2,"MLP (256, 1024, 512) lr=0.001 do=0.2 act=GELU",0.9639995156919462,0.011888058272550794
backbone_dinov2,"MLP (1024, 512, 256) lr=0.0001 do=0.4 act=GELU",0.9639995156919462,0.011888058272550794
backbone_dinov2,"MLP (256, 512) lr=0.0001 do=0.2 act=GELU",0.9639995156919462,0.011888058272550794
backbone_dinov2,"MLP (512, 1024, 512) lr=0.0001 do=0.4 act=GELU",0.9639995156919462,0.011888058272550794
backbone_dinov2,"MLP (128, 1024, 256) lr=0.0001 do=0.2 act=ReLU",0.9639995156919462,0.011888058272550794
backbone_dinov2,"MLP (256, 256, 1024) lr=0.0001 do=0.2 act=ReLU",0.9639995156919462,0.011888058272550794
backbone_dinov2,"MLP (1024, 128, 256) lr=0.0001 do=0.2 act=ReLU",0.9639978561904405,0.016771374578790188
backbone_dinov2,"MLP (1024,) lr=0.001 do=0.2 act=GELU",0.9639978561904405,0.016771374578790188
backbone_dinov2,"MLP (256, 128, 512) lr=0.001 do=0.2 act=GELU",0.9639978561904405,0.016771374578790188
backbone_dinov2,"MLP (128, 128, 1024) lr=0.0001 do=0.0 act=ReLU",0.9639974616717106,0.011955895804619088
concat_raw,"MLP (256, 256, 256) lr=0.0001 do=0.2 act=ReLU",0.9639902371482165,0.002500656201798457
concat_raw,"MLP (128, 256, 256) lr=0.001 do=0.4 act=ReLU",0.9639894966842442,0.007277536727160194
backbone_dinov2,"MLP (256, 512, 256) lr=0.0001 do=0.2 act=ReLU",0.963989252455757,0.011964105020572768
backbone_dinov2,"MLP (512, 512, 512) lr=0.001 do=0.0 act=ReLU",0.963989252455757,0.011964105020572768
backbone_dinov2,"MLP (128, 128) lr=0.0001 do=0.2 act=ReLU",0.963989252455757,0.011964105020572768
backbone_dinov2,"MLP (128, 128) lr=0.0001 do=0.4 act=GELU",0.963989252455757,0.011964105020572768
backbone_dinov2,"MLP (128, 128, 1024) lr=0.0001 do=0.4 act=GELU",0.9639881794191492,0.007121960440990782
backbone_dinov2,"MLP (128, 512, 128) lr=0.001 do=0.4 act=ReLU",0.9639881794191492,0.007121960440990782
backbone_dinov2,"MLP (128, 128) lr=0.0001 do=0.4 act=ReLU",0.963986929617014,0.016760448005363637
backbone_dinov2,"MLP (512, 256, 128) lr=0.001 do=0.0 act=ReLU",0.963986929617014,0.016760448005363637
backbone_dinov2,"MLP (128, 128) lr=0.001 do=0.4 act=GELU",0.963986929617014,0.016760448005363637
backbone_dinov2,"MLP (512, 1024, 256) lr=0.001 do=0.0 act=GELU",0.963986929617014,0.016760448005363637
backbone_dinov2,"MLP (256, 1024, 1024) lr=0.001 do=0.4 act=ReLU",0.963986929617014,0.016760448005363637
backbone_dinov2,"MLP (256, 128, 512) lr=0.001 do=0.0 act=ReLU",0.963986929617014,0.016760448005363637
backbone_dinov2,"MLP (128, 512, 512) lr=0.0001 do=0.2 act=ReLU",0.9639865220481797,0.011901051916317296
concat_raw,"MLP (256, 128) lr=0.0001 do=0.4 act=GELU",0.963984017016658,0.007305135064803847
concat_raw,"MLP (256, 128) lr=0.0001 do=0.4 act=ReLU",0.963984017016658,0.007305135064803847
concat_raw,"MLP (256, 1024, 512) lr=0.0001 do=0.4 act=GELU",0.9639788074329311,0.007266847475847049
concat_raw,"MLP (512, 256, 128) lr=0.0001 do=0.4 act=ReLU",0.9639788074329311,0.007266847475847049
concat_raw,"MLP (256, 256, 512) lr=0.001 do=0.0 act=ReLU",0.9639788074329311,0.007266847475847049
concat_raw,"MLP (128, 128, 1024) lr=0.0001 do=0.2 act=ReLU",0.9639788074329311,0.007266847475847049
concat_raw,"MLP (256, 128, 256) lr=0.0001 do=0.2 act=GELU",0.9639788074329311,0.007266847475847049
backbone_dinov2,"MLP (1024, 1024, 128) lr=0.001 do=0.4 act=ReLU",0.963977850149373,0.011975507326956736
backbone_dinov2,"MLP (1024, 1024, 256) lr=0.001 do=0.0 act=ReLU",0.963977850149373,0.011975507326956736
backbone_dinov2,"MLP (256, 128, 1024) lr=0.0001 do=0.4 act=ReLU",0.9639761350440663,0.007177711109779772
backbone_dinov2,"MLP (256, 256, 512) lr=0.001 do=0.4 act=ReLU",0.9639761350440663,0.007177711109779772
backbone_dinov2,"MLP (1024, 256) lr=0.001 do=0.0 act=ReLU",0.963975479173482,0.011977878302847744
backbone_dinov2,"MLP (512, 1024) lr=0.001 do=0.0 act=ReLU",0.963975479173482,0.011977878302847744
backbone_dinov2,"MLP (1024, 256, 512) lr=0.0001 do=0.0 act=GELU",0.963975479173482,0.011977878302847744
backbone_dinov2,"MLP (1024, 256, 512) lr=0.0001 do=0.0 act=ReLU",0.963975479173482,0.011977878302847744
backbone_dinov2,"MLP (256, 512, 128) lr=0.001 do=0.2 act=GELU",0.963975479173482,0.011977878302847744
backbone_dinov2,"MLP (512, 512) lr=0.0001 do=0.2 act=GELU",0.963975479173482,0.011977878302847744
backbone_dinov2,"MLP (1024, 128) lr=0.0001 do=0.2 act=GELU",0.963975479173482,0.011977878302847744
backbone_dinov2,"MLP (1024, 128, 256) lr=0.001 do=0.0 act=ReLU",0.963975479173482,0.011977878302847744
backbone_dinov2,"MLP (512, 512) lr=0.0001 do=0.2 act=ReLU",0.963975479173482,0.011977878302847744
backbone_dinov2,"MLP (512, 512) lr=0.0001 do=0.0 act=GELU",0.963975479173482,0.011977878302847744
backbone_dinov2,"MLP (512, 512) lr=0.001 do=0.2 act=GELU",0.963975479173482,0.011977878302847744
backbone_dinov2,"MLP (128, 128, 512) lr=0.001 do=0.4 act=ReLU",0.963975479173482,0.011977878302847744
backbone_dinov2,"MLP (1024, 1024, 1024) lr=0.0001 do=0.4 act=GELU",0.963975479173482,0.011977878302847744
backbone_dinov2,"MLP (1024, 1024, 1024) lr=0.0001 do=0.2 act=GELU",0.963975479173482,0.011977878302847744
backbone_dinov2,"MLP (512, 512) lr=0.001 do=0.0 act=ReLU",0.963975479173482,0.011977878302847744
backbone_dinov2,"MLP (128, 128, 256) lr=0.0001 do=0.2 act=ReLU",0.963975479173482,0.011977878302847744
backbone_dinov2,"MLP (256,) lr=0.001 do=0.0 act=ReLU",0.963975479173482,0.011977878302847744
backbone_dinov2,"MLP (1024, 256) lr=0.0001 do=0.0 act=GELU",0.963975479173482,0.011977878302847744
backbone_dinov2,"MLP (512, 1024, 256) lr=0.0001 do=0.0 act=GELU",0.963975479173482,0.011977878302847744
backbone_dinov2,"MLP (512, 1024, 256) lr=0.0001 do=0.0 act=ReLU",0.963975479173482,0.011977878302847744
backbone_dinov2,"MLP (1024, 256) lr=0.0001 do=0.0 act=ReLU",0.963975479173482,0.011977878302847744
backbone_dinov2,"MLP (128, 128, 128) lr=0.001 do=0.0 act=ReLU",0.963975479173482,0.011977878302847744
backbone_dinov2,"MLP (512, 512, 1024) lr=0.0001 do=0.4 act=GELU",0.963975479173482,0.011977878302847744
backbone_dinov2,"MLP (512,) lr=0.001 do=0.4 act=ReLU",0.963975479173482,0.011977878302847744
backbone_dinov2,"MLP (512,) lr=0.001 do=0.2 act=ReLU",0.963975479173482,0.011977878302847744
backbone_dinov2,"MLP (512,) lr=0.001 do=0.0 act=ReLU",0.963975479173482,0.011977878302847744
backbone_dinov2,"MLP (512, 256) lr=0.001 do=0.0 act=GELU",0.963975479173482,0.011977878302847744
backbone_dinov2,"MLP (128, 256, 256) lr=0.001 do=0.0 act=ReLU",0.963975479173482,0.011977878302847744
backbone_dinov2,"MLP (512, 512, 256) lr=0.0001 do=0.0 act=ReLU",0.963975479173482,0.011977878302847744
backbone_dinov2,"MLP (512, 512, 256) lr=0.001 do=0.0 act=GELU",0.963975479173482,0.011977878302847744
backbone_dinov2,"MLP (1024, 128, 128) lr=0.0001 do=0.0 act=GELU",0.963975479173482,0.011977878302847744
backbone_dinov2,"MLP (128, 256, 1024) lr=0.0001 do=0.4 act=GELU",0.963975479173482,0.011977878302847744
backbone_dinov2,"MLP (512, 512, 1024) lr=0.0001 do=0.2 act=ReLU",0.963975479173482,0.011977878302847744
backbone_dinov2,"MLP (128, 128) lr=0.001 do=0.0 act=ReLU",0.963975479173482,0.011977878302847744
backbone_dinov2,"MLP (1024, 256) lr=0.0001 do=0.2 act=ReLU",0.963975479173482,0.011977878302847744
backbone_dinov2,"MLP (1024, 1024, 256) lr=0.0001 do=0.2 act=GELU",0.963975479173482,0.011977878302847744
backbone_dinov2,"MLP (128, 512, 256) lr=0.0001 do=0.2 act=ReLU",0.963975479173482,0.011977878302847744
backbone_dinov2,"MLP (512, 256, 1024) lr=0.001 do=0.4 act=GELU",0.963975479173482,0.011977878302847744
backbone_dinov2,"MLP (128, 1024, 128) lr=0.0001 do=0.4 act=ReLU",0.963975479173482,0.011977878302847744
backbone_dinov2,"MLP (512, 512, 128) lr=0.0001 do=0.0 act=ReLU",0.963975479173482,0.011977878302847744
backbone_dinov2,"MLP (512, 256, 1024) lr=0.0001 do=0.0 act=GELU",0.963975479173482,0.011977878302847744
backbone_dinov2,"MLP (128, 1024, 512) lr=0.0001 do=0.0 act=ReLU",0.963975479173482,0.011977878302847744
backbone_dinov2,"MLP (512, 256, 128) lr=0.0001 do=0.4 act=GELU",0.963975479173482,0.011977878302847744
backbone_dinov2,"MLP (512, 256, 512) lr=0.0001 do=0.0 act=ReLU",0.963975479173482,0.011977878302847744
backbone_dinov2,"MLP (512, 1024, 512) lr=0.001 do=0.0 act=GELU",0.963975479173482,0.011977878302847744
backbone_dinov2,"MLP (1024, 128, 128) lr=0.0001 do=0.0 act=ReLU",0.963975479173482,0.011977878302847744
backbone_dinov2,"MLP (1024, 128, 128) lr=0.001 do=0.0 act=ReLU",0.963975479173482,0.011977878302847744
backbone_dinov2,"MLP (1024, 512, 512) lr=0.0001 do=0.0 act=ReLU",0.963975479173482,0.011977878302847744
backbone_dinov2,"MLP (256, 128, 128) lr=0.0001 do=0.2 act=GELU",0.963975479173482,0.011977878302847744
backbone_dinov2,"MLP (256, 128, 128) lr=0.0001 do=0.2 act=ReLU",0.963975479173482,0.011977878302847744
backbone_dinov2,"MLP (512, 128, 512) lr=0.001 do=0.0 act=GELU",0.963975479173482,0.011977878302847744
backbone_dinov2,"MLP (1024, 512, 512) lr=0.0001 do=0.4 act=GELU",0.963975479173482,0.011977878302847744
backbone_dinov2,"MLP (256, 512) lr=0.001 do=0.0 act=GELU",0.963975479173482,0.011977878302847744
backbone_dinov2,"MLP (1024, 256, 128) lr=0.0001 do=0.0 act=GELU",0.963975479173482,0.011977878302847744
backbone_dinov2,"MLP (1024, 256, 512) lr=0.0001 do=0.4 act=GELU",0.963975479173482,0.011977878302847744
backbone_dinov2,"MLP (1024, 256, 512) lr=0.0001 do=0.2 act=GELU",0.963975479173482,0.011977878302847744
backbone_dinov2,"MLP (1024, 128, 1024) lr=0.0001 do=0.0 act=GELU",0.963975479173482,0.011977878302847744
backbone_dinov2,"MLP (512, 256, 256) lr=0.001 do=0.2 act=ReLU",0.963975479173482,0.011977878302847744
backbone_dinov2,"MLP (256, 1024, 256) lr=0.0001 do=0.2 act=ReLU",0.963975479173482,0.011977878302847744
backbone_dinov2,"MLP (256, 1024, 128) lr=0.0001 do=0.4 act=ReLU",0.963975479173482,0.011977878302847744
backbone_dinov2,"MLP (256, 256) lr=0.001 do=0.0 act=ReLU",0.963975479173482,0.011977878302847744
backbone_dinov2,"MLP (256, 256, 256) lr=0.0001 do=0.4 act=GELU",0.963975479173482,0.011977878302847744
backbone_dinov2,"MLP (256, 256, 256) lr=0.0001 do=0.0 act=GELU",0.963975479173482,0.011977878302847744
backbone_dinov2,"MLP (256, 128) lr=0.001 do=0.4 act=GELU",0.963975479173482,0.011977878302847744
backbone_dinov2,"MLP (512, 512) lr=0.0001 do=0.0 act=ReLU",0.963975479173482,0.011977878302847744
backbone_dinov2,"MLP (256, 512, 1024) lr=0.0001 do=0.4 act=ReLU",0.963975479173482,0.011977878302847744
backbone_dinov2,"MLP (512, 256, 256) lr=0.001 do=0.0 act=GELU",0.9639750564240072,0.007178789729838986
backbone_dinov2,"MLP (256, 512) lr=0.001 do=0.2 act=ReLU",0.9639750564240072,0.007178789729838986
backbone_dinov2,"MLP (128, 512, 1024) lr=0.001 do=0.0 act=GELU",0.9639750564240072,0.007178789729838986
backbone_dinov2,"MLP (512, 256, 128) lr=0.001 do=0.0 act=GELU",0.9639750564240072,0.007178789729838986
backbone_dinov2,"MLP (1024, 512, 128) lr=0.001 do=0.0 act=GELU",0.9639750564240072,0.007178789729838986
backbone_dinov2,"MLP (256, 1024) lr=0.001 do=0.2 act=GELU",0.9639748528779635,0.007178993275882617
concat_raw,"MLP (256, 128) lr=0.001 do=0.2 act=GELU",0.9639725349321544,0.012093164302783788
backbone_dinov2,"MLP (256, 512, 128) lr=0.0001 do=0.0 act=ReLU",0.9639695968885429,0.01677778073383468
concat_raw,"MLP (512, 512, 256) lr=0.001 do=0.0 act=ReLU",0.9639679774529357,0.00719849029531533
concat_raw,LogReg C=1.0,0.9639667032934518,0.007278951615326379
concat_raw,"MLP (512, 256) lr=0.0001 do=0.0 act=ReLU",0.9639667032934518,0.007278951615326379
backbone_dinov2,"MLP (512, 1024) lr=0.001 do=0.0 act=GELU",0.9639652333109276,0.016803997458303077
backbone_dinov2,"MLP (1024, 256, 1024) lr=0.001 do=0.4 act=ReLU",0.9639652333109276,0.016803997458303077
backbone_dinov2,"MLP (1024, 512, 1024) lr=0.001 do=0.0 act=ReLU",0.9639652333109276,0.016803997458303077
backbone_dinov2,"MLP (512, 1024, 1024) lr=0.0001 do=0.4 act=GELU",0.9639652333109276,0.016803997458303077
backbone_dinov2,"MLP (128, 256, 1024) lr=0.001 do=0.4 act=GELU",0.9639636749164748,0.016783702705902848
concat_raw,"MLP (256, 1024, 1024) lr=0.0001 do=0.0 act=GELU",0.9639622684303162,0.007283386478461995
concat_raw,"MLP (256, 128) lr=0.0001 do=0.2 act=GELU",0.9639622684303162,0.007283386478461995
concat_raw,"MLP (256, 128, 256) lr=0.001 do=0.4 act=ReLU",0.96395753299658,0.002424245756455723
backbone_dinov2,"MLP (1024, 256, 512) lr=0.001 do=0.0 act=ReLU",0.9639566295762441,0.011996727900085602
backbone_dinov2,"MLP (1024, 128, 256) lr=0.001 do=0.2 act=ReLU",0.963956452951006,0.0070213678551900305
backbone_dinov2,"MLP (512, 128, 1024) lr=0.001 do=0.0 act=GELU",0.9639563606998406,0.011931213264656404
backbone_dinov2,"MLP (1024, 512, 512) lr=0.001 do=0.2 act=GELU",0.9639543067375012,0.016793070884876526
backbone_dinov2,"MLP (1024, 128, 256) lr=0.001 do=0.4 act=ReLU",0.9639543067375012,0.016793070884876526
backbone_dinov2,"MLP (256, 256, 1024) lr=0.001 do=0.2 act=GELU",0.9639543067375012,0.016793070884876526
backbone_dinov2,"MLP (1024, 512, 512) lr=0.001 do=0.4 act=ReLU",0.9639543067375012,0.016793070884876526
backbone_dinov2,"MLP (256, 512) lr=0.001 do=0.4 act=ReLU",0.9639543067375012,0.016793070884876526
backbone_dinov2,"MLP (1024, 1024, 128) lr=0.001 do=0.2 act=GELU",0.9639542818972133,0.0071558579629266705
backbone_dinov2,"MLP (1024, 128, 128) lr=0.001 do=0.2 act=ReLU",0.9639532032771541,0.007156936582985884
backbone_dinov2,"MLP (512, 256, 128) lr=0.0001 do=0.4 act=ReLU",0.9639532032771541,0.007156936582985884
backbone_dinov2,"MLP (256, 1024, 1024) lr=0.001 do=0.2 act=ReLU",0.9639531042916216,0.007200741862224469
backbone_dinov2,"MLP (1024, 128) lr=0.001 do=0.2 act=GELU",0.9639531042916216,0.007200741862224469
concat_raw,"MLP (256, 512, 512) lr=0.0001 do=0.4 act=GELU",0.96395193916054,0.0024298395924958194
concat_raw,"MLP (256, 128, 512) lr=0.001 do=0.0 act=GELU",0.96395193916054,0.0024298395924958194
concat_raw,"MLP (512, 512, 1024) lr=0.0001 do=0.4 act=ReLU",0.963944448095716,0.007344703985745771
concat_raw,"MLP (128, 512, 1024) lr=0.001 do=0.4 act=ReLU",0.963944448095716,0.007344703985745771
backbone_dinov2,"MLP (128, 512, 256) lr=0.001 do=0.4 act=GELU",0.9639426796687309,0.007035141137465062
backbone_dinov2,"MLP (512, 256) lr=0.0001 do=0.4 act=GELU",0.9639425874175656,0.01194498654693138
backbone_dinov2,"MLP (128, 1024, 512) lr=0.0001 do=0.2 act=GELU",0.9639425874175656,0.01194498654693138
backbone_dinov2,"MLP (256, 512) lr=0.0001 do=0.2 act=ReLU",0.9639425874175656,0.01194498654693138
backbone_dinov2,"MLP (1024, 128, 1024) lr=0.0001 do=0.2 act=ReLU",0.9639425874175656,0.01194498654693138
backbone_dinov2,"MLP (1024, 128) lr=0.0001 do=0.4 act=ReLU",0.9639425874175656,0.01194498654693138
backbone_dinov2,"MLP (1024, 256) lr=0.001 do=0.4 act=ReLU",0.9639425874175656,0.01194498654693138
backbone_dinov2,"MLP (1024, 256, 128) lr=0.0001 do=0.2 act=GELU",0.9639425874175656,0.01194498654693138
backbone_dinov2,"MLP (1024,) lr=0.001 do=0.4 act=ReLU",0.9639425874175656,0.01194498654693138
backbone_dinov2,"MLP (1024, 128, 128) lr=0.0001 do=0.2 act=GELU",0.9639425874175656,0.01194498654693138
backbone_dinov2,"MLP (256, 128, 512) lr=0.0001 do=0.4 act=GELU",0.9639425874175656,0.01194498654693138
backbone_dinov2,"MLP (1024, 256) lr=0.001 do=0.2 act=GELU",0.9639425874175656,0.01194498654693138
backbone_dinov2,"MLP (128, 128) lr=0.001 do=0.4 act=ReLU",0.9639425874175656,0.01194498654693138
backbone_dinov2,"MLP (256, 128, 512) lr=0.0001 do=0.2 act=GELU",0.9639425874175656,0.01194498654693138
backbone_dinov2,"MLP (128, 512) lr=0.001 do=0.4 act=GELU",0.9639425874175656,0.01194498654693138
backbone_dinov2,"MLP (1024, 1024) lr=0.001 do=0.4 act=ReLU",0.9639425874175656,0.01194498654693138
backbone_dinov2,"MLP (1024, 512) lr=0.001 do=0.0 act=ReLU",0.9639425874175656,0.01194498654693138
backbone_dinov2,"MLP (128, 128) lr=0.001 do=0.2 act=ReLU",0.9639425874175656,0.01194498654693138
concat_raw,"MLP (1024, 256, 256) lr=0.001 do=0.4 act=GELU",0.9639413435440869,0.012089000359906565
meta_dino+bio,SVM rbf C=0.1 g=scale,0.9639402394033192,9.003338443858144e-05
meta_dino+bio,LogReg C=100.0,0.9639402394033192,9.003338443858144e-05
meta_dino+bio,LogReg C=10.0,0.9639402394033192,9.003338443858144e-05
meta_dino+bio,LogReg C=1.0,0.9639402394033192,9.003338443858144e-05
meta_dino+bio,"MLP (512, 128) lr=0.001 do=0.4 act=ReLU",0.9639402394033192,9.003338443858144e-05
meta_dino+bio,"MLP (512, 128) lr=0.001 do=0.2 act=GELU",0.9639402394033192,9.003338443858144e-05
meta_dino+bio,"MLP (512, 256) lr=0.001 do=0.2 act=GELU",0.9639402394033192,9.003338443858144e-05
meta_dino+bio,"MLP (512, 256) lr=0.001 do=0.2 act=ReLU",0.9639402394033192,9.003338443858144e-05
meta_dino+bio,"MLP (512, 256) lr=0.001 do=0.0 act=GELU",0.9639402394033192,9.003338443858144e-05
meta_dino+bio,"MLP (512, 256) lr=0.001 do=0.0 act=ReLU",0.9639402394033192,9.003338443858144e-05
meta_dino+bio,"MLP (512, 128) lr=0.0001 do=0.0 act=GELU",0.9639402394033192,9.003338443858144e-05
meta_dino+bio,"MLP (512, 128) lr=0.001 do=0.4 act=GELU",0.9639402394033192,9.003338443858144e-05
meta_dino+bio,SVM rbf C=10.0 g=0.01,0.9639402394033192,9.003338443858144e-05
meta_dino+bio,"MLP (256, 512, 1024) lr=0.001 do=0.0 act=ReLU",0.9639402394033192,9.003338443858144e-05
meta_dino+bio,"MLP (256, 512, 512) lr=0.0001 do=0.4 act=GELU",0.9639402394033192,9.003338443858144e-05
meta_dino+bio,"MLP (256, 512, 512) lr=0.0001 do=0.4 act=ReLU",0.9639402394033192,9.003338443858144e-05
meta_dino+bio,"MLP (256, 512, 512) lr=0.0001 do=0.2 act=GELU",0.9639402394033192,9.003338443858144e-05
meta_dino+bio,"MLP (256, 512, 512) lr=0.0001 do=0.2 act=ReLU",0.9639402394033192,9.003338443858144e-05
meta_dino+bio,"MLP (256, 512, 512) lr=0.0001 do=0.0 act=GELU",0.9639402394033192,9.003338443858144e-05
meta_dino+bio,"MLP (256, 512, 512) lr=0.0001 do=0.0 act=ReLU",0.9639402394033192,9.003338443858144e-05
meta_dino+bio,"MLP (256, 512, 512) lr=0.001 do=0.4 act=GELU",0.9639402394033192,9.003338443858144e-05
meta_dino+bio,"MLP (1024, 1024, 1024) lr=0.0001 do=0.4 act=ReLU",0.9639402394033192,9.003338443858144e-05
meta_dino+bio,"MLP (256, 512, 512) lr=0.001 do=0.4 act=ReLU",0.9639402394033192,9.003338443858144e-05
meta_dino+bio,"MLP (256, 512, 512) lr=0.001 do=0.2 act=ReLU",0.9639402394033192,9.003338443858144e-05
meta_dino+bio,"MLP (256, 512, 512) lr=0.001 do=0.0 act=ReLU",0.9639402394033192,9.003338443858144e-05
meta_dino+bio,"MLP (256, 512, 256) lr=0.0001 do=0.4 act=GELU",0.9639402394033192,9.003338443858144e-05
meta_dino+bio,"MLP (256, 512, 256) lr=0.0001 do=0.4 act=ReLU",0.9639402394033192,9.003338443858144e-05
meta_dino+bio,"MLP (256, 512, 256) lr=0.0001 do=0.2 act=GELU",0.9639402394033192,9.003338443858144e-05
meta_dino+bio,"MLP (512, 256) lr=0.0001 do=0.2 act=ReLU",0.9639402394033192,9.003338443858144e-05
meta_dino+bio,"MLP (512, 256) lr=0.0001 do=0.0 act=GELU",0.9639402394033192,9.003338443858144e-05
meta_dino+bio,"MLP (512, 256) lr=0.0001 do=0.0 act=ReLU",0.9639402394033192,9.003338443858144e-05
meta_dino+bio,"MLP (512, 256) lr=0.001 do=0.4 act=GELU",0.9639402394033192,9.003338443858144e-05
meta_dino+bio,"MLP (512, 256) lr=0.001 do=0.4 act=ReLU",0.9639402394033192,9.003338443858144e-05
meta_dino+bio,"MLP (256, 512, 256) lr=0.001 do=0.2 act=ReLU",0.9639402394033192,9.003338443858144e-05
meta_dino+bio,"MLP (256, 512, 256) lr=0.001 do=0.0 act=ReLU",0.9639402394033192,9.003338443858144e-05
meta_dino+bio,"MLP (256, 512, 128) lr=0.0001 do=0.4 act=GELU",0.9639402394033192,9.003338443858144e-05
meta_dino+bio,"MLP (256, 512, 128) lr=0.0001 do=0.4 act=ReLU",0.9639402394033192,9.003338443858144e-05
meta_dino+bio,"MLP (1024, 1024, 1024) lr=0.0001 do=0.0 act=GELU",0.9639402394033192,9.003338443858144e-05
meta_dino+bio,"MLP (1024, 1024, 1024) lr=0.0001 do=0.0 act=ReLU",0.9639402394033192,9.003338443858144e-05
meta_dino+bio,"MLP (1024, 1024, 1024) lr=0.001 do=0.4 act=GELU",0.9639402394033192,9.003338443858144e-05
meta_dino+bio,"MLP (1024, 1024, 1024) lr=0.001 do=0.4 act=ReLU",0.9639402394033192,9.003338443858144e-05
meta_dino+bio,"MLP (1024, 1024, 1024) lr=0.001 do=0.2 act=GELU",0.9639402394033192,9.003338443858144e-05
meta_dino+bio,"MLP (1024, 1024, 1024) lr=0.001 do=0.2 act=ReLU",0.9639402394033192,9.003338443858144e-05
meta_dino+bio,"MLP (1024, 1024, 1024) lr=0.001 do=0.0 act=GELU",0.9639402394033192,9.003338443858144e-05
meta_dino+bio,KNN k=5 metric=cosine,0.9639402394033192,9.003338443858144e-05
meta_dino+bio,KNN k=3 metric=manhattan,0.9639402394033192,9.003338443858144e-05
meta_dino+bio,KNN k=3 metric=euclidean,0.9639402394033192,9.003338443858144e-05
meta_dino+bio,KNN k=3 metric=cosine,0.9639402394033192,9.003338443858144e-05
meta_dino+bio,"MLP (1024, 1024, 1024) lr=0.0001 do=0.4 act=GELU",0.9639402394033192,9.003338443858144e-05
meta_dino+bio,"MLP (512, 256, 128) lr=0.001 do=0.2 act=ReLU",0.9639402394033192,9.003338443858144e-05
meta_dino+bio,"MLP (512, 256, 128) lr=0.001 do=0.0 act=ReLU",0.9639402394033192,9.003338443858144e-05
meta_dino+bio,"MLP (512, 128, 1024) lr=0.0001 do=0.4 act=GELU",0.9639402394033192,9.003338443858144e-05
meta_dino+bio,"MLP (512, 128, 1024) lr=0.0001 do=0.4 act=ReLU",0.9639402394033192,9.003338443858144e-05
meta_dino+bio,"MLP (512, 128, 1024) lr=0.0001 do=0.2 act=GELU",0.9639402394033192,9.003338443858144e-05
meta_dino+bio,"MLP (512, 128, 1024) lr=0.0001 do=0.2 act=ReLU",0.9639402394033192,9.003338443858144e-05
meta_dino+bio,"MLP (512, 128, 1024) lr=0.0001 do=0.0 act=GELU",0.9639402394033192,9.003338443858144e-05
meta_dino+bio,"MLP (256, 512, 128) lr=0.0001 do=0.2 act=ReLU",0.9639402394033192,9.003338443858144e-05
meta_dino+bio,"MLP (256, 512, 256) lr=0.0001 do=0.2 act=ReLU",0.9639402394033192,9.003338443858144e-05
meta_dino+bio,"MLP (256, 512, 256) lr=0.0001 do=0.0 act=GELU",0.9639402394033192,9.003338443858144e-05
meta_dino+bio,"MLP (256, 512, 256) lr=0.0001 do=0.0 act=ReLU",0.9639402394033192,9.003338443858144e-05
meta_dino+bio,"MLP (256, 512, 256) lr=0.001 do=0.4 act=GELU",0.9639402394033192,9.003338443858144e-05
meta_dino+bio,"MLP (256, 512, 256) lr=0.001 do=0.4 act=ReLU",0.9639402394033192,9.003338443858144e-05
meta_dino+bio,"MLP (256, 512, 256) lr=0.001 do=0.2 act=GELU",0.9639402394033192,9.003338443858144e-05
meta_dino+bio,"MLP (256, 512, 128) lr=0.0001 do=0.0 act=ReLU",0.9639402394033192,9.003338443858144e-05
meta_dino+bio,"MLP (256, 512, 128) lr=0.001 do=0.4 act=GELU",0.9639402394033192,9.003338443858144e-05
meta_dino+bio,"MLP (512, 256) lr=0.0001 do=0.4 act=ReLU",0.9639402394033192,9.003338443858144e-05
meta_dino+bio,"MLP (1024, 1024, 256) lr=0.0001 do=0.2 act=GELU",0.9639402394033192,9.003338443858144e-05
meta_dino+bio,KNN k=20 metric=manhattan,0.9639402394033192,9.003338443858144e-05
meta_dino+bio,KNN k=20 metric=euclidean,0.9639402394033192,9.003338443858144e-05
meta_dino+bio,KNN k=20 metric=cosine,0.9639402394033192,9.003338443858144e-05
meta_dino+bio,KNN k=10 metric=manhattan,0.9639402394033192,9.003338443858144e-05
meta_dino+bio,KNN k=10 metric=euclidean,0.9639402394033192,9.003338443858144e-05
meta_dino+bio,KNN k=10 metric=cosine,0.9639402394033192,9.003338443858144e-05
meta_dino+bio,KNN k=5 metric=manhattan,0.9639402394033192,9.003338443858144e-05
meta_dino+bio,KNN k=5 metric=euclidean,0.9639402394033192,9.003338443858144e-05
meta_dino+bio,"MLP (512, 256) lr=0.0001 do=0.2 act=GELU",0.9639402394033192,9.003338443858144e-05
meta_dino+bio,"MLP (256, 512, 128) lr=0.0001 do=0.2 act=GELU",0.9639402394033192,9.003338443858144e-05
meta_dino+bio,"MLP (512, 256, 128) lr=0.001 do=0.4 act=ReLU",0.9639402394033192,9.003338443858144e-05
meta_dino+bio,"MLP (256, 256, 1024) lr=0.0001 do=0.0 act=ReLU",0.9639402394033192,9.003338443858144e-05
meta_dino+bio,"MLP (512, 1024) lr=0.001 do=0.0 act=ReLU",0.9639402394033192,9.003338443858144e-05
meta_dino+bio,"MLP (512, 512) lr=0.0001 do=0.4 act=GELU",0.9639402394033192,9.003338443858144e-05
meta_dino+bio,"MLP (512, 512) lr=0.0001 do=0.4 act=ReLU",0.9639402394033192,9.003338443858144e-05
meta_dino+bio,"MLP (512, 512) lr=0.0001 do=0.2 act=GELU",0.9639402394033192,9.003338443858144e-05
meta_dino+bio,"MLP (512, 512) lr=0.0001 do=0.2 act=ReLU",0.9639402394033192,9.003338443858144e-05
meta_dino+bio,"MLP (512, 512) lr=0.0001 do=0.0 act=GELU",0.9639402394033192,9.003338443858144e-05
meta_dino+bio,"MLP (512, 512) lr=0.0001 do=0.0 act=ReLU",0.9639402394033192,9.003338443858144e-05
meta_dino+bio,"MLP (512, 512) lr=0.001 do=0.4 act=GELU",0.9639402394033192,9.003338443858144e-05
meta_dino+bio,"MLP (512, 512) lr=0.001 do=0.4 act=ReLU",0.9639402394033192,9.003338443858144e-05
meta_dino+bio,"MLP (512, 512) lr=0.001 do=0.2 act=GELU",0.9639402394033192,9.003338443858144e-05
meta_dino+bio,"MLP (512, 512) lr=0.001 do=0.2 act=ReLU",0.9639402394033192,9.003338443858144e-05
meta_dino+bio,"MLP (512, 512) lr=0.001 do=0.0 act=GELU",0.9639402394033192,9.003338443858144e-05
meta_dino+bio,"MLP (512, 512) lr=0.001 do=0.0 act=ReLU",0.9639402394033192,9.003338443858144e-05
meta_dino+bio,"MLP (512, 256) lr=0.0001 do=0.4 act=GELU",0.9639402394033192,9.003338443858144e-05
meta_dino+bio,"MLP (256, 512, 128) lr=0.0001 do=0.0 act=GELU",0.9639402394033192,9.003338443858144e-05
meta_dino+bio,"MLP (256, 256, 1024) lr=0.001 do=0.4 act=GELU",0.9639402394033192,9.003338443858144e-05
meta_dino+bio,"MLP (256, 256, 1024) lr=0.001 do=0.4 act=ReLU",0.9639402394033192,9.003338443858144e-05
meta_dino+bio,"MLP (256, 256, 1024) lr=0.001 do=0.2 act=GELU",0.9639402394033192,9.003338443858144e-05
meta_dino+bio,"MLP (256, 256, 1024) lr=0.001 do=0.2 act=ReLU",0.9639402394033192,9.003338443858144e-05
meta_dino+bio,"MLP (256, 256, 1024) lr=0.001 do=0.0 act=GELU",0.9639402394033192,9.003338443858144e-05
meta_dino+bio,"MLP (256, 512, 128) lr=0.001 do=0.4 act=ReLU",0.9639402394033192,9.003338443858144e-05
meta_dino+bio,"MLP (256, 512, 128) lr=0.001 do=0.2 act=GELU",0.9639402394033192,9.003338443858144e-05
meta_dino+bio,"MLP (256, 512, 128) lr=0.001 do=0.2 act=ReLU",0.9639402394033192,9.003338443858144e-05
meta_dino+bio,"MLP (256, 512, 128) lr=0.001 do=0.0 act=GELU",0.9639402394033192,9.003338443858144e-05
meta_dino+bio,"MLP (256, 512, 128) lr=0.001 do=0.0 act=ReLU",0.9639402394033192,9.003338443858144e-05
meta_dino+bio,"MLP (256, 256, 1024) lr=0.0001 do=0.4 act=GELU",0.9639402394033192,9.003338443858144e-05
meta_dino+bio,"MLP (256, 256, 1024) lr=0.0001 do=0.4 act=ReLU",0.9639402394033192,9.003338443858144e-05
meta_dino+bio,"MLP (256, 256, 1024) lr=0.0001 do=0.2 act=GELU",0.9639402394033192,9.003338443858144e-05
meta_dino+bio,"MLP (256, 256, 1024) lr=0.0001 do=0.2 act=ReLU",0.9639402394033192,9.003338443858144e-05
meta_dino+bio,"MLP (256, 256, 1024) lr=0.0001 do=0.0 act=GELU",0.9639402394033192,9.003338443858144e-05
meta_dino+bio,"MLP (256, 256, 512) lr=0.0001 do=0.0 act=GELU",0.9639402394033192,9.003338443858144e-05
meta_dino+bio,"MLP (256, 256, 512) lr=0.0001 do=0.0 act=ReLU",0.9639402394033192,9.003338443858144e-05
meta_dino+bio,"MLP (256, 256, 512) lr=0.001 do=0.4 act=GELU",0.9639402394033192,9.003338443858144e-05
meta_dino+bio,"MLP (256, 256, 512) lr=0.001 do=0.4 act=ReLU",0.9639402394033192,9.003338443858144e-05
meta_dino+bio,"MLP (256, 256, 512) lr=0.001 do=0.2 act=GELU",0.9639402394033192,9.003338443858144e-05
meta_dino+bio,"MLP (1024, 128) lr=0.001 do=0.0 act=ReLU",0.9639402394033192,9.003338443858144e-05
meta_dino+bio,"MLP (512, 1024) lr=0.0001 do=0.4 act=GELU",0.9639402394033192,9.003338443858144e-05
meta_dino+bio,"MLP (512, 1024) lr=0.0001 do=0.4 act=ReLU",0.9639402394033192,9.003338443858144e-05
meta_dino+bio,"MLP (512, 1024) lr=0.0001 do=0.2 act=GELU",0.9639402394033192,9.003338443858144e-05
meta_dino+bio,"MLP (512, 1024) lr=0.0001 do=0.2 act=ReLU",0.9639402394033192,9.003338443858144e-05
meta_dino+bio,"MLP (512, 1024) lr=0.0001 do=0.0 act=GELU",0.9639402394033192,9.003338443858144e-05
meta_dino+bio,"MLP (512, 1024) lr=0.0001 do=0.0 act=ReLU",0.9639402394033192,9.003338443858144e-05
meta_dino+bio,"MLP (512, 1024) lr=0.001 do=0.4 act=GELU",0.9639402394033192,9.003338443858144e-05
meta_dino+bio,"MLP (512, 1024) lr=0.001 do=0.2 act=GELU",0.9639402394033192,9.003338443858144e-05
meta_dino+bio,"MLP (512, 1024) lr=0.001 do=0.2 act=ReLU",0.9639402394033192,9.003338443858144e-05
meta_dino+bio,"MLP (512, 1024) lr=0.001 do=0.0 act=GELU",0.9639402394033192,9.003338443858144e-05
meta_dino+bio,"MLP (256, 256, 256) lr=0.001 do=0.4 act=GELU",0.9639402394033192,9.003338443858144e-05
meta_dino+bio,"MLP (256, 256, 256) lr=0.001 do=0.4 act=ReLU",0.9639402394033192,9.003338443858144e-05
meta_dino+bio,"MLP (256, 256, 256) lr=0.001 do=0.2 act=GELU",0.9639402394033192,9.003338443858144e-05
meta_dino+bio,"MLP (1024, 128, 1024) lr=0.0001 do=0.2 act=ReLU",0.9639402394033192,9.003338443858144e-05
meta_dino+bio,"MLP (1024, 128, 1024) lr=0.0001 do=0.0 act=GELU",0.9639402394033192,9.003338443858144e-05
meta_dino+bio,"MLP (1024, 128, 1024) lr=0.0001 do=0.0 act=ReLU",0.9639402394033192,9.003338443858144e-05
meta_dino+bio,"MLP (1024, 128) lr=0.001 do=0.4 act=ReLU",0.9639402394033192,9.003338443858144e-05
meta_dino+bio,"MLP (1024, 128) lr=0.001 do=0.2 act=GELU",0.9639402394033192,9.003338443858144e-05
meta_dino+bio,"MLP (1024, 128) lr=0.001 do=0.2 act=ReLU",0.9639402394033192,9.003338443858144e-05
meta_dino+bio,"MLP (1024, 128) lr=0.001 do=0.0 act=GELU",0.9639402394033192,9.003338443858144e-05
meta_dino+bio,"MLP (256, 256, 1024) lr=0.001 do=0.0 act=ReLU",0.9639402394033192,9.003338443858144e-05
meta_dino+bio,"MLP (256, 256, 512) lr=0.0001 do=0.4 act=ReLU",0.9639402394033192,9.003338443858144e-05
meta_dino+bio,"MLP (256, 256, 512) lr=0.0001 do=0.2 act=GELU",0.9639402394033192,9.003338443858144e-05
meta_dino+bio,"MLP (256, 256, 512) lr=0.0001 do=0.2 act=ReLU",0.9639402394033192,9.003338443858144e-05
meta_dino+bio,"MLP (256, 256, 256) lr=0.001 do=0.2 act=ReLU",0.9639402394033192,9.003338443858144e-05
meta_dino+bio,"MLP (256, 256, 256) lr=0.001 do=0.0 act=GELU",0.9639402394033192,9.003338443858144e-05
meta_dino+bio,"MLP (256, 256, 256) lr=0.001 do=0.0 act=ReLU",0.9639402394033192,9.003338443858144e-05
meta_dino+bio,"MLP (256, 256, 128) lr=0.0001 do=0.4 act=ReLU",0.9639402394033192,9.003338443858144e-05
meta_dino+bio,"MLP (256, 256, 128) lr=0.0001 do=0.2 act=ReLU",0.9639402394033192,9.003338443858144e-05
meta_dino+bio,"MLP (256, 256, 128) lr=0.0001 do=0.0 act=ReLU",0.9639402394033192,9.003338443858144e-05
meta_dino+bio,"MLP (256, 256, 128) lr=0.001 do=0.4 act=GELU",0.9639402394033192,9.003338443858144e-05
meta_dino+bio,"MLP (256, 256, 512) lr=0.001 do=0.2 act=ReLU",0.9639402394033192,9.003338443858144e-05
meta_dino+bio,"MLP (256, 256, 512) lr=0.001 do=0.0 act=GELU",0.9639402394033192,9.003338443858144e-05
meta_dino+bio,"MLP (256, 256, 512) lr=0.001 do=0.0 act=ReLU",0.9639402394033192,9.003338443858144e-05
meta_dino+bio,"MLP (256, 256, 256) lr=0.0001 do=0.4 act=GELU",0.9639402394033192,9.003338443858144e-05
meta_dino+bio,"MLP (256, 256, 256) lr=0.0001 do=0.4 act=ReLU",0.9639402394033192,9.003338443858144e-05
meta_dino+bio,"MLP (256, 256, 256) lr=0.0001 do=0.2 act=GELU",0.9639402394033192,9.003338443858144e-05
meta_dino+bio,"MLP (256, 256, 256) lr=0.0001 do=0.2 act=ReLU",0.9639402394033192,9.003338443858144e-05
meta_dino+bio,"MLP (256, 256, 256) lr=0.0001 do=0.0 act=GELU",0.9639402394033192,9.003338443858144e-05
meta_dino+bio,"MLP (256, 256, 256) lr=0.0001 do=0.0 act=ReLU",0.9639402394033192,9.003338443858144e-05
meta_dino+bio,"MLP (1024, 128) lr=0.001 do=0.4 act=GELU",0.9639402394033192,9.003338443858144e-05
meta_dino+bio,"MLP (256, 256, 128) lr=0.001 do=0.4 act=ReLU",0.9639402394033192,9.003338443858144e-05
meta_dino+bio,"MLP (256, 256, 128) lr=0.001 do=0.2 act=GELU",0.9639402394033192,9.003338443858144e-05
meta_dino+bio,"MLP (256, 256, 128) lr=0.001 do=0.2 act=ReLU",0.9639402394033192,9.003338443858144e-05
meta_dino+bio,"MLP (256, 256, 128) lr=0.001 do=0.0 act=GELU",0.9639402394033192,9.003338443858144e-05
meta_dino+bio,"MLP (256, 256, 128) lr=0.001 do=0.0 act=ReLU",0.9639402394033192,9.003338443858144e-05
meta_dino+bio,"MLP (1024, 256, 128) lr=0.001 do=0.4 act=ReLU",0.9639402394033192,9.003338443858144e-05
meta_dino+bio,"MLP (1024, 256, 128) lr=0.001 do=0.2 act=GELU",0.9639402394033192,9.003338443858144e-05
meta_dino+bio,"MLP (1024, 256, 128) lr=0.001 do=0.2 act=ReLU",0.9639402394033192,9.003338443858144e-05
meta_dino+bio,"MLP (1024, 256, 128) lr=0.001 do=0.0 act=ReLU",0.9639402394033192,9.003338443858144e-05
meta_dino+bio,"MLP (1024, 128, 1024) lr=0.0001 do=0.4 act=GELU",0.9639402394033192,9.003338443858144e-05
meta_dino+bio,"MLP (1024, 128, 1024) lr=0.0001 do=0.4 act=ReLU",0.9639402394033192,9.003338443858144e-05
meta_dino+bio,"MLP (1024, 128, 1024) lr=0.0001 do=0.2 act=GELU",0.9639402394033192,9.003338443858144e-05
meta_dino+bio,"MLP (256, 128, 1024) lr=0.0001 do=0.2 act=GELU",0.9639402394033192,9.003338443858144e-05
meta_dino+bio,"MLP (256, 128, 1024) lr=0.0001 do=0.2 act=ReLU",0.9639402394033192,9.003338443858144e-05
meta_dino+bio,"MLP (256, 128, 1024) lr=0.0001 do=0.0 act=GELU",0.9639402394033192,9.003338443858144e-05
meta_dino+bio,"MLP (256, 128, 1024) lr=0.0001 do=0.0 act=ReLU",0.9639402394033192,9.003338443858144e-05
meta_dino+bio,"MLP (256, 128, 1024) lr=0.001 do=0.4 act=GELU",0.9639402394033192,9.003338443858144e-05
meta_dino+bio,"MLP (256, 128, 1024) lr=0.001 do=0.4 act=ReLU",0.9639402394033192,9.003338443858144e-05
meta_dino+bio,"MLP (256, 128, 1024) lr=0.001 do=0.2 act=GELU",0.9639402394033192,9.003338443858144e-05
meta_dino+bio,"MLP (256, 128, 1024) lr=0.001 do=0.2 act=ReLU",0.9639402394033192,9.003338443858144e-05
meta_dino+bio,"MLP (256, 128, 1024) lr=0.001 do=0.0 act=GELU",0.9639402394033192,9.003338443858144e-05
meta_dino+bio,"MLP (1024, 128) lr=0.0001 do=0.0 act=ReLU",0.9639402394033192,9.003338443858144e-05
meta_dino+bio,"MLP (256, 128, 256) lr=0.001 do=0.2 act=ReLU",0.9639402394033192,9.003338443858144e-05
meta_dino+bio,"MLP (256, 128, 256) lr=0.001 do=0.0 act=ReLU",0.9639402394033192,9.003338443858144e-05
meta_dino+bio,"MLP (256, 128, 1024) lr=0.001 do=0.0 act=ReLU",0.9639402394033192,9.003338443858144e-05
meta_dino+bio,"MLP (256, 128, 512) lr=0.0001 do=0.4 act=GELU",0.9639402394033192,9.003338443858144e-05
meta_dino+bio,"MLP (256, 128, 512) lr=0.0001 do=0.4 act=ReLU",0.9639402394033192,9.003338443858144e-05
meta_dino+bio,"MLP (256, 128, 512) lr=0.0001 do=0.2 act=GELU",0.9639402394033192,9.003338443858144e-05
meta_dino+bio,"MLP (256, 128, 512) lr=0.0001 do=0.2 act=ReLU",0.9639402394033192,9.003338443858144e-05
meta_dino+bio,"MLP (256, 128, 512) lr=0.0001 do=0.0 act=GELU",0.9639402394033192,9.003338443858144e-05
meta_dino+bio,"MLP (256, 128, 512) lr=0.0001 do=0.0 act=ReLU",0.9639402394033192,9.003338443858144e-05
meta_dino+bio,"MLP (256, 128, 512) lr=0.001 do=0.4 act=GELU",0.9639402394033192,9.003338443858144e-05
meta_dino+bio,"MLP (256, 128, 512) lr=0.001 do=0.4 act=ReLU",0.9639402394033192,9.003338443858144e-05
meta_dino+bio,"MLP (256, 128, 512) lr=0.001 do=0.2 act=GELU",0.9639402394033192,9.003338443858144e-05
meta_dino+bio,"MLP (256, 128, 512) lr=0.001 do=0.2 act=ReLU",0.9639402394033192,9.003338443858144e-05
meta_dino+bio,"MLP (256, 128, 512) lr=0.001 do=0.0 act=ReLU",0.9639402394033192,9.003338443858144e-05
meta_dino+bio,"MLP (256, 128, 1024) lr=0.0001 do=0.4 act=ReLU",0.9639402394033192,9.003338443858144e-05
meta_dino+bio,"MLP (1024, 128, 1024) lr=0.001 do=0.4 act=GELU",0.9639402394033192,9.003338443858144e-05
meta_dino+bio,"MLP (1024, 128, 1024) lr=0.001 do=0.4 act=ReLU",0.9639402394033192,9.003338443858144e-05
meta_dino+bio,"MLP (1024, 128, 1024) lr=0.001 do=0.2 act=ReLU",0.9639402394033192,9.003338443858144e-05
meta_dino+bio,"MLP (1024, 128, 1024) lr=0.001 do=0.0 act=ReLU",0.9639402394033192,9.003338443858144e-05
meta_dino+bio,"MLP (1024, 128, 512) lr=0.0001 do=0.4 act=GELU",0.9639402394033192,9.003338443858144e-05
meta_dino+bio,"MLP (1024, 128, 512) lr=0.0001 do=0.4 act=ReLU",0.9639402394033192,9.003338443858144e-05
meta_dino+bio,"MLP (1024, 128, 512) lr=0.0001 do=0.2 act=GELU",0.9639402394033192,9.003338443858144e-05
meta_dino+bio,"MLP (1024, 128, 512) lr=0.0001 do=0.2 act=ReLU",0.9639402394033192,9.003338443858144e-05
meta_dino+bio,"MLP (1024, 128) lr=0.0001 do=0.0 act=GELU",0.9639402394033192,9.003338443858144e-05
meta_dino+bio,"MLP (256, 128, 256) lr=0.0001 do=0.2 act=ReLU",0.9639402394033192,9.003338443858144e-05
meta_dino+bio,"MLP (256, 128, 256) lr=0.0001 do=0.0 act=ReLU",0.9639402394033192,9.003338443858144e-05
meta_dino+bio,"MLP (256, 128, 256) lr=0.001 do=0.4 act=GELU",0.9639402394033192,9.003338443858144e-05
meta_dino+bio,"MLP (256, 128, 256) lr=0.001 do=0.4 act=ReLU",0.9639402394033192,9.003338443858144e-05
meta_dino+bio,"MLP (256, 128, 256) lr=0.001 do=0.2 act=GELU",0.9639402394033192,9.003338443858144e-05
meta_dino+bio,"MLP (1024, 256) lr=0.001 do=0.2 act=ReLU",0.9639402394033192,9.003338443858144e-05
meta_dino+bio,"MLP (1024, 256) lr=0.001 do=0.0 act=GELU",0.9639402394033192,9.003338443858144e-05
meta_dino+bio,"MLP (1024, 256) lr=0.001 do=0.0 act=ReLU",0.9639402394033192,9.003338443858144e-05
meta_dino+bio,"MLP (1024, 128) lr=0.0001 do=0.4 act=GELU",0.9639402394033192,9.003338443858144e-05
meta_dino+bio,"MLP (1024, 128) lr=0.0001 do=0.4 act=ReLU",0.9639402394033192,9.003338443858144e-05
meta_dino+bio,"MLP (256, 128, 128) lr=0.001 do=0.4 act=GELU",0.9639402394033192,9.003338443858144e-05
meta_dino+bio,"MLP (256, 128, 128) lr=0.001 do=0.2 act=GELU",0.9639402394033192,9.003338443858144e-05
meta_dino+bio,"MLP (256, 128, 128) lr=0.001 do=0.2 act=ReLU",0.9639402394033192,9.003338443858144e-05
meta_dino+bio,"MLP (256, 128, 128) lr=0.001 do=0.0 act=GELU",0.9639402394033192,9.003338443858144e-05
meta_dino+bio,"MLP (256, 128, 128) lr=0.001 do=0.0 act=ReLU",0.9639402394033192,9.003338443858144e-05
meta_dino+bio,"MLP (128, 1024, 1024) lr=0.0001 do=0.4 act=GELU",0.9639402394033192,9.003338443858144e-05
meta_dino+bio,"MLP (128, 1024, 1024) lr=0.0001 do=0.4 act=ReLU",0.9639402394033192,9.003338443858144e-05
meta_dino+bio,"MLP (128, 1024, 1024) lr=0.0001 do=0.2 act=GELU",0.9639402394033192,9.003338443858144e-05
meta_dino+bio,"MLP (128, 1024, 1024) lr=0.0001 do=0.2 act=ReLU",0.9639402394033192,9.003338443858144e-05
meta_dino+bio,"MLP (1024, 128) lr=0.0001 do=0.2 act=GELU",0.9639402394033192,9.003338443858144e-05
meta_dino+bio,"MLP (1024, 128) lr=0.0001 do=0.2 act=ReLU",0.9639402394033192,9.003338443858144e-05
meta_dino+bio,"MLP (256, 1024, 1024) lr=0.0001 do=0.0 act=ReLU",0.9639402394033192,9.003338443858144e-05
meta_dino+bio,"MLP (256, 1024, 1024) lr=0.001 do=0.4 act=GELU",0.9639402394033192,9.003338443858144e-05
meta_dino+bio,"MLP (256, 1024, 1024) lr=0.001 do=0.4 act=ReLU",0.9639402394033192,9.003338443858144e-05
meta_dino+bio,"MLP (256, 1024, 1024) lr=0.001 do=0.2 act=GELU",0.9639402394033192,9.003338443858144e-05
meta_dino+bio,"MLP (256, 1024, 1024) lr=0.001 do=0.2 act=ReLU",0.9639402394033192,9.003338443858144e-05
meta_dino+bio,"MLP (256, 1024, 1024) lr=0.001 do=0.0 act=GELU",0.9639402394033192,9.003338443858144e-05
meta_dino+bio,"MLP (256, 512) lr=0.0001 do=0.2 act=ReLU",0.9639402394033192,9.003338443858144e-05
meta_dino+bio,"MLP (256, 512) lr=0.0001 do=0.0 act=GELU",0.9639402394033192,9.003338443858144e-05
meta_dino+bio,"MLP (256, 512) lr=0.0001 do=0.0 act=ReLU",0.9639402394033192,9.003338443858144e-05
meta_dino+bio,"MLP (256, 512) lr=0.001 do=0.4 act=GELU",0.9639402394033192,9.003338443858144e-05
meta_dino+bio,"MLP (256, 512) lr=0.001 do=0.4 act=ReLU",0.9639402394033192,9.003338443858144e-05
meta_dino+bio,"MLP (256, 512) lr=0.001 do=0.2 act=GELU",0.9639402394033192,9.003338443858144e-05
meta_dino+bio,"MLP (1024, 256) lr=0.001 do=0.2 act=GELU",0.9639402394033192,9.003338443858144e-05
meta_dino+bio,"MLP (512, 256, 256) lr=0.001 do=0.4 act=GELU",0.9639402394033192,9.003338443858144e-05
meta_dino+bio,"MLP (512, 256, 256) lr=0.001 do=0.4 act=ReLU",0.9639402394033192,9.003338443858144e-05
meta_dino+bio,"MLP (512, 256, 256) lr=0.001 do=0.2 act=GELU",0.9639402394033192,9.003338443858144e-05
meta_dino+bio,"MLP (512, 256, 256) lr=0.001 do=0.2 act=ReLU",0.9639402394033192,9.003338443858144e-05
meta_dino+bio,"MLP (512, 256, 256) lr=0.001 do=0.0 act=GELU",0.9639402394033192,9.003338443858144e-05
meta_dino+bio,"MLP (512, 256, 256) lr=0.001 do=0.0 act=ReLU",0.9639402394033192,9.003338443858144e-05
meta_dino+bio,"MLP (512, 256, 128) lr=0.0001 do=0.2 act=GELU",0.9639402394033192,9.003338443858144e-05
meta_dino+bio,"MLP (512, 256, 128) lr=0.0001 do=0.0 act=GELU",0.9639402394033192,9.003338443858144e-05
meta_dino+bio,"MLP (512, 256, 128) lr=0.001 do=0.4 act=GELU",0.9639402394033192,9.003338443858144e-05
meta_dino+bio,"MLP (1024, 256) lr=0.0001 do=0.2 act=ReLU",0.9639402394033192,9.003338443858144e-05
meta_dino+bio,"MLP (1024, 256) lr=0.0001 do=0.0 act=GELU",0.9639402394033192,9.003338443858144e-05
meta_dino+bio,"MLP (1024, 256) lr=0.0001 do=0.0 act=ReLU",0.9639402394033192,9.003338443858144e-05
meta_dino+bio,"MLP (1024, 256) lr=0.001 do=0.4 act=GELU",0.9639402394033192,9.003338443858144e-05
meta_dino+bio,"MLP (1024, 256) lr=0.001 do=0.4 act=ReLU",0.9639402394033192,9.003338443858144e-05
meta_dino+bio,"MLP (256, 1024, 256) lr=0.0001 do=0.4 act=ReLU",0.9639402394033192,9.003338443858144e-05
meta_dino+bio,"MLP (128, 1024, 512) lr=0.0001 do=0.4 act=ReLU",0.9639402394033192,9.003338443858144e-05
meta_dino+bio,"MLP (128, 1024, 1024) lr=0.0001 do=0.0 act=ReLU",0.9639402394033192,9.003338443858144e-05
meta_dino+bio,"MLP (128, 1024, 1024) lr=0.001 do=0.4 act=GELU",0.9639402394033192,9.003338443858144e-05
meta_dino+bio,"MLP (128, 1024, 1024) lr=0.001 do=0.4 act=ReLU",0.9639402394033192,9.003338443858144e-05
meta_dino+bio,"MLP (128, 1024, 1024) lr=0.001 do=0.2 act=GELU",0.9639402394033192,9.003338443858144e-05
meta_dino+bio,"MLP (128, 1024, 1024) lr=0.001 do=0.2 act=ReLU",0.9639402394033192,9.003338443858144e-05
meta_dino+bio,"MLP (128, 1024, 1024) lr=0.001 do=0.0 act=GELU",0.9639402394033192,9.003338443858144e-05
meta_dino+bio,"MLP (128, 1024, 1024) lr=0.0001 do=0.0 act=GELU",0.9639402394033192,9.003338443858144e-05
meta_dino+bio,"MLP (512, 256, 256) lr=0.0001 do=0.2 act=ReLU",0.9639402394033192,9.003338443858144e-05
meta_dino+bio,"MLP (512, 256, 256) lr=0.0001 do=0.0 act=GELU",0.9639402394033192,9.003338443858144e-05
meta_dino+bio,"MLP (512, 256, 256) lr=0.0001 do=0.0 act=ReLU",0.9639402394033192,9.003338443858144e-05
meta_dino+bio,"MLP (128, 1024, 256) lr=0.0001 do=0.4 act=ReLU",0.9639402394033192,9.003338443858144e-05
meta_dino+bio,"MLP (128, 1024, 256) lr=0.0001 do=0.2 act=GELU",0.9639402394033192,9.003338443858144e-05
meta_dino+bio,"MLP (1024, 128, 512) lr=0.0001 do=0.0 act=GELU",0.9639402394033192,9.003338443858144e-05
meta_dino+bio,"MLP (1024, 128, 512) lr=0.0001 do=0.0 act=ReLU",0.9639402394033192,9.003338443858144e-05
meta_dino+bio,"MLP (1024, 128, 512) lr=0.001 do=0.4 act=GELU",0.9639402394033192,9.003338443858144e-05
meta_dino+bio,"MLP (1024, 128, 512) lr=0.001 do=0.4 act=ReLU",0.9639402394033192,9.003338443858144e-05
meta_dino+bio,"MLP (1024, 128, 512) lr=0.001 do=0.2 act=GELU",0.9639402394033192,9.003338443858144e-05
meta_dino+bio,"MLP (1024, 128, 512) lr=0.001 do=0.2 act=ReLU",0.9639402394033192,9.003338443858144e-05
meta_dino+bio,"MLP (1024, 128, 512) lr=0.001 do=0.0 act=ReLU",0.9639402394033192,9.003338443858144e-05
meta_dino+bio,"MLP (1024, 128, 256) lr=0.0001 do=0.4 act=GELU",0.9639402394033192,9.003338443858144e-05
meta_dino+bio,"MLP (1024, 128, 256) lr=0.0001 do=0.4 act=ReLU",0.9639402394033192,9.003338443858144e-05
meta_dino+bio,"MLP (1024, 128, 256) lr=0.0001 do=0.2 act=GELU",0.9639402394033192,9.003338443858144e-05
meta_dino+bio,"MLP (128, 1024, 1024) lr=0.001 do=0.0 act=ReLU",0.9639402394033192,9.003338443858144e-05
meta_dino+bio,"MLP (128, 1024, 512) lr=0.0001 do=0.4 act=GELU",0.9639402394033192,9.003338443858144e-05
meta_dino+bio,"MLP (128, 1024, 128) lr=0.0001 do=0.4 act=ReLU",0.9639402394033192,9.003338443858144e-05
meta_dino+bio,"MLP (128, 1024, 128) lr=0.0001 do=0.2 act=GELU",0.9639402394033192,9.003338443858144e-05
meta_dino+bio,"MLP (128, 1024, 128) lr=0.0001 do=0.2 act=ReLU",0.9639402394033192,9.003338443858144e-05
meta_dino+bio,"MLP (128, 1024, 128) lr=0.0001 do=0.0 act=GELU",0.9639402394033192,9.003338443858144e-05
meta_dino+bio,"MLP (128, 1024, 128) lr=0.0001 do=0.0 act=ReLU",0.9639402394033192,9.003338443858144e-05
meta_dino+bio,"MLP (128, 1024, 512) lr=0.0001 do=0.2 act=GELU",0.9639402394033192,9.003338443858144e-05
meta_dino+bio,"MLP (128, 1024, 512) lr=0.0001 do=0.2 act=ReLU",0.9639402394033192,9.003338443858144e-05
meta_dino+bio,"MLP (128, 1024, 512) lr=0.0001 do=0.0 act=GELU",0.9639402394033192,9.003338443858144e-05
meta_dino+bio,"MLP (128, 1024, 512) lr=0.0001 do=0.0 act=ReLU",0.9639402394033192,9.003338443858144e-05
meta_dino+bio,"MLP (128, 1024, 512) lr=0.001 do=0.4 act=GELU",0.9639402394033192,9.003338443858144e-05
meta_dino+bio,"MLP (128, 1024, 512) lr=0.001 do=0.4 act=ReLU",0.9639402394033192,9.003338443858144e-05
meta_dino+bio,"MLP (128, 1024, 512) lr=0.001 do=0.2 act=GELU",0.9639402394033192,9.003338443858144e-05
meta_dino+bio,"MLP (128, 1024, 512) lr=0.001 do=0.2 act=ReLU",0.9639402394033192,9.003338443858144e-05
meta_dino+bio,"MLP (128, 1024, 512) lr=0.001 do=0.0 act=GELU",0.9639402394033192,9.003338443858144e-05
meta_dino+bio,"MLP (128, 1024, 512) lr=0.001 do=0.0 act=ReLU",0.9639402394033192,9.003338443858144e-05
meta_dino+bio,"MLP (128, 1024, 256) lr=0.0001 do=0.4 act=GELU",0.9639402394033192,9.003338443858144e-05
meta_dino+bio,"MLP (128, 1024, 256) lr=0.0001 do=0.2 act=ReLU",0.9639402394033192,9.003338443858144e-05
meta_dino+bio,"MLP (128, 1024, 256) lr=0.0001 do=0.0 act=GELU",0.9639402394033192,9.003338443858144e-05
meta_dino+bio,"MLP (128, 1024, 256) lr=0.0001 do=0.0 act=ReLU",0.9639402394033192,9.003338443858144e-05
meta_dino+bio,"MLP (128, 1024, 256) lr=0.001 do=0.4 act=GELU",0.9639402394033192,9.003338443858144e-05
meta_dino+bio,"MLP (128, 1024, 256) lr=0.001 do=0.4 act=ReLU",0.9639402394033192,9.003338443858144e-05
meta_dino+bio,"MLP (128, 1024, 256) lr=0.001 do=0.2 act=GELU",0.9639402394033192,9.003338443858144e-05
meta_dino+bio,"MLP (128, 1024, 256) lr=0.001 do=0.2 act=ReLU",0.9639402394033192,9.003338443858144e-05
meta_dino+bio,"MLP (128, 1024, 256) lr=0.001 do=0.0 act=GELU",0.9639402394033192,9.003338443858144e-05
meta_dino+bio,"MLP (128, 1024, 256) lr=0.001 do=0.0 act=ReLU",0.9639402394033192,9.003338443858144e-05
meta_dino+bio,"MLP (128, 512, 1024) lr=0.0001 do=0.0 act=ReLU",0.9639402394033192,9.003338443858144e-05
meta_dino+bio,"MLP (128, 512, 1024) lr=0.001 do=0.4 act=GELU",0.9639402394033192,9.003338443858144e-05
meta_dino+bio,"MLP (1024, 128, 128) lr=0.0001 do=0.2 act=ReLU",0.9639402394033192,9.003338443858144e-05
meta_dino+bio,"MLP (1024, 128, 128) lr=0.0001 do=0.0 act=GELU",0.9639402394033192,9.003338443858144e-05
meta_dino+bio,"MLP (1024, 128, 128) lr=0.0001 do=0.0 act=ReLU",0.9639402394033192,9.003338443858144e-05
meta_dino+bio,"MLP (1024, 1024, 256) lr=0.0001 do=0.2 act=ReLU",0.9639402394033192,9.003338443858144e-05
meta_dino+bio,"MLP (1024, 1024, 256) lr=0.0001 do=0.0 act=GELU",0.9639402394033192,9.003338443858144e-05
meta_dino+bio,"MLP (128, 512, 512) lr=0.0001 do=0.2 act=GELU",0.9639402394033192,9.003338443858144e-05
meta_dino+bio,"MLP (128, 512, 512) lr=0.0001 do=0.2 act=ReLU",0.9639402394033192,9.003338443858144e-05
meta_dino+bio,"MLP (128, 512, 512) lr=0.0001 do=0.0 act=GELU",0.9639402394033192,9.003338443858144e-05
meta_dino+bio,"MLP (128, 512, 512) lr=0.0001 do=0.0 act=ReLU",0.9639402394033192,9.003338443858144e-05
meta_dino+bio,"MLP (128, 512, 512) lr=0.001 do=0.4 act=GELU",0.9639402394033192,9.003338443858144e-05
meta_dino+bio,"MLP (128, 512, 512) lr=0.001 do=0.4 act=ReLU",0.9639402394033192,9.003338443858144e-05
meta_dino+bio,"MLP (128, 512, 512) lr=0.001 do=0.2 act=GELU",0.9639402394033192,9.003338443858144e-05
meta_dino+bio,"MLP (128, 512, 512) lr=0.001 do=0.2 act=ReLU",0.9639402394033192,9.003338443858144e-05
meta_dino+bio,"MLP (128, 1024, 128) lr=0.001 do=0.4 act=ReLU",0.9639402394033192,9.003338443858144e-05
meta_dino+bio,"MLP (128, 1024, 128) lr=0.001 do=0.2 act=ReLU",0.9639402394033192,9.003338443858144e-05
meta_dino+bio,"MLP (128, 1024, 128) lr=0.001 do=0.0 act=ReLU",0.9639402394033192,9.003338443858144e-05
meta_dino+bio,"MLP (128, 512, 1024) lr=0.0001 do=0.4 act=GELU",0.9639402394033192,9.003338443858144e-05
meta_dino+bio,"MLP (128, 512, 1024) lr=0.0001 do=0.4 act=ReLU",0.9639402394033192,9.003338443858144e-05
meta_dino+bio,"MLP (128, 512, 1024) lr=0.0001 do=0.2 act=GELU",0.9639402394033192,9.003338443858144e-05
meta_dino+bio,"MLP (128, 512, 1024) lr=0.0001 do=0.2 act=ReLU",0.9639402394033192,9.003338443858144e-05
meta_dino+bio,"MLP (128, 512, 1024) lr=0.0001 do=0.0 act=GELU",0.9639402394033192,9.003338443858144e-05
meta_dino+bio,"MLP (1024, 128, 256) lr=0.0001 do=0.0 act=ReLU",0.9639402394033192,9.003338443858144e-05
meta_dino+bio,"MLP (1024, 128, 256) lr=0.001 do=0.4 act=GELU",0.9639402394033192,9.003338443858144e-05
meta_dino+bio,"MLP (1024, 128, 256) lr=0.001 do=0.4 act=ReLU",0.9639402394033192,9.003338443858144e-05
meta_dino+bio,"MLP (1024, 128, 256) lr=0.001 do=0.2 act=GELU",0.9639402394033192,9.003338443858144e-05
meta_dino+bio,"MLP (1024, 128, 256) lr=0.001 do=0.2 act=ReLU",0.9639402394033192,9.003338443858144e-05
meta_dino+bio,"MLP (1024, 128, 256) lr=0.001 do=0.0 act=GELU",0.9639402394033192,9.003338443858144e-05
meta_dino+bio,"MLP (1024, 128, 256) lr=0.001 do=0.0 act=ReLU",0.9639402394033192,9.003338443858144e-05
meta_dino+bio,"MLP (1024, 128, 128) lr=0.0001 do=0.4 act=GELU",0.9639402394033192,9.003338443858144e-05
meta_dino+bio,"MLP (1024, 128, 128) lr=0.0001 do=0.4 act=ReLU",0.9639402394033192,9.003338443858144e-05
meta_dino+bio,"MLP (1024, 128, 128) lr=0.0001 do=0.2 act=GELU",0.9639402394033192,9.003338443858144e-05
meta_dino+bio,"MLP (128, 512, 1024) lr=0.001 do=0.4 act=ReLU",0.9639402394033192,9.003338443858144e-05
meta_dino+bio,"MLP (128, 512, 1024) lr=0.001 do=0.2 act=GELU",0.9639402394033192,9.003338443858144e-05
meta_dino+bio,"MLP (128, 512, 1024) lr=0.001 do=0.2 act=ReLU",0.9639402394033192,9.003338443858144e-05
meta_dino+bio,"MLP (128, 512, 1024) lr=0.001 do=0.0 act=GELU",0.9639402394033192,9.003338443858144e-05
meta_dino+bio,"MLP (128, 512, 1024) lr=0.001 do=0.0 act=ReLU",0.9639402394033192,9.003338443858144e-05
meta_dino+bio,"MLP (128, 512, 512) lr=0.0001 do=0.4 act=ReLU",0.9639402394033192,9.003338443858144e-05
meta_dino+bio,"MLP (128, 512, 128) lr=0.0001 do=0.4 act=ReLU",0.9639402394033192,9.003338443858144e-05
meta_dino+bio,"MLP (128, 512, 128) lr=0.0001 do=0.2 act=ReLU",0.9639402394033192,9.003338443858144e-05
meta_dino+bio,"MLP (128, 512, 128) lr=0.0001 do=0.0 act=ReLU",0.9639402394033192,9.003338443858144e-05
meta_dino+bio,"MLP (128, 512, 128) lr=0.001 do=0.4 act=GELU",0.9639402394033192,9.003338443858144e-05
meta_dino+bio,"MLP (128, 512, 512) lr=0.001 do=0.0 act=GELU",0.9639402394033192,9.003338443858144e-05
meta_dino+bio,"MLP (128, 512, 512) lr=0.001 do=0.0 act=ReLU",0.9639402394033192,9.003338443858144e-05
meta_dino+bio,"MLP (128, 512, 256) lr=0.0001 do=0.4 act=ReLU",0.9639402394033192,9.003338443858144e-05
meta_dino+bio,"MLP (128, 512, 256) lr=0.0001 do=0.2 act=ReLU",0.9639402394033192,9.003338443858144e-05
meta_dino+bio,"MLP (128, 512, 256) lr=0.0001 do=0.0 act=GELU",0.9639402394033192,9.003338443858144e-05
meta_dino+bio,"MLP (128, 512, 256) lr=0.001 do=0.4 act=GELU",0.9639402394033192,9.003338443858144e-05
meta_dino+bio,"MLP (128, 512, 256) lr=0.001 do=0.4 act=ReLU",0.9639402394033192,9.003338443858144e-05
meta_dino+bio,"MLP (128, 512, 256) lr=0.001 do=0.2 act=GELU",0.9639402394033192,9.003338443858144e-05
meta_dino+bio,"MLP (128, 256) lr=0.001 do=0.0 act=ReLU",0.9639402394033192,9.003338443858144e-05
meta_dino+bio,"MLP (128, 128) lr=0.001 do=0.4 act=GELU",0.9639402394033192,9.003338443858144e-05
meta_dino+bio,"MLP (1024, 128, 256) lr=0.0001 do=0.2 act=ReLU",0.9639402394033192,9.003338443858144e-05
meta_dino+bio,"MLP (1024, 128, 256) lr=0.0001 do=0.0 act=GELU",0.9639402394033192,9.003338443858144e-05
meta_dino+bio,"MLP (128, 512, 128) lr=0.001 do=0.2 act=GELU",0.9639402394033192,9.003338443858144e-05
meta_dino+bio,"MLP (128, 512, 128) lr=0.001 do=0.2 act=ReLU",0.9639402394033192,9.003338443858144e-05
meta_dino+bio,"MLP (128, 512, 128) lr=0.001 do=0.0 act=GELU",0.9639402394033192,9.003338443858144e-05
meta_dino+bio,"MLP (128, 512, 128) lr=0.001 do=0.0 act=ReLU",0.9639402394033192,9.003338443858144e-05
meta_dino+bio,"MLP (128, 256, 1024) lr=0.0001 do=0.2 act=GELU",0.9639402394033192,9.003338443858144e-05
meta_dino+bio,"MLP (128, 256, 1024) lr=0.0001 do=0.2 act=ReLU",0.9639402394033192,9.003338443858144e-05
meta_dino+bio,"MLP (128, 256, 1024) lr=0.0001 do=0.0 act=GELU",0.9639402394033192,9.003338443858144e-05
meta_dino+bio,"MLP (128, 256, 1024) lr=0.001 do=0.4 act=GELU",0.9639402394033192,9.003338443858144e-05
meta_dino+bio,"MLP (128, 256, 1024) lr=0.001 do=0.4 act=ReLU",0.9639402394033192,9.003338443858144e-05
meta_dino+bio,"MLP (128, 256, 1024) lr=0.001 do=0.2 act=GELU",0.9639402394033192,9.003338443858144e-05
meta_dino+bio,"MLP (128, 256, 1024) lr=0.001 do=0.2 act=ReLU",0.9639402394033192,9.003338443858144e-05
meta_dino+bio,"MLP (128, 256, 1024) lr=0.001 do=0.0 act=GELU",0.9639402394033192,9.003338443858144e-05
meta_dino+bio,"MLP (128, 1024) lr=0.001 do=0.0 act=ReLU",0.9639402394033192,9.003338443858144e-05
meta_dino+bio,"MLP (128, 512, 256) lr=0.001 do=0.2 act=ReLU",0.9639402394033192,9.003338443858144e-05
meta_dino+bio,"MLP (128, 512, 256) lr=0.001 do=0.0 act=GELU",0.9639402394033192,9.003338443858144e-05
meta_dino+bio,"MLP (128, 512, 256) lr=0.001 do=0.0 act=ReLU",0.9639402394033192,9.003338443858144e-05
meta_dino+bio,"MLP (1024, 1024, 256) lr=0.0001 do=0.0 act=ReLU",0.9639402394033192,9.003338443858144e-05
meta_dino+bio,"MLP (1024, 1024, 256) lr=0.001 do=0.4 act=ReLU",0.9639402394033192,9.003338443858144e-05
meta_dino+bio,"MLP (128, 256, 1024) lr=0.001 do=0.0 act=ReLU",0.9639402394033192,9.003338443858144e-05
meta_dino+bio,"MLP (128, 256, 512) lr=0.0001 do=0.4 act=ReLU",0.9639402394033192,9.003338443858144e-05
meta_dino+bio,"MLP (128, 256, 512) lr=0.0001 do=0.2 act=ReLU",0.9639402394033192,9.003338443858144e-05
meta_dino+bio,"MLP (128, 256, 512) lr=0.0001 do=0.0 act=GELU",0.9639402394033192,9.003338443858144e-05
meta_dino+bio,"MLP (1024, 1024, 256) lr=0.001 do=0.2 act=ReLU",0.9639402394033192,9.003338443858144e-05
meta_dino+bio,"MLP (1024, 1024, 256) lr=0.001 do=0.0 act=ReLU",0.9639402394033192,9.003338443858144e-05
meta_dino+bio,"MLP (1024, 1024, 128) lr=0.0001 do=0.4 act=GELU",0.9639402394033192,9.003338443858144e-05
meta_dino+bio,"MLP (1024, 1024, 128) lr=0.0001 do=0.4 act=ReLU",0.9639402394033192,9.003338443858144e-05
meta_dino+bio,"MLP (1024, 1024, 128) lr=0.0001 do=0.2 act=GELU",0.9639402394033192,9.003338443858144e-05
meta_dino+bio,"MLP (1024, 1024, 128) lr=0.0001 do=0.2 act=ReLU",0.9639402394033192,9.003338443858144e-05
meta_dino+bio,"MLP (1024, 1024, 128) lr=0.0001 do=0.0 act=GELU",0.9639402394033192,9.003338443858144e-05
meta_dino+bio,"MLP (1024, 1024, 128) lr=0.0001 do=0.0 act=ReLU",0.9639402394033192,9.003338443858144e-05
meta_dino+bio,NB var_smooth=0.001,0.9639402394033192,9.003338443858144e-05
meta_dino+bio,"MLP (128, 512, 128) lr=0.001 do=0.4 act=ReLU",0.9639402394033192,9.003338443858144e-05
meta_dino+bio,"MLP (128, 256, 512) lr=0.001 do=0.2 act=ReLU",0.9639402394033192,9.003338443858144e-05
meta_dino+bio,"MLP (128, 256, 512) lr=0.001 do=0.0 act=GELU",0.9639402394033192,9.003338443858144e-05
meta_dino+bio,"MLP (128, 256, 512) lr=0.001 do=0.0 act=ReLU",0.9639402394033192,9.003338443858144e-05
meta_dino+bio,"MLP (128, 256, 256) lr=0.0001 do=0.2 act=ReLU",0.9639402394033192,9.003338443858144e-05
meta_dino+bio,"MLP (128, 256, 256) lr=0.001 do=0.4 act=GELU",0.9639402394033192,9.003338443858144e-05
meta_dino+bio,"MLP (128, 256, 256) lr=0.001 do=0.4 act=ReLU",0.9639402394033192,9.003338443858144e-05
meta_dino+bio,"MLP (512, 1024, 1024) lr=0.0001 do=0.4 act=ReLU",0.9639402394033192,9.003338443858144e-05
meta_dino+bio,"MLP (512, 1024, 1024) lr=0.0001 do=0.2 act=GELU",0.9639402394033192,9.003338443858144e-05
meta_dino+bio,"MLP (512, 1024, 1024) lr=0.0001 do=0.2 act=ReLU",0.9639402394033192,9.003338443858144e-05
meta_dino+bio,"MLP (512, 1024, 1024) lr=0.0001 do=0.0 act=GELU",0.9639402394033192,9.003338443858144e-05
meta_dino+bio,"MLP (512, 1024, 1024) lr=0.0001 do=0.0 act=ReLU",0.9639402394033192,9.003338443858144e-05
meta_dino+bio,"MLP (512, 1024, 1024) lr=0.001 do=0.4 act=GELU",0.9639402394033192,9.003338443858144e-05
meta_dino+bio,"MLP (1024, 256) lr=0.0001 do=0.2 act=GELU",0.9639402394033192,9.003338443858144e-05
meta_dino+bio,"MLP (1024, 1024, 512) lr=0.001 do=0.0 act=ReLU",0.9639402394033192,9.003338443858144e-05
meta_dino+bio,"MLP (512, 1024, 128) lr=0.001 do=0.4 act=ReLU",0.9639402394033192,9.003338443858144e-05
meta_dino+bio,"MLP (512, 128, 512) lr=0.0001 do=0.0 act=ReLU",0.9639402394033192,9.003338443858144e-05
meta_dino+bio,"MLP (1024, 128, 128) lr=0.001 do=0.4 act=ReLU",0.9639402394033192,9.003338443858144e-05
meta_dino+bio,"MLP (1024, 128, 128) lr=0.001 do=0.2 act=GELU",0.9639402394033192,9.003338443858144e-05
meta_dino+bio,"MLP (1024, 128, 128) lr=0.001 do=0.2 act=ReLU",0.9639402394033192,9.003338443858144e-05
meta_dino+bio,"MLP (1024, 128, 128) lr=0.001 do=0.0 act=GELU",0.9639402394033192,9.003338443858144e-05
meta_dino+bio,"MLP (1024, 128, 128) lr=0.001 do=0.0 act=ReLU",0.9639402394033192,9.003338443858144e-05
meta_dino+bio,"MLP (512, 1024, 1024) lr=0.0001 do=0.4 act=GELU",0.9639402394033192,9.003338443858144e-05
meta_dino+bio,"MLP (128, 256, 256) lr=0.001 do=0.2 act=ReLU",0.9639402394033192,9.003338443858144e-05
meta_dino+bio,"MLP (128, 256, 256) lr=0.001 do=0.0 act=GELU",0.9639402394033192,9.003338443858144e-05
meta_dino+bio,"MLP (128, 256, 256) lr=0.001 do=0.0 act=ReLU",0.9639402394033192,9.003338443858144e-05
meta_dino+bio,"MLP (512, 128, 512) lr=0.001 do=0.4 act=GELU",0.9639402394033192,9.003338443858144e-05
meta_dino+bio,"MLP (512, 128, 512) lr=0.001 do=0.4 act=ReLU",0.9639402394033192,9.003338443858144e-05
meta_dino+bio,"MLP (512, 128, 256) lr=0.0001 do=0.4 act=ReLU",0.9639402394033192,9.003338443858144e-05
meta_dino+bio,"MLP (128, 256, 512) lr=0.0001 do=0.0 act=ReLU",0.9639402394033192,9.003338443858144e-05
meta_dino+bio,"MLP (128, 256, 512) lr=0.001 do=0.4 act=GELU",0.9639402394033192,9.003338443858144e-05
meta_dino+bio,"MLP (128, 256, 512) lr=0.001 do=0.4 act=ReLU",0.9639402394033192,9.003338443858144e-05
meta_dino+bio,"MLP (128, 256, 512) lr=0.001 do=0.2 act=GELU",0.9639402394033192,9.003338443858144e-05
meta_dino+bio,"MLP (1024, 512) lr=0.0001 do=0.0 act=ReLU",0.9639402394033192,9.003338443858144e-05
meta_dino+bio,"MLP (1024, 512) lr=0.001 do=0.4 act=GELU",0.9639402394033192,9.003338443858144e-05
meta_dino+bio,"MLP (128, 128) lr=0.0001 do=0.2 act=ReLU",0.9639402394033192,9.003338443858144e-05
meta_dino+bio,"MLP (128, 256, 128) lr=0.001 do=0.2 act=GELU",0.9639402394033192,9.003338443858144e-05
meta_dino+bio,"MLP (128, 256, 128) lr=0.001 do=0.2 act=ReLU",0.9639402394033192,9.003338443858144e-05
meta_dino+bio,"MLP (128, 256, 128) lr=0.001 do=0.0 act=GELU",0.9639402394033192,9.003338443858144e-05
meta_dino+bio,"MLP (128, 128, 1024) lr=0.001 do=0.0 act=GELU",0.9639402394033192,9.003338443858144e-05
meta_dino+bio,"MLP (128, 128, 1024) lr=0.001 do=0.0 act=ReLU",0.9639402394033192,9.003338443858144e-05
meta_dino+bio,"MLP (1024, 512) lr=0.001 do=0.4 act=ReLU",0.9639402394033192,9.003338443858144e-05
meta_dino+bio,"MLP (1024, 512) lr=0.001 do=0.2 act=GELU",0.9639402394033192,9.003338443858144e-05
meta_dino+bio,"MLP (1024, 512) lr=0.001 do=0.2 act=ReLU",0.9639402394033192,9.003338443858144e-05
meta_dino+bio,"MLP (1024, 512) lr=0.001 do=0.0 act=GELU",0.9639402394033192,9.003338443858144e-05
meta_dino+bio,"MLP (1024, 512) lr=0.001 do=0.0 act=ReLU",0.9639402394033192,9.003338443858144e-05
meta_dino+bio,"MLP (1024, 256) lr=0.0001 do=0.4 act=GELU",0.9639402394033192,9.003338443858144e-05
meta_dino+bio,"MLP (1024, 256) lr=0.0001 do=0.4 act=ReLU",0.9639402394033192,9.003338443858144e-05
meta_dino+bio,"MLP (256, 1024, 512) lr=0.001 do=0.0 act=ReLU",0.9639402394033192,9.003338443858144e-05
meta_dino+bio,"MLP (128, 128, 512) lr=0.001 do=0.2 act=GELU",0.9639402394033192,9.003338443858144e-05
meta_dino+bio,"MLP (128, 128, 512) lr=0.001 do=0.2 act=ReLU",0.9639402394033192,9.003338443858144e-05
meta_dino+bio,"MLP (128, 128, 512) lr=0.001 do=0.0 act=GELU",0.9639402394033192,9.003338443858144e-05
meta_dino+bio,"MLP (128, 128, 512) lr=0.001 do=0.0 act=ReLU",0.9639402394033192,9.003338443858144e-05
meta_dino+bio,"MLP (256, 1024, 256) lr=0.0001 do=0.4 act=GELU",0.9639402394033192,9.003338443858144e-05
meta_dino+bio,"MLP (1024, 1024, 256) lr=0.0001 do=0.4 act=GELU",0.9639402394033192,9.003338443858144e-05
meta_dino+bio,"MLP (1024, 256, 256) lr=0.0001 do=0.2 act=ReLU",0.9639402394033192,9.003338443858144e-05
meta_dino+bio,"MLP (1024, 256, 256) lr=0.0001 do=0.0 act=GELU",0.9639402394033192,9.003338443858144e-05
meta_dino+bio,"MLP (1024, 256, 256) lr=0.0001 do=0.0 act=ReLU",0.9639402394033192,9.003338443858144e-05
meta_dino+bio,"MLP (1024, 256, 256) lr=0.001 do=0.4 act=ReLU",0.9639402394033192,9.003338443858144e-05
meta_dino+bio,"MLP (1024, 1024) lr=0.001 do=0.0 act=ReLU",0.9639402394033192,9.003338443858144e-05
meta_dino+bio,"MLP (1024, 512) lr=0.0001 do=0.4 act=GELU",0.9639402394033192,9.003338443858144e-05
meta_dino+bio,"MLP (1024, 512) lr=0.0001 do=0.4 act=ReLU",0.9639402394033192,9.003338443858144e-05
meta_dino+bio,"MLP (1024, 512) lr=0.0001 do=0.2 act=GELU",0.9639402394033192,9.003338443858144e-05
meta_dino+bio,"MLP (1024, 512) lr=0.0001 do=0.2 act=ReLU",0.9639402394033192,9.003338443858144e-05
meta_dino+bio,"MLP (1024, 512) lr=0.0001 do=0.0 act=GELU",0.9639402394033192,9.003338443858144e-05
meta_dino+bio,"MLP (1024, 1024, 256) lr=0.0001 do=0.4 act=ReLU",0.9639402394033192,9.003338443858144e-05
meta_dino+bio,"MLP (1024, 1024, 1024) lr=0.0001 do=0.2 act=GELU",0.9639402394033192,9.003338443858144e-05
meta_dino+bio,"MLP (512, 256, 512) lr=0.0001 do=0.2 act=GELU",0.9639402394033192,9.003338443858144e-05
meta_dino+bio,"MLP (512, 256, 512) lr=0.0001 do=0.2 act=ReLU",0.9639402394033192,9.003338443858144e-05
meta_dino+bio,"MLP (512, 256, 512) lr=0.0001 do=0.0 act=GELU",0.9639402394033192,9.003338443858144e-05
meta_dino+bio,"MLP (512, 256, 512) lr=0.0001 do=0.0 act=ReLU",0.9639402394033192,9.003338443858144e-05
meta_dino+bio,"MLP (512, 256, 512) lr=0.001 do=0.4 act=GELU",0.9639402394033192,9.003338443858144e-05
meta_dino+bio,"MLP (512, 256, 512) lr=0.001 do=0.4 act=ReLU",0.9639402394033192,9.003338443858144e-05
meta_dino+bio,"MLP (512, 256, 512) lr=0.001 do=0.2 act=GELU",0.9639402394033192,9.003338443858144e-05
meta_dino+bio,"MLP (512, 256, 512) lr=0.001 do=0.2 act=ReLU",0.9639402394033192,9.003338443858144e-05
meta_dino+bio,"MLP (512, 256, 512) lr=0.001 do=0.0 act=GELU",0.9639402394033192,9.003338443858144e-05
meta_dino+bio,"MLP (512, 256, 512) lr=0.001 do=0.0 act=ReLU",0.9639402394033192,9.003338443858144e-05
meta_dino+bio,"MLP (512, 256, 256) lr=0.0001 do=0.4 act=GELU",0.9639402394033192,9.003338443858144e-05
meta_dino+bio,"MLP (512, 256, 256) lr=0.0001 do=0.4 act=ReLU",0.9639402394033192,9.003338443858144e-05
meta_dino+bio,"MLP (512, 256, 256) lr=0.0001 do=0.2 act=GELU",0.9639402394033192,9.003338443858144e-05
meta_dino+bio,"MLP (128, 128, 512) lr=0.001 do=0.4 act=ReLU",0.9639402394033192,9.003338443858144e-05
meta_dino+bio,"MLP (256, 512) lr=0.001 do=0.0 act=GELU",0.9639402394033192,9.003338443858144e-05
meta_dino+bio,"MLP (256, 512) lr=0.001 do=0.0 act=ReLU",0.9639402394033192,9.003338443858144e-05
meta_dino+bio,"MLP (1024,) lr=0.001 do=0.0 act=ReLU",0.9639402394033192,9.003338443858144e-05
meta_dino+bio,"MLP (512,) lr=0.0001 do=0.4 act=GELU",0.9639402394033192,9.003338443858144e-05
meta_dino+bio,"MLP (512,) lr=0.0001 do=0.2 act=GELU",0.9639402394033192,9.003338443858144e-05
meta_dino+bio,"MLP (512,) lr=0.0001 do=0.0 act=GELU",0.9639402394033192,9.003338443858144e-05
meta_dino+bio,"MLP (512,) lr=0.001 do=0.4 act=GELU",0.9639402394033192,9.003338443858144e-05
meta_dino+bio,"MLP (512, 128, 128) lr=0.001 do=0.4 act=ReLU",0.9639402394033192,9.003338443858144e-05
meta_dino+bio,"MLP (512, 128, 128) lr=0.001 do=0.2 act=GELU",0.9639402394033192,9.003338443858144e-05
meta_dino+bio,"MLP (512, 128, 128) lr=0.001 do=0.2 act=ReLU",0.9639402394033192,9.003338443858144e-05
meta_dino+bio,"MLP (512, 128, 128) lr=0.001 do=0.0 act=GELU",0.9639402394033192,9.003338443858144e-05
meta_dino+bio,"MLP (256, 1024, 1024) lr=0.0001 do=0.4 act=GELU",0.9639402394033192,9.003338443858144e-05
meta_dino+bio,"MLP (256, 1024, 1024) lr=0.0001 do=0.4 act=ReLU",0.9639402394033192,9.003338443858144e-05
meta_dino+bio,"MLP (256, 1024, 1024) lr=0.0001 do=0.2 act=GELU",0.9639402394033192,9.003338443858144e-05
meta_dino+bio,"MLP (256, 1024, 1024) lr=0.0001 do=0.2 act=ReLU",0.9639402394033192,9.003338443858144e-05
meta_dino+bio,"MLP (1024, 1024, 1024) lr=0.0001 do=0.2 act=ReLU",0.9639402394033192,9.003338443858144e-05
meta_dino+bio,"MLP (128, 512) lr=0.001 do=0.4 act=GELU",0.9639402394033192,9.003338443858144e-05
meta_dino+bio,"MLP (128, 512) lr=0.001 do=0.4 act=ReLU",0.9639402394033192,9.003338443858144e-05
meta_dino+bio,"MLP (128, 512) lr=0.001 do=0.2 act=GELU",0.9639402394033192,9.003338443858144e-05
meta_dino+bio,"MLP (128, 512) lr=0.001 do=0.2 act=ReLU",0.9639402394033192,9.003338443858144e-05
meta_dino+bio,"MLP (512, 1024, 1024) lr=0.001 do=0.4 act=ReLU",0.9639402394033192,9.003338443858144e-05
meta_dino+bio,"MLP (512, 1024, 1024) lr=0.001 do=0.2 act=GELU",0.9639402394033192,9.003338443858144e-05
meta_dino+bio,"MLP (512, 1024, 1024) lr=0.001 do=0.2 act=ReLU",0.9639402394033192,9.003338443858144e-05
meta_dino+bio,"MLP (512, 1024, 1024) lr=0.001 do=0.0 act=GELU",0.9639402394033192,9.003338443858144e-05
meta_dino+bio,"MLP (128, 128, 256) lr=0.001 do=0.4 act=GELU",0.9639402394033192,9.003338443858144e-05
meta_dino+bio,"MLP (128, 128, 256) lr=0.001 do=0.2 act=ReLU",0.9639402394033192,9.003338443858144e-05
meta_dino+bio,"MLP (128, 128, 256) lr=0.001 do=0.0 act=GELU",0.9639402394033192,9.003338443858144e-05
meta_dino+bio,"MLP (128, 128, 256) lr=0.001 do=0.0 act=ReLU",0.9639402394033192,9.003338443858144e-05
meta_dino+bio,"MLP (128, 128, 128) lr=0.0001 do=0.4 act=ReLU",0.9639402394033192,9.003338443858144e-05
meta_dino+bio,"MLP (128, 1024) lr=0.001 do=0.0 act=GELU",0.9639402394033192,9.003338443858144e-05
meta_dino+bio,"MLP (128, 256) lr=0.001 do=0.4 act=GELU",0.9639402394033192,9.003338443858144e-05
meta_dino+bio,"MLP (256, 512) lr=0.001 do=0.2 act=ReLU",0.9639402394033192,9.003338443858144e-05
meta_dino+bio,"MLP (128, 128, 128) lr=0.001 do=0.0 act=ReLU",0.9639402394033192,9.003338443858144e-05
meta_dino+bio,"MLP (1024, 1024) lr=0.0001 do=0.4 act=GELU",0.9639402394033192,9.003338443858144e-05
meta_dino+bio,"MLP (1024, 1024) lr=0.0001 do=0.4 act=ReLU",0.9639402394033192,9.003338443858144e-05
meta_dino+bio,"MLP (1024, 1024) lr=0.0001 do=0.2 act=GELU",0.9639402394033192,9.003338443858144e-05
meta_dino+bio,"MLP (1024, 1024) lr=0.0001 do=0.2 act=ReLU",0.9639402394033192,9.003338443858144e-05
meta_dino+bio,"MLP (1024, 1024) lr=0.0001 do=0.0 act=GELU",0.9639402394033192,9.003338443858144e-05
meta_dino+bio,"MLP (1024, 1024) lr=0.0001 do=0.0 act=ReLU",0.9639402394033192,9.003338443858144e-05
meta_dino+bio,"MLP (128, 256) lr=0.001 do=0.4 act=ReLU",0.9639402394033192,9.003338443858144e-05
meta_dino+bio,"MLP (128, 256) lr=0.001 do=0.2 act=GELU",0.9639402394033192,9.003338443858144e-05
meta_dino+bio,"MLP (128, 256) lr=0.001 do=0.2 act=ReLU",0.9639402394033192,9.003338443858144e-05
meta_dino+bio,"MLP (128, 256) lr=0.001 do=0.0 act=GELU",0.9639402394033192,9.003338443858144e-05
meta_dino+bio,"MLP (256,) lr=0.001 do=0.0 act=ReLU",0.9639402394033192,9.003338443858144e-05
meta_dino+bio,"MLP (128,) lr=0.0001 do=0.4 act=GELU",0.9639402394033192,9.003338443858144e-05
meta_dino+bio,"MLP (128,) lr=0.0001 do=0.2 act=GELU",0.9639402394033192,9.003338443858144e-05
meta_dino+bio,"MLP (128,) lr=0.0001 do=0.0 act=GELU",0.9639402394033192,9.003338443858144e-05
meta_dino+bio,"MLP (128,) lr=0.001 do=0.4 act=GELU",0.9639402394033192,9.003338443858144e-05
meta_dino+bio,"MLP (1024, 512, 128) lr=0.001 do=0.0 act=GELU",0.9639402394033192,9.003338443858144e-05
meta_dino+bio,"MLP (1024, 512, 128) lr=0.001 do=0.0 act=ReLU",0.9639402394033192,9.003338443858144e-05
meta_dino+bio,"MLP (1024, 256, 1024) lr=0.0001 do=0.4 act=GELU",0.9639402394033192,9.003338443858144e-05
meta_dino+bio,"MLP (1024, 256, 1024) lr=0.0001 do=0.4 act=ReLU",0.9639402394033192,9.003338443858144e-05
meta_dino+bio,"MLP (1024, 256, 1024) lr=0.0001 do=0.2 act=GELU",0.9639402394033192,9.003338443858144e-05
meta_dino+bio,"MLP (1024, 256, 1024) lr=0.0001 do=0.2 act=ReLU",0.9639402394033192,9.003338443858144e-05
meta_dino+bio,"MLP (1024, 512, 1024) lr=0.0001 do=0.4 act=ReLU",0.9639402394033192,9.003338443858144e-05
meta_dino+bio,"MLP (1024, 512, 1024) lr=0.0001 do=0.2 act=GELU",0.9639402394033192,9.003338443858144e-05
meta_dino+bio,"MLP (1024, 512, 1024) lr=0.0001 do=0.2 act=ReLU",0.9639402394033192,9.003338443858144e-05
meta_dino+bio,"MLP (1024, 512, 1024) lr=0.0001 do=0.0 act=GELU",0.9639402394033192,9.003338443858144e-05
meta_dino+bio,"MLP (1024, 512, 1024) lr=0.0001 do=0.0 act=ReLU",0.9639402394033192,9.003338443858144e-05
meta_dino+bio,"MLP (1024, 512, 1024) lr=0.001 do=0.4 act=ReLU",0.9639402394033192,9.003338443858144e-05
meta_dino+bio,"MLP (1024, 512, 1024) lr=0.001 do=0.2 act=ReLU",0.9639402394033192,9.003338443858144e-05
meta_dino+bio,"MLP (256, 1024) lr=0.001 do=0.0 act=ReLU",0.9639402394033192,9.003338443858144e-05
meta_dino+bio,"MLP (128, 128, 128) lr=0.001 do=0.2 act=GELU",0.9639402394033192,9.003338443858144e-05
meta_dino+bio,"MLP (128, 128, 128) lr=0.001 do=0.2 act=ReLU",0.9639402394033192,9.003338443858144e-05
meta_dino+bio,"MLP (256, 512) lr=0.0001 do=0.4 act=ReLU",0.9639402394033192,9.003338443858144e-05
meta_dino+bio,"MLP (256, 1024, 1024) lr=0.001 do=0.0 act=ReLU",0.9639402394033192,9.003338443858144e-05
meta_dino+bio,"MLP (1024, 1024, 128) lr=0.001 do=0.4 act=ReLU",0.9639402394033192,9.003338443858144e-05
meta_dino+bio,"MLP (1024, 512, 1024) lr=0.0001 do=0.4 act=GELU",0.9639402394033192,9.003338443858144e-05
meta_dino+bio,"MLP (1024, 256, 1024) lr=0.0001 do=0.0 act=GELU",0.9639402394033192,9.003338443858144e-05
meta_dino+bio,"MLP (512, 256, 512) lr=0.0001 do=0.4 act=GELU",0.9639402394033192,9.003338443858144e-05
meta_dino+bio,"MLP (512, 256, 512) lr=0.0001 do=0.4 act=ReLU",0.9639402394033192,9.003338443858144e-05
meta_dino+bio,"MLP (1024, 1024) lr=0.001 do=0.4 act=GELU",0.9639402394033192,9.003338443858144e-05
meta_dino+bio,"MLP (1024, 1024) lr=0.001 do=0.4 act=ReLU",0.9639402394033192,9.003338443858144e-05
meta_dino+bio,"MLP (1024, 1024) lr=0.001 do=0.2 act=GELU",0.9639402394033192,9.003338443858144e-05
meta_dino+bio,"MLP (1024, 1024) lr=0.001 do=0.2 act=ReLU",0.9639402394033192,9.003338443858144e-05
meta_dino+bio,"MLP (1024, 1024) lr=0.001 do=0.0 act=GELU",0.9639402394033192,9.003338443858144e-05
meta_dino+bio,"MLP (256, 1024, 512) lr=0.0001 do=0.4 act=GELU",0.9639402394033192,9.003338443858144e-05
meta_dino+bio,"MLP (1024, 512, 128) lr=0.001 do=0.4 act=ReLU",0.9639402394033192,9.003338443858144e-05
meta_dino+bio,"MLP (1024, 512, 128) lr=0.001 do=0.2 act=GELU",0.9639402394033192,9.003338443858144e-05
meta_dino+bio,"MLP (1024, 512, 128) lr=0.001 do=0.2 act=ReLU",0.9639402394033192,9.003338443858144e-05
meta_dino+bio,"MLP (256, 1024, 512) lr=0.0001 do=0.4 act=ReLU",0.9639402394033192,9.003338443858144e-05
meta_dino+bio,"MLP (1024, 256, 1024) lr=0.0001 do=0.0 act=ReLU",0.9639402394033192,9.003338443858144e-05
meta_dino+bio,"MLP (1024, 256, 1024) lr=0.001 do=0.4 act=ReLU",0.9639402394033192,9.003338443858144e-05
meta_dino+bio,"MLP (1024, 256, 1024) lr=0.001 do=0.2 act=ReLU",0.9639402394033192,9.003338443858144e-05
meta_dino+bio,"MLP (256, 1024, 512) lr=0.0001 do=0.2 act=GELU",0.9639402394033192,9.003338443858144e-05
meta_dino+bio,"MLP (256, 1024, 512) lr=0.0001 do=0.2 act=ReLU",0.9639402394033192,9.003338443858144e-05
meta_dino+bio,"MLP (256, 1024, 512) lr=0.0001 do=0.0 act=GELU",0.9639402394033192,9.003338443858144e-05
meta_dino+bio,"MLP (1024, 256, 256) lr=0.001 do=0.2 act=ReLU",0.9639402394033192,9.003338443858144e-05
meta_dino+bio,"MLP (1024, 256, 256) lr=0.001 do=0.0 act=ReLU",0.9639402394033192,9.003338443858144e-05
meta_dino+bio,"MLP (1024, 256, 128) lr=0.0001 do=0.4 act=GELU",0.9639402394033192,9.003338443858144e-05
meta_dino+bio,"MLP (1024, 256, 128) lr=0.0001 do=0.4 act=ReLU",0.9639402394033192,9.003338443858144e-05
meta_dino+bio,"MLP (1024, 256, 128) lr=0.0001 do=0.2 act=GELU",0.9639402394033192,9.003338443858144e-05
meta_dino+bio,"MLP (1024, 256, 128) lr=0.0001 do=0.2 act=ReLU",0.9639402394033192,9.003338443858144e-05
meta_dino+bio,"MLP (1024, 256, 128) lr=0.0001 do=0.0 act=GELU",0.9639402394033192,9.003338443858144e-05
meta_dino+bio,"MLP (1024, 256, 128) lr=0.0001 do=0.0 act=ReLU",0.9639402394033192,9.003338443858144e-05
meta_dino+bio,"MLP (256, 1024, 512) lr=0.0001 do=0.0 act=ReLU",0.9639402394033192,9.003338443858144e-05
meta_dino+bio,"MLP (512, 512, 128) lr=0.001 do=0.0 act=ReLU",0.9639402394033192,9.003338443858144e-05
meta_dino+bio,"MLP (512, 256, 1024) lr=0.0001 do=0.4 act=GELU",0.9639402394033192,9.003338443858144e-05
meta_dino+bio,"MLP (512, 256, 1024) lr=0.0001 do=0.4 act=ReLU",0.9639402394033192,9.003338443858144e-05
meta_dino+bio,"MLP (512, 256, 1024) lr=0.0001 do=0.2 act=GELU",0.9639402394033192,9.003338443858144e-05
meta_dino+bio,"MLP (512, 256, 1024) lr=0.0001 do=0.2 act=ReLU",0.9639402394033192,9.003338443858144e-05
meta_dino+bio,"MLP (512, 256, 1024) lr=0.0001 do=0.0 act=GELU",0.9639402394033192,9.003338443858144e-05
meta_dino+bio,"MLP (512, 256, 1024) lr=0.0001 do=0.0 act=ReLU",0.9639402394033192,9.003338443858144e-05
meta_dino+bio,"MLP (512, 256, 1024) lr=0.001 do=0.4 act=GELU",0.9639402394033192,9.003338443858144e-05
meta_dino+bio,"MLP (512, 256, 1024) lr=0.001 do=0.2 act=GELU",0.9639402394033192,9.003338443858144e-05
meta_dino+bio,"MLP (512, 256, 1024) lr=0.001 do=0.2 act=ReLU",0.9639402394033192,9.003338443858144e-05
meta_dino+bio,"MLP (512, 256, 1024) lr=0.001 do=0.0 act=GELU",0.9639402394033192,9.003338443858144e-05
meta_dino+bio,"MLP (256, 1024, 512) lr=0.001 do=0.4 act=ReLU",0.9639402394033192,9.003338443858144e-05
meta_dino+bio,"MLP (256, 1024, 512) lr=0.001 do=0.2 act=ReLU",0.9639402394033192,9.003338443858144e-05
meta_dino+bio,"MLP (256, 1024, 256) lr=0.001 do=0.4 act=GELU",0.9639402394033192,9.003338443858144e-05
meta_dino+bio,"MLP (256, 1024, 256) lr=0.001 do=0.4 act=ReLU",0.9639402394033192,9.003338443858144e-05
meta_dino+bio,"MLP (256, 1024, 256) lr=0.001 do=0.2 act=GELU",0.9639402394033192,9.003338443858144e-05
meta_dino+bio,"MLP (512,) lr=0.001 do=0.4 act=ReLU",0.9639402394033192,9.003338443858144e-05
meta_dino+bio,"MLP (512,) lr=0.001 do=0.2 act=GELU",0.9639402394033192,9.003338443858144e-05
meta_dino+bio,"MLP (512,) lr=0.001 do=0.2 act=ReLU",0.9639402394033192,9.003338443858144e-05
meta_dino+bio,"MLP (256, 1024, 256) lr=0.001 do=0.2 act=ReLU",0.9639402394033192,9.003338443858144e-05
meta_dino+bio,"MLP (512,) lr=0.001 do=0.0 act=ReLU",0.9639402394033192,9.003338443858144e-05
meta_dino+bio,"MLP (128, 128) lr=0.001 do=0.4 act=ReLU",0.9639402394033192,9.003338443858144e-05
meta_dino+bio,"MLP (128, 128) lr=0.001 do=0.2 act=GELU",0.9639402394033192,9.003338443858144e-05
meta_dino+bio,"MLP (128, 128) lr=0.001 do=0.2 act=ReLU",0.9639402394033192,9.003338443858144e-05
meta_dino+bio,"MLP (128, 128) lr=0.001 do=0.0 act=GELU",0.9639402394033192,9.003338443858144e-05
meta_dino+bio,"MLP (128, 128) lr=0.001 do=0.0 act=ReLU",0.9639402394033192,9.003338443858144e-05
meta_dino+bio,"MLP (1024,) lr=0.001 do=0.4 act=GELU",0.9639402394033192,9.003338443858144e-05
meta_dino+bio,"MLP (1024,) lr=0.001 do=0.4 act=ReLU",0.9639402394033192,9.003338443858144e-05
meta_dino+bio,"MLP (1024,) lr=0.001 do=0.2 act=GELU",0.9639402394033192,9.003338443858144e-05
meta_dino+bio,"MLP (1024,) lr=0.001 do=0.2 act=ReLU",0.9639402394033192,9.003338443858144e-05
meta_dino+bio,"MLP (512, 128, 128) lr=0.0001 do=0.2 act=ReLU",0.9639402394033192,9.003338443858144e-05
meta_dino+bio,"MLP (512, 512, 128) lr=0.001 do=0.0 act=GELU",0.9639402394033192,9.003338443858144e-05
meta_dino+bio,"MLP (256, 1024, 256) lr=0.001 do=0.0 act=ReLU",0.9639402394033192,9.003338443858144e-05
meta_dino+bio,"MLP (256, 1024, 256) lr=0.0001 do=0.2 act=GELU",0.9639402394033192,9.003338443858144e-05
meta_dino+bio,"MLP (128,) lr=0.001 do=0.2 act=ReLU",0.9639402394033192,9.003338443858144e-05
meta_dino+bio,"MLP (128,) lr=0.001 do=0.0 act=GELU",0.9639402394033192,9.003338443858144e-05
meta_dino+bio,"MLP (128,) lr=0.001 do=0.0 act=ReLU",0.9639402394033192,9.003338443858144e-05
meta_dino+bio,"MLP (256,) lr=0.001 do=0.4 act=GELU",0.9639402394033192,9.003338443858144e-05
meta_dino+bio,"MLP (512, 1024, 512) lr=0.0001 do=0.4 act=GELU",0.9639402394033192,9.003338443858144e-05
meta_dino+bio,"MLP (512, 1024, 512) lr=0.0001 do=0.4 act=ReLU",0.9639402394033192,9.003338443858144e-05
meta_dino+bio,"MLP (512, 1024, 512) lr=0.0001 do=0.2 act=GELU",0.9639402394033192,9.003338443858144e-05
meta_dino+bio,"MLP (512, 1024, 512) lr=0.0001 do=0.2 act=ReLU",0.9639402394033192,9.003338443858144e-05
meta_dino+bio,"MLP (512, 1024, 512) lr=0.0001 do=0.0 act=GELU",0.9639402394033192,9.003338443858144e-05
meta_dino+bio,"MLP (512, 1024, 512) lr=0.0001 do=0.0 act=ReLU",0.9639402394033192,9.003338443858144e-05
meta_dino+bio,"MLP (512, 1024, 512) lr=0.001 do=0.4 act=ReLU",0.9639402394033192,9.003338443858144e-05
meta_dino+bio,"MLP (512, 1024, 512) lr=0.001 do=0.2 act=ReLU",0.9639402394033192,9.003338443858144e-05
meta_dino+bio,"MLP (512, 512, 128) lr=0.001 do=0.2 act=GELU",0.9639402394033192,9.003338443858144e-05
meta_dino+bio,"MLP (256, 1024, 1024) lr=0.0001 do=0.0 act=GELU",0.9639402394033192,9.003338443858144e-05
meta_dino+bio,"MLP (512, 1024, 256) lr=0.0001 do=0.4 act=ReLU",0.9639402394033192,9.003338443858144e-05
meta_dino+bio,"MLP (512, 1024, 256) lr=0.0001 do=0.2 act=GELU",0.9639402394033192,9.003338443858144e-05
meta_dino+bio,"MLP (256,) lr=0.001 do=0.4 act=ReLU",0.9639402394033192,9.003338443858144e-05
meta_dino+bio,"MLP (256,) lr=0.001 do=0.2 act=GELU",0.9639402394033192,9.003338443858144e-05
meta_dino+bio,"MLP (256,) lr=0.001 do=0.2 act=ReLU",0.9639402394033192,9.003338443858144e-05
meta_dino+bio,"MLP (256,) lr=0.001 do=0.0 act=GELU",0.9639402394033192,9.003338443858144e-05
meta_dino+bio,"MLP (256, 1024) lr=0.001 do=0.2 act=GELU",0.9639402394033192,9.003338443858144e-05
meta_dino+bio,"MLP (512, 512, 256) lr=0.001 do=0.4 act=ReLU",0.9639402394033192,9.003338443858144e-05
meta_dino+bio,"MLP (256, 1024) lr=0.001 do=0.2 act=ReLU",0.9639402394033192,9.003338443858144e-05
meta_dino+bio,"MLP (256, 1024) lr=0.001 do=0.0 act=GELU",0.9639402394033192,9.003338443858144e-05
meta_dino+bio,RF n=100 max_f=sqrt,0.9639402394033192,9.003338443858144e-05
meta_dino+bio,SVM sigmoid C=10.0 g=0.01,0.9639402394033192,9.003338443858144e-05
meta_dino+bio,"MLP (1024, 256, 128) lr=0.001 do=0.4 act=GELU",0.9639402394033192,9.003338443858144e-05
meta_dino+bio,"MLP (512, 512, 128) lr=0.001 do=0.4 act=ReLU",0.9639402394033192,9.003338443858144e-05
meta_dino+bio,SVM sigmoid C=10.0 g=scale,0.9639402394033192,9.003338443858144e-05
meta_dino+bio,SVM sigmoid C=1.0 g=scale,0.9639402394033192,9.003338443858144e-05
meta_dino+bio,SVM sigmoid C=0.1 g=scale,0.9639402394033192,9.003338443858144e-05
meta_dino+bio,SVM linear C=10.0 g=scale,0.9639402394033192,9.003338443858144e-05
meta_dino+bio,SVM linear C=1.0 g=scale,0.9639402394033192,9.003338443858144e-05
meta_dino+bio,"MLP (512, 512, 256) lr=0.001 do=0.2 act=GELU",0.9639402394033192,9.003338443858144e-05
meta_dino+bio,"MLP (512, 512, 256) lr=0.001 do=0.2 act=ReLU",0.9639402394033192,9.003338443858144e-05
meta_dino+bio,"MLP (512, 512, 256) lr=0.001 do=0.0 act=ReLU",0.9639402394033192,9.003338443858144e-05
meta_dino+bio,"MLP (512, 512, 128) lr=0.0001 do=0.4 act=GELU",0.9639402394033192,9.003338443858144e-05
meta_dino+bio,"MLP (512, 512, 128) lr=0.0001 do=0.4 act=ReLU",0.9639402394033192,9.003338443858144e-05
meta_dino+bio,"MLP (512, 512, 128) lr=0.0001 do=0.2 act=GELU",0.9639402394033192,9.003338443858144e-05
meta_dino+bio,"MLP (512, 512, 128) lr=0.0001 do=0.2 act=ReLU",0.9639402394033192,9.003338443858144e-05
meta_dino+bio,"MLP (512, 512, 128) lr=0.0001 do=0.0 act=GELU",0.9639402394033192,9.003338443858144e-05
meta_dino+bio,"MLP (512, 512, 128) lr=0.0001 do=0.0 act=ReLU",0.9639402394033192,9.003338443858144e-05
meta_dino+bio,"MLP (512, 512, 128) lr=0.001 do=0.4 act=GELU",0.9639402394033192,9.003338443858144e-05
meta_dino+bio,SVM linear C=0.1 g=scale,0.9639402394033192,9.003338443858144e-05
meta_dino+bio,"MLP (128,) lr=0.001 do=0.4 act=ReLU",0.9639402394033192,9.003338443858144e-05
meta_dino+bio,"MLP (512, 1024, 256) lr=0.0001 do=0.4 act=GELU",0.9639402394033192,9.003338443858144e-05
meta_dino+bio,"MLP (512, 128, 256) lr=0.0001 do=0.2 act=ReLU",0.9639402394033192,9.003338443858144e-05
meta_dino+bio,"MLP (512, 128, 256) lr=0.0001 do=0.0 act=GELU",0.9639402394033192,9.003338443858144e-05
meta_dino+bio,"MLP (512, 128, 256) lr=0.0001 do=0.0 act=ReLU",0.9639402394033192,9.003338443858144e-05
meta_dino+bio,"MLP (512, 128, 256) lr=0.001 do=0.2 act=GELU",0.9639402394033192,9.003338443858144e-05
meta_dino+bio,"MLP (512, 128, 256) lr=0.001 do=0.2 act=ReLU",0.9639402394033192,9.003338443858144e-05
meta_dino+bio,"MLP (512, 128, 256) lr=0.001 do=0.0 act=GELU",0.9639402394033192,9.003338443858144e-05
meta_dino+bio,"MLP (512, 128, 256) lr=0.001 do=0.0 act=ReLU",0.9639402394033192,9.003338443858144e-05
meta_dino+bio,"MLP (512, 128, 128) lr=0.0001 do=0.4 act=GELU",0.9639402394033192,9.003338443858144e-05
meta_dino+bio,"MLP (512, 128, 128) lr=0.0001 do=0.2 act=GELU",0.9639402394033192,9.003338443858144e-05
meta_dino+bio,"MLP (1024,) lr=0.001 do=0.0 act=GELU",0.9639402394033192,9.003338443858144e-05
meta_dino+bio,"MLP (256, 256) lr=0.0001 do=0.2 act=ReLU",0.9639402394033192,9.003338443858144e-05
meta_dino+bio,"MLP (256, 256) lr=0.0001 do=0.0 act=ReLU",0.9639402394033192,9.003338443858144e-05
meta_dino+bio,"MLP (256, 256) lr=0.001 do=0.4 act=GELU",0.9639402394033192,9.003338443858144e-05
meta_dino+bio,"MLP (128,) lr=0.001 do=0.2 act=GELU",0.9639402394033192,9.003338443858144e-05
meta_dino+bio,"MLP (256, 1024, 256) lr=0.0001 do=0.2 act=ReLU",0.9639402394033192,9.003338443858144e-05
meta_dino+bio,"MLP (256, 1024, 256) lr=0.0001 do=0.0 act=GELU",0.9639402394033192,9.003338443858144e-05
meta_dino+bio,"MLP (512, 1024, 256) lr=0.0001 do=0.0 act=ReLU",0.9639402394033192,9.003338443858144e-05
meta_dino+bio,"MLP (512, 1024, 256) lr=0.001 do=0.4 act=ReLU",0.9639402394033192,9.003338443858144e-05
meta_dino+bio,"MLP (512, 1024, 256) lr=0.001 do=0.2 act=ReLU",0.9639402394033192,9.003338443858144e-05
meta_dino+bio,"MLP (512, 1024, 256) lr=0.001 do=0.0 act=ReLU",0.9639402394033192,9.003338443858144e-05
meta_dino+bio,"MLP (512, 1024, 128) lr=0.0001 do=0.4 act=GELU",0.9639402394033192,9.003338443858144e-05
meta_dino+bio,"MLP (512, 1024, 128) lr=0.0001 do=0.4 act=ReLU",0.9639402394033192,9.003338443858144e-05
meta_dino+bio,"MLP (512, 1024, 128) lr=0.0001 do=0.2 act=GELU",0.9639402394033192,9.003338443858144e-05
meta_dino+bio,"MLP (512, 1024, 128) lr=0.0001 do=0.2 act=ReLU",0.9639402394033192,9.003338443858144e-05
meta_dino+bio,"MLP (512, 1024, 128) lr=0.0001 do=0.0 act=GELU",0.9639402394033192,9.003338443858144e-05
meta_dino+bio,"MLP (512, 1024, 128) lr=0.0001 do=0.0 act=ReLU",0.9639402394033192,9.003338443858144e-05
meta_dino+bio,"MLP (256, 1024, 256) lr=0.0001 do=0.0 act=ReLU",0.9639402394033192,9.003338443858144e-05
meta_dino+bio,"MLP (256, 512, 1024) lr=0.001 do=0.0 act=GELU",0.9639402394033192,9.003338443858144e-05
meta_dino+bio,"MLP (256, 1024, 128) lr=0.0001 do=0.4 act=GELU",0.9639402394033192,9.003338443858144e-05
meta_dino+bio,"MLP (512, 128, 128) lr=0.0001 do=0.0 act=GELU",0.9639402394033192,9.003338443858144e-05
meta_dino+bio,"MLP (512, 128, 128) lr=0.0001 do=0.0 act=ReLU",0.9639402394033192,9.003338443858144e-05
meta_dino+bio,"MLP (512, 128, 128) lr=0.001 do=0.4 act=GELU",0.9639402394033192,9.003338443858144e-05
meta_dino+bio,"MLP (512, 512, 256) lr=0.0001 do=0.0 act=GELU",0.9639402394033192,9.003338443858144e-05
meta_dino+bio,"MLP (512, 512, 256) lr=0.0001 do=0.0 act=ReLU",0.9639402394033192,9.003338443858144e-05
meta_dino+bio,"MLP (512, 512, 256) lr=0.001 do=0.4 act=GELU",0.9639402394033192,9.003338443858144e-05
meta_dino+bio,"MLP (256, 1024, 128) lr=0.0001 do=0.4 act=ReLU",0.9639402394033192,9.003338443858144e-05
meta_dino+bio,"MLP (256, 1024, 128) lr=0.0001 do=0.2 act=GELU",0.9639402394033192,9.003338443858144e-05
meta_dino+bio,"MLP (256, 1024, 128) lr=0.0001 do=0.2 act=ReLU",0.9639402394033192,9.003338443858144e-05
meta_dino+bio,"MLP (256, 1024, 128) lr=0.0001 do=0.0 act=GELU",0.9639402394033192,9.003338443858144e-05
meta_dino+bio,"MLP (256, 1024, 128) lr=0.0001 do=0.0 act=ReLU",0.9639402394033192,9.003338443858144e-05
meta_dino+bio,"MLP (256, 1024, 128) lr=0.001 do=0.4 act=ReLU",0.9639402394033192,9.003338443858144e-05
meta_dino+bio,"MLP (256, 1024, 128) lr=0.001 do=0.2 act=GELU",0.9639402394033192,9.003338443858144e-05
meta_dino+bio,"MLP (256, 1024, 128) lr=0.001 do=0.2 act=ReLU",0.9639402394033192,9.003338443858144e-05
meta_dino+bio,"MLP (256, 1024, 128) lr=0.001 do=0.0 act=GELU",0.9639402394033192,9.003338443858144e-05
meta_dino+bio,"MLP (256, 1024, 128) lr=0.001 do=0.0 act=ReLU",0.9639402394033192,9.003338443858144e-05
meta_dino+bio,"MLP (512, 512, 256) lr=0.0001 do=0.2 act=ReLU",0.9639402394033192,9.003338443858144e-05
meta_dino+bio,"MLP (512, 1024, 256) lr=0.0001 do=0.2 act=ReLU",0.9639402394033192,9.003338443858144e-05
meta_dino+bio,"MLP (512, 1024, 256) lr=0.0001 do=0.0 act=GELU",0.9639402394033192,9.003338443858144e-05
meta_dino+bio,"MLP (256, 512, 1024) lr=0.0001 do=0.4 act=GELU",0.9639402394033192,9.003338443858144e-05
meta_dino+bio,"MLP (256, 1024) lr=0.0001 do=0.0 act=ReLU",0.9639402394033192,9.003338443858144e-05
meta_dino+bio,"MLP (512, 512, 512) lr=0.0001 do=0.0 act=GELU",0.9639402394033192,9.003338443858144e-05
meta_dino+bio,"MLP (1024, 512, 1024) lr=0.001 do=0.0 act=ReLU",0.9639402394033192,9.003338443858144e-05
meta_dino+bio,"MLP (1024, 512, 512) lr=0.0001 do=0.4 act=GELU",0.9639402394033192,9.003338443858144e-05
meta_dino+bio,"MLP (1024, 512, 512) lr=0.0001 do=0.4 act=ReLU",0.9639402394033192,9.003338443858144e-05
meta_dino+bio,"MLP (1024, 512, 512) lr=0.0001 do=0.2 act=GELU",0.9639402394033192,9.003338443858144e-05
meta_dino+bio,"MLP (1024, 512, 512) lr=0.0001 do=0.2 act=ReLU",0.9639402394033192,9.003338443858144e-05
meta_dino+bio,"MLP (1024, 512, 512) lr=0.0001 do=0.0 act=GELU",0.9639402394033192,9.003338443858144e-05
meta_dino+bio,"MLP (1024, 512, 512) lr=0.0001 do=0.0 act=ReLU",0.9639402394033192,9.003338443858144e-05
meta_dino+bio,"MLP (1024, 512, 512) lr=0.001 do=0.2 act=ReLU",0.9639402394033192,9.003338443858144e-05
meta_dino+bio,"MLP (1024, 512, 512) lr=0.001 do=0.0 act=ReLU",0.9639402394033192,9.003338443858144e-05
meta_dino+bio,"MLP (1024, 512, 256) lr=0.0001 do=0.4 act=GELU",0.9639402394033192,9.003338443858144e-05
meta_dino+bio,"MLP (1024, 512, 256) lr=0.0001 do=0.4 act=ReLU",0.9639402394033192,9.003338443858144e-05
meta_dino+bio,"MLP (1024, 512, 256) lr=0.0001 do=0.2 act=GELU",0.9639402394033192,9.003338443858144e-05
meta_dino+bio,"MLP (256, 1024) lr=0.001 do=0.4 act=GELU",0.9639402394033192,9.003338443858144e-05
meta_dino+bio,"MLP (256, 1024) lr=0.001 do=0.4 act=ReLU",0.9639402394033192,9.003338443858144e-05
meta_dino+bio,"MLP (512,) lr=0.001 do=0.0 act=GELU",0.9639402394033192,9.003338443858144e-05
meta_dino+bio,"MLP (512, 512, 512) lr=0.0001 do=0.0 act=ReLU",0.9639402394033192,9.003338443858144e-05
meta_dino+bio,"MLP (512, 512, 512) lr=0.001 do=0.4 act=GELU",0.9639402394033192,9.003338443858144e-05
meta_dino+bio,"MLP (512, 512, 512) lr=0.001 do=0.4 act=ReLU",0.9639402394033192,9.003338443858144e-05
meta_dino+bio,"MLP (512, 512, 512) lr=0.001 do=0.2 act=GELU",0.9639402394033192,9.003338443858144e-05
meta_dino+bio,"MLP (512, 512, 512) lr=0.001 do=0.2 act=ReLU",0.9639402394033192,9.003338443858144e-05
meta_dino+bio,"MLP (512, 512, 512) lr=0.001 do=0.0 act=GELU",0.9639402394033192,9.003338443858144e-05
meta_dino+bio,"MLP (512, 512, 512) lr=0.001 do=0.0 act=ReLU",0.9639402394033192,9.003338443858144e-05
meta_dino+bio,"MLP (512, 512, 256) lr=0.0001 do=0.4 act=GELU",0.9639402394033192,9.003338443858144e-05
meta_dino+bio,"MLP (512, 512, 256) lr=0.0001 do=0.4 act=ReLU",0.9639402394033192,9.003338443858144e-05
meta_dino+bio,"MLP (512, 512, 256) lr=0.0001 do=0.2 act=GELU",0.9639402394033192,9.003338443858144e-05
meta_dino+bio,"MLP (512, 128) lr=0.001 do=0.2 act=ReLU",0.9639402394033192,9.003338443858144e-05
meta_dino+bio,"MLP (512, 128) lr=0.001 do=0.0 act=GELU",0.9639402394033192,9.003338443858144e-05
meta_dino+bio,"MLP (512, 128) lr=0.001 do=0.0 act=ReLU",0.9639402394033192,9.003338443858144e-05
meta_dino+bio,"MLP (256, 1024) lr=0.0001 do=0.4 act=ReLU",0.9639402394033192,9.003338443858144e-05
meta_dino+bio,"MLP (256, 256) lr=0.001 do=0.2 act=ReLU",0.9639402394033192,9.003338443858144e-05
meta_dino+bio,"MLP (256, 256) lr=0.001 do=0.0 act=GELU",0.9639402394033192,9.003338443858144e-05
meta_dino+bio,"MLP (256, 256) lr=0.001 do=0.0 act=ReLU",0.9639402394033192,9.003338443858144e-05
meta_dino+bio,"MLP (256, 128) lr=0.0001 do=0.4 act=GELU",0.9639402394033192,9.003338443858144e-05
meta_dino+bio,"MLP (256, 128) lr=0.0001 do=0.4 act=ReLU",0.9639402394033192,9.003338443858144e-05
meta_dino+bio,"MLP (256, 128) lr=0.0001 do=0.2 act=GELU",0.9639402394033192,9.003338443858144e-05
meta_dino+bio,"MLP (256, 128) lr=0.0001 do=0.2 act=ReLU",0.9639402394033192,9.003338443858144e-05
meta_dino+bio,"MLP (256, 128) lr=0.0001 do=0.0 act=ReLU",0.9639402394033192,9.003338443858144e-05
meta_dino+bio,"MLP (128, 512) lr=0.001 do=0.0 act=GELU",0.9639402394033192,9.003338443858144e-05
meta_dino+bio,LDA solver=lsqr shrink=auto,0.9639402394033192,9.003338443858144e-05
meta_dino+bio,LDA solver=svd shrink=None,0.9639402394033192,9.003338443858144e-05
meta_dino+bio,"MLP (512, 128, 512) lr=0.0001 do=0.2 act=GELU",0.9639402394033192,9.003338443858144e-05
meta_dino+bio,"MLP (512, 128, 512) lr=0.0001 do=0.2 act=ReLU",0.9639402394033192,9.003338443858144e-05
meta_dino+bio,"MLP (512, 128, 512) lr=0.0001 do=0.0 act=GELU",0.9639402394033192,9.003338443858144e-05
meta_dino+bio,"MLP (256, 1024) lr=0.0001 do=0.2 act=GELU",0.9639402394033192,9.003338443858144e-05
meta_dino+bio,"MLP (256, 1024) lr=0.0001 do=0.2 act=ReLU",0.9639402394033192,9.003338443858144e-05
meta_dino+bio,"MLP (1024, 256, 512) lr=0.001 do=0.0 act=ReLU",0.9639402394033192,9.003338443858144e-05
meta_dino+bio,"MLP (256, 1024) lr=0.0001 do=0.0 act=GELU",0.9639402394033192,9.003338443858144e-05
meta_dino+bio,"MLP (512, 512, 1024) lr=0.001 do=0.0 act=ReLU",0.9639402394033192,9.003338443858144e-05
meta_dino+bio,"MLP (512, 512, 512) lr=0.0001 do=0.4 act=GELU",0.9639402394033192,9.003338443858144e-05
meta_dino+bio,"MLP (512, 512, 512) lr=0.0001 do=0.4 act=ReLU",0.9639402394033192,9.003338443858144e-05
meta_dino+bio,"MLP (512, 512, 512) lr=0.0001 do=0.2 act=GELU",0.9639402394033192,9.003338443858144e-05
meta_dino+bio,"MLP (256, 512, 1024) lr=0.0001 do=0.4 act=ReLU",0.9639402394033192,9.003338443858144e-05
meta_dino+bio,"MLP (256, 512, 1024) lr=0.0001 do=0.2 act=GELU",0.9639402394033192,9.003338443858144e-05
meta_dino+bio,"MLP (1024, 512, 128) lr=0.0001 do=0.0 act=ReLU",0.9639402394033192,9.003338443858144e-05
meta_dino+bio,"MLP (1024, 512, 128) lr=0.001 do=0.4 act=GELU",0.9639402394033192,9.003338443858144e-05
meta_dino+bio,"MLP (256, 512, 1024) lr=0.0001 do=0.2 act=ReLU",0.9639402394033192,9.003338443858144e-05
meta_dino+bio,"MLP (1024, 256, 512) lr=0.0001 do=0.0 act=ReLU",0.9639402394033192,9.003338443858144e-05
meta_dino+bio,"MLP (1024, 256, 512) lr=0.001 do=0.4 act=ReLU",0.9639402394033192,9.003338443858144e-05
meta_dino+bio,"MLP (256, 512, 1024) lr=0.0001 do=0.0 act=GELU",0.9639402394033192,9.003338443858144e-05
meta_dino+bio,"MLP (256, 256) lr=0.001 do=0.4 act=ReLU",0.9639402394033192,9.003338443858144e-05
meta_dino+bio,"MLP (256, 256) lr=0.001 do=0.2 act=GELU",0.9639402394033192,9.003338443858144e-05
meta_dino+bio,"MLP (512, 512, 512) lr=0.0001 do=0.2 act=ReLU",0.9639402394033192,9.003338443858144e-05
meta_dino+bio,"MLP (1024, 256, 256) lr=0.0001 do=0.4 act=GELU",0.9639402394033192,9.003338443858144e-05
meta_dino+bio,"MLP (1024, 256, 256) lr=0.0001 do=0.4 act=ReLU",0.9639402394033192,9.003338443858144e-05
meta_dino+bio,"MLP (1024, 256, 256) lr=0.0001 do=0.2 act=GELU",0.9639402394033192,9.003338443858144e-05
meta_dino+bio,"MLP (256, 512, 1024) lr=0.0001 do=0.0 act=ReLU",0.9639402394033192,9.003338443858144e-05
meta_dino+bio,"MLP (256, 512, 1024) lr=0.001 do=0.4 act=GELU",0.9639402394033192,9.003338443858144e-05
meta_dino+bio,"MLP (256, 512, 1024) lr=0.001 do=0.4 act=ReLU",0.9639402394033192,9.003338443858144e-05
meta_dino+bio,"MLP (256, 512, 1024) lr=0.001 do=0.2 act=GELU",0.9639402394033192,9.003338443858144e-05
meta_dino+bio,"MLP (256, 512, 1024) lr=0.001 do=0.2 act=ReLU",0.9639402394033192,9.003338443858144e-05
meta_dino+bio,"MLP (512, 128, 1024) lr=0.0001 do=0.0 act=ReLU",0.9639402394033192,9.003338443858144e-05
meta_dino+bio,"MLP (512, 1024, 128) lr=0.001 do=0.4 act=GELU",0.9639402394033192,9.003338443858144e-05
meta_dino+bio,"MLP (512, 128, 1024) lr=0.001 do=0.4 act=GELU",0.9639402394033192,9.003338443858144e-05
meta_dino+bio,"MLP (512, 128, 1024) lr=0.001 do=0.2 act=GELU",0.9639402394033192,9.003338443858144e-05
meta_dino+bio,"MLP (512, 128, 1024) lr=0.001 do=0.2 act=ReLU",0.9639402394033192,9.003338443858144e-05
meta_dino+bio,"MLP (512, 128, 1024) lr=0.001 do=0.0 act=GELU",0.9639402394033192,9.003338443858144e-05
meta_dino+bio,"MLP (1024, 256, 512) lr=0.001 do=0.2 act=ReLU",0.9639402394033192,9.003338443858144e-05
meta_dino+bio,"MLP (1024, 512, 256) lr=0.001 do=0.2 act=ReLU",0.9639402394033192,9.003338443858144e-05
meta_dino+bio,"MLP (1024, 512, 256) lr=0.001 do=0.0 act=ReLU",0.9639402394033192,9.003338443858144e-05
meta_dino+bio,"MLP (1024, 512, 128) lr=0.0001 do=0.4 act=GELU",0.9639402394033192,9.003338443858144e-05
meta_dino+bio,"MLP (1024, 512, 128) lr=0.0001 do=0.4 act=ReLU",0.9639402394033192,9.003338443858144e-05
meta_dino+bio,"MLP (1024, 512, 128) lr=0.0001 do=0.2 act=GELU",0.9639402394033192,9.003338443858144e-05
meta_dino+bio,"MLP (1024, 512, 128) lr=0.0001 do=0.2 act=ReLU",0.9639402394033192,9.003338443858144e-05
meta_dino+bio,"MLP (1024, 512, 128) lr=0.0001 do=0.0 act=GELU",0.9639402394033192,9.003338443858144e-05
meta_dino+bio,"MLP (512, 128, 1024) lr=0.001 do=0.0 act=ReLU",0.9639402394033192,9.003338443858144e-05
meta_dino+bio,"MLP (512, 128, 512) lr=0.0001 do=0.4 act=GELU",0.9639402394033192,9.003338443858144e-05
meta_dino+bio,"MLP (1024, 256, 512) lr=0.0001 do=0.4 act=GELU",0.9639402394033192,9.003338443858144e-05
meta_dino+bio,"MLP (1024, 256, 512) lr=0.0001 do=0.4 act=ReLU",0.9639402394033192,9.003338443858144e-05
meta_dino+bio,"MLP (1024, 256, 512) lr=0.0001 do=0.2 act=GELU",0.9639402394033192,9.003338443858144e-05
meta_dino+bio,"MLP (1024, 256, 512) lr=0.0001 do=0.2 act=ReLU",0.9639402394033192,9.003338443858144e-05
meta_dino+bio,"MLP (1024, 256, 512) lr=0.0001 do=0.0 act=GELU",0.9639402394033192,9.003338443858144e-05
meta_dino+bio,"MLP (512, 128, 512) lr=0.0001 do=0.4 act=ReLU",0.9639402394033192,9.003338443858144e-05
meta_dino+bio,SVM rbf C=10.0 g=scale,0.9639402394033192,9.003338443858144e-05
meta_dino+bio,"MLP (512, 512, 1024) lr=0.0001 do=0.2 act=GELU",0.9639402394033192,9.003338443858144e-05
meta_dino+bio,"MLP (512, 512, 1024) lr=0.0001 do=0.2 act=ReLU",0.9639402394033192,9.003338443858144e-05
meta_dino+bio,"MLP (512, 512, 1024) lr=0.0001 do=0.0 act=GELU",0.9639402394033192,9.003338443858144e-05
meta_dino+bio,"MLP (512, 512, 1024) lr=0.0001 do=0.0 act=ReLU",0.9639402394033192,9.003338443858144e-05
meta_dino+bio,"MLP (512, 512, 1024) lr=0.001 do=0.4 act=GELU",0.9639402394033192,9.003338443858144e-05
meta_dino+bio,"MLP (512, 512, 1024) lr=0.001 do=0.4 act=ReLU",0.9639402394033192,9.003338443858144e-05
meta_dino+bio,"MLP (512, 512, 1024) lr=0.001 do=0.2 act=GELU",0.9639402394033192,9.003338443858144e-05
meta_dino+bio,SVM rbf C=1.0 g=scale,0.9639402394033192,9.003338443858144e-05
meta_dino+bio,"MLP (512, 512, 1024) lr=0.001 do=0.2 act=ReLU",0.9639402394033192,9.003338443858144e-05
meta_dino+bio,"MLP (512, 512, 1024) lr=0.001 do=0.0 act=GELU",0.9639402394033192,9.003338443858144e-05
meta_dino+bio,"MLP (1024, 512, 256) lr=0.0001 do=0.2 act=ReLU",0.9639402394033192,9.003338443858144e-05
meta_dino+bio,"MLP (1024, 512, 256) lr=0.0001 do=0.0 act=GELU",0.9639402394033192,9.003338443858144e-05
meta_dino+bio,"MLP (1024, 512, 256) lr=0.0001 do=0.0 act=ReLU",0.9639402394033192,9.003338443858144e-05
meta_dino+bio,"MLP (1024, 512, 256) lr=0.001 do=0.4 act=GELU",0.9639402394033192,9.003338443858144e-05
meta_dino+bio,"MLP (1024, 512, 256) lr=0.001 do=0.4 act=ReLU",0.9639402394033192,9.003338443858144e-05
meta_dino+bio,"MLP (1024, 512, 256) lr=0.001 do=0.2 act=GELU",0.9639402394033192,9.003338443858144e-05
meta_dino+bio,"MLP (1024, 1024, 512) lr=0.0001 do=0.4 act=GELU",0.9639402394033192,9.003338443858144e-05
meta_dino+bio,"MLP (128, 128) lr=0.0001 do=0.4 act=ReLU",0.9639402394033192,9.003338443858144e-05
meta_dino+bio,"MLP (128, 1024) lr=0.001 do=0.4 act=ReLU",0.9639402394033192,9.003338443858144e-05
meta_dino+bio,"MLP (128, 1024) lr=0.001 do=0.2 act=GELU",0.9639402394033192,9.003338443858144e-05
meta_dino+bio,"MLP (128, 1024) lr=0.001 do=0.2 act=ReLU",0.9639402394033192,9.003338443858144e-05
meta_dino+bio,"MLP (256, 128) lr=0.001 do=0.4 act=GELU",0.9639402394033192,9.003338443858144e-05
meta_dino+bio,"MLP (1024, 1024, 512) lr=0.001 do=0.0 act=GELU",0.9639402394033192,9.003338443858144e-05
meta_dino+bio,"MLP (1024, 1024, 512) lr=0.001 do=0.2 act=ReLU",0.9639402394033192,9.003338443858144e-05
meta_dino+bio,"MLP (1024, 1024, 512) lr=0.001 do=0.2 act=GELU",0.9639402394033192,9.003338443858144e-05
meta_dino+bio,"MLP (1024, 1024, 512) lr=0.001 do=0.4 act=GELU",0.9639402394033192,9.003338443858144e-05
meta_dino+bio,"MLP (1024, 1024, 512) lr=0.0001 do=0.0 act=ReLU",0.9639402394033192,9.003338443858144e-05
meta_dino+bio,"MLP (1024, 1024, 512) lr=0.0001 do=0.0 act=GELU",0.9639402394033192,9.003338443858144e-05
meta_dino+bio,"MLP (1024, 1024, 512) lr=0.0001 do=0.2 act=ReLU",0.9639402394033192,9.003338443858144e-05
meta_dino+bio,"MLP (1024, 1024, 512) lr=0.0001 do=0.2 act=GELU",0.9639402394033192,9.003338443858144e-05
meta_dino+bio,"MLP (1024, 1024, 512) lr=0.0001 do=0.4 act=ReLU",0.9639402394033192,9.003338443858144e-05
meta_dino+bio,"MLP (512, 512, 1024) lr=0.0001 do=0.4 act=ReLU",0.9639402394033192,9.003338443858144e-05
meta_dino+bio,"MLP (1024, 1024, 1024) lr=0.001 do=0.0 act=ReLU",0.9639402394033192,9.003338443858144e-05
meta_dino+bio,"MLP (128, 512) lr=0.001 do=0.0 act=ReLU",0.9639402394033192,9.003338443858144e-05
meta_dino+bio,"MLP (256, 128) lr=0.001 do=0.4 act=ReLU",0.9639402394033192,9.003338443858144e-05
meta_dino+bio,"MLP (256, 128) lr=0.001 do=0.2 act=GELU",0.9639402394033192,9.003338443858144e-05
meta_dino+bio,"MLP (256, 128) lr=0.001 do=0.2 act=ReLU",0.9639402394033192,9.003338443858144e-05
meta_dino+bio,"MLP (256, 128) lr=0.001 do=0.0 act=GELU",0.9639402394033192,9.003338443858144e-05
meta_dino+bio,"MLP (256, 128) lr=0.001 do=0.0 act=ReLU",0.9639402394033192,9.003338443858144e-05
meta_dino+bio,"MLP (128, 1024) lr=0.0001 do=0.4 act=ReLU",0.9639402394033192,9.003338443858144e-05
meta_dino+bio,"MLP (128, 1024) lr=0.0001 do=0.2 act=ReLU",0.9639402394033192,9.003338443858144e-05
meta_dino+bio,"MLP (128, 1024) lr=0.0001 do=0.0 act=ReLU",0.9639402394033192,9.003338443858144e-05
meta_dino+bio,"MLP (128, 1024) lr=0.001 do=0.4 act=GELU",0.9639402394033192,9.003338443858144e-05
meta_dino+bio,"MLP (512, 1024, 128) lr=0.001 do=0.2 act=ReLU",0.9639402394033192,9.003338443858144e-05
meta_dino+bio,"MLP (512, 1024, 128) lr=0.001 do=0.0 act=GELU",0.9639402394033192,9.003338443858144e-05
meta_dino+bio,"MLP (512, 1024, 128) lr=0.001 do=0.0 act=ReLU",0.9639402394033192,9.003338443858144e-05
meta_dino+bio,"MLP (512, 512, 1024) lr=0.0001 do=0.4 act=GELU",0.9639402394033192,9.003338443858144e-05
meta_dino+bio,"MLP (512, 128, 256) lr=0.0001 do=0.2 act=GELU",0.9639402394033192,9.003338443858144e-05
concat_raw,"MLP (1024, 256, 256) lr=0.001 do=0.4 act=ReLU",0.9639392138526676,0.007227253895583541
concat_raw,"MLP (256, 128, 128) lr=0.001 do=0.0 act=ReLU",0.963935679849727,0.0024460989033088243
concat_raw,"MLP (256, 256) lr=0.0001 do=0.0 act=ReLU",0.963935679849727,0.0024460989033088243
concat_raw,"MLP (128,) lr=0.0001 do=0.0 act=GELU",0.963935679849727,0.0024460989033088243
concat_raw,"MLP (128,) lr=0.0001 do=0.2 act=ReLU",0.963935679849727,0.0024460989033088243
concat_raw,"MLP (256, 256) lr=0.0001 do=0.4 act=GELU",0.963935679849727,0.0024460989033088243
concat_raw,"MLP (128,) lr=0.0001 do=0.4 act=ReLU",0.963935679849727,0.0024460989033088243
concat_raw,"MLP (256, 128, 256) lr=0.0001 do=0.0 act=GELU",0.963935679849727,0.0024460989033088243
concat_raw,"MLP (256, 128, 256) lr=0.0001 do=0.0 act=ReLU",0.963935679849727,0.0024460989033088243
concat_raw,"MLP (256, 256) lr=0.0001 do=0.0 act=GELU",0.963935679849727,0.0024460989033088243
concat_raw,"MLP (256, 256, 256) lr=0.001 do=0.2 act=ReLU",0.963935679849727,0.0024460989033088243
concat_raw,"MLP (256, 256) lr=0.001 do=0.0 act=ReLU",0.963935679849727,0.0024460989033088243
concat_raw,"MLP (256, 256, 256) lr=0.001 do=0.0 act=GELU",0.963935679849727,0.0024460989033088243
concat_raw,"MLP (256, 256, 256) lr=0.001 do=0.2 act=GELU",0.963935679849727,0.0024460989033088243
concat_raw,"MLP (256, 256, 256) lr=0.0001 do=0.0 act=GELU",0.963935679849727,0.0024460989033088243
concat_raw,"MLP (256, 128, 1024) lr=0.0001 do=0.0 act=GELU",0.963935679849727,0.0024460989033088243
concat_raw,"MLP (128,) lr=0.0001 do=0.4 act=GELU",0.963935679849727,0.0024460989033088243
concat_raw,"MLP (128, 128) lr=0.0001 do=0.0 act=GELU",0.963935679849727,0.0024460989033088243
concat_raw,"MLP (512, 256, 128) lr=0.0001 do=0.0 act=GELU",0.963935679849727,0.0024460989033088243
concat_raw,"MLP (512, 256, 128) lr=0.001 do=0.0 act=GELU",0.963935679849727,0.0024460989033088243
concat_raw,"MLP (512, 128, 128) lr=0.0001 do=0.0 act=GELU",0.963935679849727,0.0024460989033088243
concat_raw,"MLP (128, 256, 128) lr=0.001 do=0.2 act=GELU",0.963935679849727,0.0024460989033088243
concat_raw,"MLP (128, 256, 128) lr=0.0001 do=0.0 act=ReLU",0.963935679849727,0.0024460989033088243
concat_raw,"MLP (512, 256, 128) lr=0.001 do=0.0 act=ReLU",0.963935679849727,0.0024460989033088243
concat_raw,"MLP (512, 256, 128) lr=0.0001 do=0.2 act=GELU",0.963935679849727,0.0024460989033088243
concat_raw,"MLP (128, 512, 512) lr=0.0001 do=0.0 act=GELU",0.963935679849727,0.0024460989033088243
concat_raw,"MLP (128, 256) lr=0.001 do=0.0 act=ReLU",0.963935679849727,0.0024460989033088243
concat_raw,"MLP (512, 256) lr=0.0001 do=0.2 act=GELU",0.963935679849727,0.0024460989033088243
concat_raw,"MLP (1024, 128, 256) lr=0.001 do=0.0 act=ReLU",0.963935679849727,0.0024460989033088243
concat_raw,"MLP (512, 256) lr=0.0001 do=0.4 act=GELU",0.963935679849727,0.0024460989033088243
concat_raw,"MLP (1024, 256, 256) lr=0.0001 do=0.2 act=GELU",0.963935679849727,0.0024460989033088243
concat_raw,"MLP (1024, 256, 256) lr=0.0001 do=0.4 act=GELU",0.963935679849727,0.0024460989033088243
concat_raw,"MLP (512, 256) lr=0.0001 do=0.4 act=ReLU",0.963935679849727,0.0024460989033088243
concat_raw,"MLP (256, 512, 512) lr=0.0001 do=0.0 act=GELU",0.963935679849727,0.0024460989033088243
concat_raw,"MLP (256, 1024, 128) lr=0.0001 do=0.2 act=GELU",0.963935679849727,0.0024460989033088243
concat_raw,"MLP (256, 1024, 512) lr=0.0001 do=0.0 act=GELU",0.963935679849727,0.0024460989033088243
concat_raw,"MLP (128, 128, 256) lr=0.0001 do=0.0 act=GELU",0.963935679849727,0.0024460989033088243
concat_raw,"MLP (128, 128) lr=0.0001 do=0.2 act=GELU",0.963935679849727,0.0024460989033088243
concat_raw,"MLP (256, 128) lr=0.0001 do=0.0 act=ReLU",0.963935679849727,0.0024460989033088243
concat_raw,"MLP (128, 256, 128) lr=0.0001 do=0.0 act=GELU",0.963935679849727,0.0024460989033088243
concat_raw,"MLP (128, 128, 1024) lr=0.0001 do=0.0 act=GELU",0.963935679849727,0.0024460989033088243
backbone_dinov2,"MLP (1024, 128) lr=0.001 do=0.4 act=GELU",0.9639312511447686,0.007178888715371368
backbone_dinov2,"MLP (512, 256, 512) lr=0.001 do=0.0 act=ReLU",0.9639312511447686,0.007178888715371368
concat_raw,"MLP (256, 1024, 256) lr=0.0001 do=0.4 act=ReLU",0.96393079452722,0.007358357554241857
concat_raw,"MLP (512, 128, 256) lr=0.001 do=0.4 act=GELU",0.96393079452722,0.007358357554241857
meta_dino+bio,"MLP (128, 128, 128) lr=0.0001 do=0.0 act=ReLU",0.9639296603684094,0.00592899503241473
concat_pca208,"MLP (1024, 1024, 512) lr=0.001 do=0.2 act=ReLU",0.9639250553835937,0.02171816368351409
concat_raw,"MLP (512, 128, 128) lr=0.001 do=0.2 act=ReLU",0.9639239878397372,0.007321667069040971
backbone_dinov2,"MLP (256, 128) lr=0.001 do=0.2 act=ReLU",0.9639234914263275,0.007230354727518651
concat_raw,"MLP (128, 256, 512) lr=0.001 do=0.4 act=GELU",0.9639231222588491,0.0025238668263952158
concat_raw,"MLP (128, 512, 1024) lr=0.0001 do=0.2 act=GELU",0.9639226995093741,0.007322955399403919
concat_raw,"MLP (128, 512, 1024) lr=0.0001 do=0.4 act=GELU",0.9639226995093741,0.007322955399403919
concat_raw,"MLP (128, 512, 1024) lr=0.0001 do=0.4 act=ReLU",0.9639226995093741,0.007322955399403919
concat_raw,"MLP (512, 512, 1024) lr=0.0001 do=0.2 act=GELU",0.9639226995093741,0.007322955399403919
concat_raw,"MLP (512, 1024, 512) lr=0.0001 do=0.2 act=GELU",0.9639226995093741,0.007322955399403919
concat_raw,"MLP (128, 1024, 128) lr=0.001 do=0.0 act=GELU",0.9639226995093741,0.007322955399403919
concat_raw,"MLP (1024, 512, 128) lr=0.0001 do=0.4 act=GELU",0.9639226995093741,0.007322955399403919
concat_raw,"MLP (256, 512, 512) lr=0.0001 do=0.4 act=ReLU",0.9639226995093741,0.007322955399403919
concat_raw,"MLP (256, 1024) lr=0.001 do=0.2 act=GELU",0.9639226995093741,0.007322955399403919
concat_raw,"MLP (256, 256, 512) lr=0.0001 do=0.2 act=GELU",0.9639226995093741,0.007322955399403919
concat_raw,"MLP (128, 1024, 256) lr=0.001 do=0.2 act=GELU",0.9639226995093741,0.007322955399403919
concat_raw,"MLP (256, 256, 128) lr=0.001 do=0.4 act=ReLU",0.9639226995093741,0.007322955399403919
concat_raw,"MLP (1024,) lr=0.001 do=0.4 act=ReLU",0.963922594948863,0.007366557132598872
concat_raw,"MLP (512, 128, 128) lr=0.0001 do=0.2 act=ReLU",0.963922594948863,0.007366557132598872
concat_raw,"MLP (256, 256, 128) lr=0.001 do=0.4 act=GELU",0.963922594948863,0.007366557132598872
concat_raw,"MLP (128, 128, 512) lr=0.001 do=0.4 act=ReLU",0.9639220580309342,0.012143641204004074
concat_raw,"MLP (512, 128) lr=0.001 do=0.4 act=ReLU",0.9639220580309342,0.012143641204004074
concat_raw,"MLP (128, 128, 256) lr=0.001 do=0.2 act=ReLU",0.9639220580309342,0.012143641204004074
concat_raw,"MLP (256, 512, 512) lr=0.0001 do=0.2 act=GELU",0.9639220580309342,0.012143641204004074
concat_raw,"MLP (512, 1024, 512) lr=0.001 do=0.2 act=ReLU",0.9639220580309342,0.012143641204004074
concat_raw,"MLP (1024, 256, 128) lr=0.0001 do=0.4 act=GELU",0.9639220580309342,0.012143641204004074
backbone_dinov2,"MLP (512, 256, 512) lr=0.001 do=0.4 act=ReLU",0.9639220198921772,0.007055800914018806
backbone_dinov2,"MLP (128, 256, 256) lr=0.001 do=0.4 act=ReLU",0.9639220198921772,0.007055800914018806
backbone_dinov2,"MLP (512, 512, 128) lr=0.001 do=0.0 act=GELU",0.9639220198921772,0.007055800914018806
backbone_dinov2,"MLP (1024, 128) lr=0.001 do=0.0 act=ReLU",0.9639209218749925,0.012032435601337321
backbone_dinov2,"MLP (512,) lr=0.001 do=0.4 act=GELU",0.9639209218749925,0.012032435601337321
backbone_dinov2,"MLP (512, 128, 512) lr=0.001 do=0.2 act=GELU",0.9639209218749925,0.012032435601337321
backbone_dinov2,"MLP (128, 256) lr=0.001 do=0.4 act=GELU",0.9639209218749925,0.012032435601337321
backbone_dinov2,"MLP (512, 1024, 1024) lr=0.001 do=0.0 act=ReLU",0.9639209218749925,0.012032435601337321
backbone_dinov2,"MLP (1024, 256, 512) lr=0.0001 do=0.4 act=ReLU",0.9639193950311363,0.0168498357380944
backbone_dinov2,"MLP (128, 512, 128) lr=0.001 do=0.2 act=ReLU",0.9639155737699162,0.016853656999314515
concat_raw,"MLP (256, 512, 512) lr=0.001 do=0.2 act=ReLU",0.9639115563397997,0.00737759574166208
concat_raw,"MLP (1024, 1024, 128) lr=0.001 do=0.2 act=ReLU",0.9639111128643594,0.012154586370578868
backbone_dinov2,"MLP (1024, 128, 1024) lr=0.001 do=0.0 act=GELU",0.963909572552091,0.007222420454902068
backbone_dinov2,"MLP (512, 1024) lr=0.0001 do=0.0 act=ReLU",0.9639069700352326,0.012046387441097095
backbone_dinov2,"MLP (128, 256, 128) lr=0.001 do=0.0 act=ReLU",0.9639069700352326,0.012046387441097095
backbone_dinov2,"MLP (128, 128) lr=0.0001 do=0.0 act=GELU",0.9639069700352326,0.012046387441097095
backbone_dinov2,"MLP (512, 128, 128) lr=0.001 do=0.0 act=GELU",0.9639069700352326,0.012046387441097095
backbone_dinov2,"MLP (1024, 256, 128) lr=0.001 do=0.0 act=ReLU",0.9639069700352326,0.012046387441097095
backbone_dinov2,"MLP (128, 256, 128) lr=0.001 do=0.2 act=ReLU",0.9639046471964896,0.016842730425887964
backbone_dinov2,"MLP (128, 128, 512) lr=0.0001 do=0.2 act=ReLU",0.9639046471964896,0.016842730425887964
backbone_dinov2,"MLP (512, 128) lr=0.0001 do=0.2 act=ReLU",0.9639046471964896,0.016842730425887964
backbone_dinov2,"MLP (512, 128) lr=0.0001 do=0.0 act=GELU",0.9639046471964896,0.016842730425887964
backbone_dinov2,"MLP (512, 1024) lr=0.0001 do=0.2 act=ReLU",0.9639046471964896,0.016842730425887964
concat_raw,"MLP (128, 128, 512) lr=0.001 do=0.4 act=GELU",0.9639043803654618,0.012125963538531681
concat_raw,"MLP (1024, 128) lr=0.001 do=0.4 act=GELU",0.9639043803654618,0.012125963538531681
backbone_dinov2,"MLP (256, 512, 128) lr=0.001 do=0.4 act=GELU",0.9639039667770015,0.011878819341817282
backbone_dinov2,"MLP (1024, 1024, 256) lr=0.001 do=0.0 act=GELU",0.9639017957232089,0.01201330944955381
concat_raw,"MLP (128, 1024, 1024) lr=0.0001 do=0.2 act=GELU",0.9639008463625212,0.00734480854625702
concat_raw,"MLP (256,) lr=0.001 do=0.4 act=ReLU",0.9639008463625212,0.00734480854625702
concat_raw,"MLP (128, 1024, 256) lr=0.0001 do=0.2 act=GELU",0.9639008463625212,0.00734480854625702
concat_raw,"MLP (128, 256, 1024) lr=0.001 do=0.4 act=GELU",0.9639008463625212,0.00734480854625702
concat_raw,"MLP (512, 1024, 512) lr=0.0001 do=0.4 act=ReLU",0.9639008463625212,0.00734480854625702
concat_raw,LogReg C=0.1,0.9639008463625212,0.00734480854625702
concat_raw,"MLP (1024, 256, 1024) lr=0.0001 do=0.2 act=GELU",0.9639008463625212,0.00734480854625702
concat_raw,"MLP (256,) lr=0.001 do=0.0 act=ReLU",0.9639008463625212,0.00734480854625702
concat_raw,"MLP (128, 1024, 1024) lr=0.0001 do=0.4 act=GELU",0.9639008463625212,0.00734480854625702
concat_raw,"MLP (128,) lr=0.001 do=0.4 act=GELU",0.9639008463625212,0.00734480854625702
concat_raw,"MLP (128, 128, 1024) lr=0.001 do=0.0 act=GELU",0.9639008463625212,0.00734480854625702
concat_raw,"MLP (512,) lr=0.001 do=0.2 act=ReLU",0.9639008463625212,0.00734480854625702
concat_raw,"MLP (512, 512) lr=0.001 do=0.0 act=GELU",0.9639008463625212,0.00734480854625702
concat_raw,"MLP (128, 128, 1024) lr=0.001 do=0.0 act=ReLU",0.9639008463625212,0.00734480854625702
concat_raw,"MLP (256,) lr=0.001 do=0.4 act=GELU",0.9639008463625212,0.00734480854625702
concat_raw,"MLP (1024, 1024) lr=0.0001 do=0.0 act=ReLU",0.9639008463625212,0.00734480854625702
concat_raw,"MLP (1024, 256, 512) lr=0.0001 do=0.2 act=GELU",0.9639008463625212,0.00734480854625702
concat_raw,"MLP (512,) lr=0.0001 do=0.0 act=GELU",0.9639008463625212,0.00734480854625702
concat_raw,"MLP (256, 512, 1024) lr=0.0001 do=0.2 act=ReLU",0.9639008463625212,0.00734480854625702
concat_raw,"MLP (256, 1024, 256) lr=0.001 do=0.0 act=ReLU",0.9639008463625212,0.00734480854625702
concat_raw,"MLP (1024,) lr=0.001 do=0.0 act=ReLU",0.9639008463625212,0.00734480854625702
concat_raw,"MLP (128,) lr=0.001 do=0.4 act=ReLU",0.9639008463625212,0.00734480854625702
concat_raw,"MLP (128,) lr=0.001 do=0.2 act=ReLU",0.9639008463625212,0.00734480854625702
concat_raw,LogReg C=10.0,0.9639008463625212,0.00734480854625702
concat_raw,"MLP (128, 512, 512) lr=0.001 do=0.2 act=GELU",0.9639008463625212,0.00734480854625702
concat_raw,"MLP (512, 1024, 256) lr=0.0001 do=0.2 act=ReLU",0.9639008463625212,0.00734480854625702
concat_raw,"MLP (512, 512, 512) lr=0.001 do=0.2 act=ReLU",0.9639008463625212,0.00734480854625702
concat_raw,"MLP (1024,) lr=0.0001 do=0.0 act=GELU",0.9639008463625212,0.00734480854625702
concat_raw,"MLP (128, 128, 256) lr=0.0001 do=0.0 act=ReLU",0.9639008463625212,0.00734480854625702
concat_raw,"MLP (128, 128, 128) lr=0.001 do=0.4 act=GELU",0.9639008463625212,0.00734480854625702
concat_raw,"MLP (128, 128) lr=0.001 do=0.2 act=ReLU",0.9639008463625212,0.00734480854625702
concat_raw,"MLP (1024, 128) lr=0.0001 do=0.2 act=GELU",0.9639008463625212,0.00734480854625702
concat_raw,"MLP (128,) lr=0.001 do=0.0 act=ReLU",0.9639008463625212,0.00734480854625702
concat_raw,"MLP (512, 128, 512) lr=0.0001 do=0.2 act=GELU",0.9639008463625212,0.00734480854625702
concat_raw,"MLP (128, 256, 256) lr=0.001 do=0.0 act=GELU",0.9639008463625212,0.00734480854625702
concat_raw,"MLP (1024, 128, 256) lr=0.0001 do=0.4 act=GELU",0.9639008463625212,0.00734480854625702
concat_raw,"MLP (1024, 1024) lr=0.0001 do=0.2 act=GELU",0.9639008463625212,0.00734480854625702
concat_raw,"MLP (1024, 1024, 256) lr=0.0001 do=0.4 act=ReLU",0.9639008463625212,0.00734480854625702
concat_raw,"MLP (512, 1024, 256) lr=0.0001 do=0.0 act=GELU",0.9639008463625212,0.00734480854625702
concat_raw,"MLP (256, 1024, 1024) lr=0.0001 do=0.2 act=GELU",0.9639008463625212,0.00734480854625702
concat_raw,"MLP (512, 512, 512) lr=0.001 do=0.4 act=ReLU",0.9639008463625212,0.00734480854625702
meta_dino+bio,LDA solver=lsqr shrink=None,0.9638984054006419,0.00013186738711590262
meta_dino+bio,"MLP (128, 256) lr=0.0001 do=0.4 act=GELU",0.9638984054006419,0.00013186738711590262
meta_dino+bio,"MLP (256, 256) lr=0.0001 do=0.4 act=GELU",0.9638984054006419,0.00013186738711590262
meta_dino+bio,"MLP (256, 256) lr=0.0001 do=0.2 act=GELU",0.9638984054006419,0.00013186738711590262
meta_dino+bio,"MLP (256,) lr=0.0001 do=0.2 act=GELU",0.9638984054006419,0.00013186738711590262
meta_dino+bio,"MLP (256,) lr=0.0001 do=0.4 act=GELU",0.9638984054006419,0.00013186738711590262
meta_dino+bio,"MLP (256,) lr=0.0001 do=0.0 act=GELU",0.9638984054006419,0.00013186738711590262
meta_dino+bio,"MLP (1024, 1024, 128) lr=0.001 do=0.0 act=ReLU",0.9638984054006419,0.00013186738711590262
meta_dino+bio,"MLP (256, 128, 1024) lr=0.0001 do=0.4 act=GELU",0.9638984054006419,0.00013186738711590262
meta_dino+bio,"MLP (256, 256, 128) lr=0.0001 do=0.4 act=GELU",0.9638984054006419,0.00013186738711590262
meta_dino+bio,"MLP (128, 128, 512) lr=0.0001 do=0.4 act=GELU",0.9638984054006419,0.00013186738711590262
meta_dino+bio,"MLP (128, 128, 1024) lr=0.0001 do=0.4 act=GELU",0.9638984054006419,0.00013186738711590262
meta_dino+bio,"MLP (128, 128, 512) lr=0.0001 do=0.0 act=GELU",0.9638984054006419,0.00013186738711590262
meta_dino+bio,"MLP (128, 128, 512) lr=0.0001 do=0.2 act=GELU",0.9638984054006419,0.00013186738711590262
meta_dino+bio,"MLP (256, 256, 512) lr=0.0001 do=0.4 act=GELU",0.9638984054006419,0.00013186738711590262
meta_dino+bio,LogReg C=0.01,0.9638984054006419,0.00013186738711590262
meta_dino+bio,"MLP (256, 256, 128) lr=0.0001 do=0.2 act=GELU",0.9638984054006419,0.00013186738711590262
meta_dino+bio,"MLP (256, 256, 128) lr=0.0001 do=0.0 act=GELU",0.9638984054006419,0.00013186738711590262
meta_dino+bio,"MLP (128, 256, 256) lr=0.0001 do=0.4 act=ReLU",0.9638984054006419,0.00013186738711590262
meta_dino+bio,"MLP (128, 256, 512) lr=0.0001 do=0.4 act=GELU",0.9638984054006419,0.00013186738711590262
meta_dino+bio,"MLP (128, 256, 512) lr=0.0001 do=0.2 act=GELU",0.9638984054006419,0.00013186738711590262
meta_dino+bio,"MLP (1024, 1024, 128) lr=0.001 do=0.4 act=GELU",0.9638984054006419,0.00013186738711590262
meta_dino+bio,"MLP (128, 512, 256) lr=0.0001 do=0.4 act=GELU",0.9638984054006419,0.00013186738711590262
meta_dino+bio,"MLP (128, 512, 128) lr=0.0001 do=0.0 act=GELU",0.9638984054006419,0.00013186738711590262
meta_dino+bio,"MLP (256, 256) lr=0.0001 do=0.0 act=GELU",0.9638984054006419,0.00013186738711590262
meta_dino+bio,NB var_smooth=1e-09,0.9638984054006419,0.00013186738711590262
meta_dino+bio,"MLP (128, 128) lr=0.0001 do=0.0 act=GELU",0.9638984054006419,0.00013186738711590262
meta_dino+bio,"MLP (128, 128) lr=0.0001 do=0.2 act=GELU",0.9638984054006419,0.00013186738711590262
meta_dino+bio,"MLP (128, 128) lr=0.0001 do=0.4 act=GELU",0.9638984054006419,0.00013186738711590262
meta_dino+bio,"MLP (128, 256) lr=0.0001 do=0.0 act=GELU",0.9638984054006419,0.00013186738711590262
meta_dino+bio,NB var_smooth=1e-07,0.9638984054006419,0.00013186738711590262
meta_dino+bio,NB var_smooth=1e-05,0.9638984054006419,0.00013186738711590262
meta_dino+bio,"MLP (128, 512) lr=0.0001 do=0.0 act=GELU",0.9638984054006419,0.00013186738711590262
meta_dino+bio,"MLP (128, 512) lr=0.0001 do=0.2 act=ReLU",0.9638984054006419,0.00013186738711590262
meta_dino+bio,"MLP (128, 512) lr=0.0001 do=0.2 act=GELU",0.9638984054006419,0.00013186738711590262
meta_dino+bio,"MLP (128, 512) lr=0.0001 do=0.4 act=ReLU",0.9638984054006419,0.00013186738711590262
meta_dino+bio,"MLP (128, 512) lr=0.0001 do=0.4 act=GELU",0.9638984054006419,0.00013186738711590262
meta_dino+bio,"MLP (128, 256) lr=0.0001 do=0.2 act=GELU",0.9638984054006419,0.00013186738711590262
concat_raw,XGB n=100 d=5 lr=0.1,0.9638940937854868,0.012168891502205015
concat_raw,XGB n=300 d=3 lr=0.1,0.9638940937854868,0.012168891502205015
concat_raw,XGB n=100 d=3 lr=0.1,0.9638940937854868,0.012168891502205015
concat_raw,XGB n=300 d=5 lr=0.1,0.9638940937854868,0.012168891502205015
concat_raw,"MLP (256, 1024, 128) lr=0.001 do=0.2 act=ReLU",0.963892153397772,0.0024351539884003293
concat_raw,"MLP (1024, 256, 256) lr=0.001 do=0.2 act=GELU",0.9638910960838208,0.00735455882495728
concat_raw,"MLP (128, 512, 1024) lr=0.0001 do=0.0 act=GELU",0.9638905170927448,0.0024912616602909554
concat_raw,"MLP (512, 128) lr=0.0001 do=0.2 act=GELU",0.9638905170927448,0.0024912616602909554
concat_raw,"MLP (128, 512, 1024) lr=0.001 do=0.2 act=ReLU",0.9638905170927448,0.0024912616602909554
concat_raw,"MLP (512, 256) lr=0.001 do=0.2 act=ReLU",0.9638905170927448,0.0024912616602909554
concat_raw,"MLP (1024, 1024) lr=0.0001 do=0.2 act=ReLU",0.9638905170927448,0.0024912616602909554
concat_raw,"MLP (512,) lr=0.0001 do=0.4 act=GELU",0.9638905170927448,0.0024912616602909554
concat_raw,"MLP (256, 256, 512) lr=0.0001 do=0.4 act=GELU",0.9638893236518404,0.012110906824910339
backbone_dinov2,"MLP (512, 512) lr=0.0001 do=0.4 act=ReLU",0.9638888391640673,0.012064518312262407
backbone_dinov2,"MLP (256, 256, 256) lr=0.001 do=0.0 act=ReLU",0.9638888391640673,0.012064518312262407
backbone_dinov2,"MLP (256, 128) lr=0.0001 do=0.4 act=GELU",0.9638888391640673,0.012064518312262407
backbone_dinov2,"MLP (1024,) lr=0.001 do=0.2 act=ReLU",0.963888030119076,0.011999543845420957
backbone_dinov2,"MLP (256, 256, 128) lr=0.001 do=0.4 act=ReLU",0.963888030119076,0.011999543845420957
backbone_dinov2,"MLP (512, 256) lr=0.001 do=0.4 act=GELU",0.963888030119076,0.011999543845420957
backbone_dinov2,"MLP (1024, 1024, 1024) lr=0.001 do=0.2 act=GELU",0.963888030119076,0.011999543845420957
concat_raw,LogReg C=100.0,0.963887771504527,0.0024940072485087894
backbone_dinov2,"MLP (1024, 1024, 512) lr=0.001 do=0.4 act=GELU",0.9638872613174103,0.007266584836435774
backbone_dinov2,"MLP (1024, 512, 512) lr=0.001 do=0.0 act=GELU",0.9638872613174103,0.007266584836435774
backbone_dinov2,"MLP (1024, 256, 128) lr=0.001 do=0.4 act=GELU",0.9638872613174103,0.007266584836435774
backbone_dinov2,"MLP (256, 512, 1024) lr=0.001 do=0.0 act=GELU",0.9638870437501821,0.007090777056013908
backbone_dinov2,"MLP (512, 128) lr=0.001 do=0.4 act=GELU",0.9638870437501821,0.007090777056013908
backbone_dinov2,"MLP (1024, 512) lr=0.001 do=0.0 act=GELU",0.9638870437501821,0.007090777056013908
backbone_dinov2,"MLP (128, 512, 512) lr=0.001 do=0.2 act=GELU",0.9638868402041385,0.0070909806020575394
concat_pca208,RF n=300 max_f=log2,0.9638865595617319,0.002429560152360122
concat_raw,"MLP (1024, 128, 256) lr=0.001 do=0.0 act=GELU",0.9638831059291106,0.00728336181914041
backbone_dinov2,"MLP (1024, 512, 1024) lr=0.001 do=0.2 act=GELU",0.9638759305876572,0.0024565882831487085
concat_pca208,"MLP (512, 1024, 128) lr=0.001 do=0.4 act=GELU",0.9638713937089441,0.012027264246626701
concat_pca208,"MLP (512, 512, 128) lr=0.001 do=0.2 act=GELU",0.9638713937089441,0.012027264246626701
concat_raw,"MLP (128, 1024, 1024) lr=0.001 do=0.4 act=GELU",0.9638672384377402,0.01219846079719794
concat_raw,"MLP (1024, 1024) lr=0.001 do=0.2 act=ReLU",0.9638659183576739,0.0025158603953619463
concat_raw,"MLP (512, 256, 1024) lr=0.001 do=0.4 act=ReLU",0.9638659183576739,0.0025158603953619463
concat_raw,"MLP (256, 512, 1024) lr=0.001 do=0.2 act=ReLU",0.9638659183576739,0.0025158603953619463
concat_raw,"MLP (256, 512, 1024) lr=0.001 do=0.0 act=GELU",0.9638659183576739,0.0025158603953619463
concat_raw,"MLP (1024, 128, 128) lr=0.001 do=0.0 act=GELU",0.9638659183576739,0.0025158603953619463
concat_raw,"MLP (512, 512) lr=0.001 do=0.2 act=GELU",0.9638659183576739,0.0025158603953619463
concat_raw,"MLP (256, 1024, 128) lr=0.001 do=0.0 act=ReLU",0.9638656346755026,0.0023760537290844486
backbone_dinov2,"MLP (1024, 512, 128) lr=0.0001 do=0.2 act=GELU",0.9638650916177967,0.0071127291883993915
backbone_dinov2,"MLP (256, 1024) lr=0.001 do=0.4 act=ReLU",0.9638650916177967,0.0071127291883993915
backbone_dinov2,"MLP (256, 1024, 256) lr=0.001 do=0.0 act=GELU",0.9638650916177967,0.0071127291883993915
backbone_dinov2,"MLP (256, 512, 128) lr=0.001 do=0.2 act=ReLU",0.9638650916177967,0.0071127291883993915
backbone_dinov2,"MLP (1024,) lr=0.001 do=0.4 act=GELU",0.9638650916177967,0.0071127291883993915
backbone_dinov2,"MLP (128, 1024, 512) lr=0.001 do=0.2 act=GELU",0.9638650916177967,0.0071127291883993915
backbone_dinov2,"MLP (512, 512, 512) lr=0.001 do=0.0 act=GELU",0.9638650916177967,0.0071127291883993915
backbone_dinov2,"MLP (256, 256, 128) lr=0.001 do=0.4 act=GELU",0.9638650916177967,0.0071127291883993915
concat_raw,"MLP (1024, 256, 128) lr=0.0001 do=0.2 act=ReLU",0.9638644970817011,0.007424654999760749
concat_raw,"MLP (256, 256, 128) lr=0.001 do=0.0 act=ReLU",0.9638612527822576,0.007305214965993512
concat_raw,"MLP (256, 512, 256) lr=0.001 do=0.0 act=GELU",0.9638612527822576,0.007305214965993512
concat_raw,"MLP (128, 512) lr=0.001 do=0.2 act=GELU",0.9638612527822576,0.007305214965993512
concat_raw,"MLP (128, 512, 128) lr=0.001 do=0.0 act=ReLU",0.9638612527822576,0.007305214965993512
concat_raw,"MLP (256, 1024) lr=0.001 do=0.0 act=ReLU",0.9638612527822576,0.007305214965993512
concat_raw,"MLP (128, 256, 512) lr=0.001 do=0.0 act=GELU",0.9638612527822576,0.007305214965993512
concat_raw,"MLP (256, 256, 128) lr=0.001 do=0.2 act=GELU",0.9638612527822576,0.007305214965993512
concat_raw,"MLP (128, 512, 128) lr=0.001 do=0.2 act=ReLU",0.9638612527822576,0.007305214965993512
concat_pca208,"MLP (256, 512, 256) lr=0.001 do=0.2 act=ReLU",0.9638593982600033,0.012081052309518392
concat_raw,"MLP (512, 512, 256) lr=0.0001 do=0.4 act=ReLU",0.9638568565351628,0.007257112425192613
concat_raw,"MLP (128, 1024, 128) lr=0.0001 do=0.4 act=ReLU",0.9638568565351628,0.007257112425192613
backbone_dinov2,"MLP (512, 128) lr=0.001 do=0.2 act=ReLU",0.9638544785087522,0.0021460965343761407
concat_raw,"MLP (256, 512, 512) lr=0.0001 do=0.2 act=ReLU",0.9638530149971976,0.012212684237740745
backbone_dinov2,"MLP (512, 1024, 128) lr=0.001 do=0.2 act=ReLU",0.9638521261469307,0.01203544781756627
backbone_dinov2,"MLP (256, 512, 256) lr=0.001 do=0.2 act=ReLU",0.9638519131755039,0.01689546444687373
backbone_dinov2,"MLP (256, 1024, 128) lr=0.001 do=0.2 act=GELU",0.963850089898,0.016897287724377597
concat_raw,"MLP (128, 256, 128) lr=0.0001 do=0.2 act=ReLU",0.9638469125052206,0.002313625265096264
concat_raw,"MLP (128, 256, 128) lr=0.0001 do=0.2 act=GELU",0.9638469125052206,0.002313625265096264
concat_raw,"MLP (512, 1024) lr=0.001 do=0.4 act=ReLU",0.9638456038335634,0.017004784396590145
concat_raw,"MLP (256, 128, 512) lr=0.001 do=0.4 act=ReLU",0.9638427484953592,0.007402906413418897
concat_raw,"MLP (128, 1024) lr=0.0001 do=0.2 act=ReLU",0.9638427484953592,0.007402906413418897
concat_raw,"MLP (1024, 128) lr=0.0001 do=0.2 act=ReLU",0.9638392215828003,0.012226477652137913
concat_pca208,"MLP (256, 256, 256) lr=0.001 do=0.0 act=ReLU",0.9638391730508002,0.007149547244138688
concat_pca208,"MLP (256,) lr=0.0001 do=0.4 act=ReLU",0.9638388690512967,0.0025053971306754907
concat_raw,"MLP (512, 1024, 1024) lr=0.0001 do=0.2 act=ReLU",0.9638377934065363,0.012227905828401886
concat_raw,"MLP (128, 512) lr=0.0001 do=0.4 act=GELU",0.9638350033883099,0.007278965572045715
concat_raw,"MLP (512, 512, 512) lr=0.001 do=0.2 act=GELU",0.9638350033883099,0.007278965572045715
concat_raw,"MLP (512, 256, 256) lr=0.001 do=0.0 act=GELU",0.9638346958532851,0.017015692376868508
concat_pca208,"MLP (128, 256, 1024) lr=0.001 do=0.2 act=GELU",0.9638341043985816,0.0022011847063186374
meta_dino+bio,"MLP (128, 128, 256) lr=0.0001 do=0.0 act=ReLU",0.9638318718011741,6.533378764816966e-05
meta_dino+bio,"MLP (1024, 256, 256) lr=0.001 do=0.0 act=GELU",0.9638318718011741,6.533378764816966e-05
meta_dino+bio,"MLP (1024, 1024, 128) lr=0.001 do=0.0 act=GELU",0.9638318718011741,6.533378764816966e-05
meta_dino+bio,"MLP (1024, 256, 256) lr=0.001 do=0.2 act=GELU",0.9638318718011741,6.533378764816966e-05
meta_dino+bio,"MLP (1024, 256, 1024) lr=0.001 do=0.0 act=GELU",0.9638318718011741,6.533378764816966e-05
meta_dino+bio,"MLP (512, 1024, 512) lr=0.001 do=0.4 act=GELU",0.9638318718011741,6.533378764816966e-05
meta_dino+bio,"MLP (512, 1024, 512) lr=0.001 do=0.0 act=GELU",0.9638318718011741,6.533378764816966e-05
meta_dino+bio,"MLP (512, 1024, 512) lr=0.001 do=0.2 act=GELU",0.9638318718011741,6.533378764816966e-05
meta_dino+bio,"MLP (512, 1024, 256) lr=0.001 do=0.0 act=GELU",0.9638318718011741,6.533378764816966e-05
meta_dino+bio,"MLP (256, 128, 128) lr=0.0001 do=0.4 act=ReLU",0.9638318718011741,6.533378764816966e-05
meta_dino+bio,"MLP (128, 128, 256) lr=0.0001 do=0.4 act=ReLU",0.9638318718011741,6.533378764816966e-05
meta_dino+bio,"MLP (128, 256, 256) lr=0.0001 do=0.0 act=GELU",0.9638318718011741,6.533378764816966e-05
concat_raw,"MLP (512, 128) lr=0.001 do=0.2 act=GELU",0.9638311618503443,0.012234537384593847
concat_raw,"MLP (128, 1024) lr=0.0001 do=0.4 act=GELU",0.9638311618503443,0.012234537384593847
concat_raw,"MLP (128, 512, 256) lr=0.001 do=0.0 act=ReLU",0.9638311618503443,0.012234537384593847
concat_raw,"MLP (1024, 256, 128) lr=0.0001 do=0.2 act=GELU",0.9638311618503443,0.012234537384593847
concat_pca208,KNN k=20 metric=manhattan,0.9638295562321196,0.002467684285336613
concat_pca208,"MLP (256, 512) lr=0.001 do=0.2 act=GELU",0.9638266638809097,0.012048317930424657
concat_pca208,"MLP (512, 128, 256) lr=0.001 do=0.0 act=GELU",0.9638266638809094,0.012048317930424768
backbone_dinov2,"MLP (256, 512, 1024) lr=0.001 do=0.2 act=ReLU",0.9638257420940134,0.012039978723630496
concat_raw,"MLP (128, 1024, 256) lr=0.001 do=0.4 act=GELU",0.9638251374939367,0.0023681380845650413
concat_raw,"MLP (128, 1024) lr=0.001 do=0.0 act=GELU",0.963813484184872,0.012216859719121453
concat_pca208,"MLP (256, 128, 512) lr=0.001 do=0.0 act=GELU",0.9638134349516522,0.007175285343286819
backbone_dinov2,"MLP (512, 128, 256) lr=0.001 do=0.4 act=ReLU",0.9638103013836328,0.012143056092696947
backbone_dinov2,"MLP (256, 512, 256) lr=0.001 do=0.2 act=GELU",0.9638103013836328,0.012143056092696947
backbone_dinov2,"MLP (1024, 512, 1024) lr=0.001 do=0.2 act=ReLU",0.9638098786341579,0.007343967519688244
concat_pca208,"MLP (512, 128, 256) lr=0.001 do=0.2 act=GELU",0.9638051419308068,0.007183578364132193
concat_pca208,"MLP (512, 512, 128) lr=0.001 do=0.0 act=GELU",0.9638051419308068,0.007183578364132193
concat_pca208,"MLP (256,) lr=0.0001 do=0.4 act=GELU",0.9638039410464494,0.002323551020219583
concat_pca208,"MLP (256, 128, 512) lr=0.001 do=0.0 act=ReLU",0.9638009093674802,0.007187810927458738
concat_pca208,"MLP (256, 512, 1024) lr=0.001 do=0.0 act=GELU",0.963799272933108,0.012075708878226288
backbone_dinov2,"MLP (256, 128, 512) lr=0.001 do=0.4 act=GELU",0.9637992486435853,0.007178572162610697
backbone_dinov2,"MLP (256, 1024, 128) lr=0.001 do=0.0 act=GELU",0.9637965824795471,0.007181238326648798
concat_raw,"MLP (256, 1024) lr=0.001 do=0.0 act=GELU",0.9637958731834495,0.0024458152211375705
concat_raw,"MLP (1024, 1024, 1024) lr=0.001 do=0.2 act=ReLU",0.9637950941675557,0.01704168731799499
concat_pca208,"MLP (512, 512) lr=0.001 do=0.0 act=ReLU",0.9637904779756759,0.007198242319263082
concat_raw,"MLP (256, 512, 1024) lr=0.0001 do=0.4 act=ReLU",0.9637798966013853,0.0023806411689314966
concat_raw,"MLP (128, 128, 256) lr=0.001 do=0.2 act=GELU",0.9637798966013853,0.0023806411689314966
backbone_dinov2,"MLP (128, 1024, 512) lr=0.001 do=0.4 act=GELU",0.9637774096277164,0.012110164336780582
concat_pca208,"MLP (256, 512, 256) lr=0.001 do=0.2 act=GELU",0.9637768280460127,0.012098153765321529
concat_pca208,"MLP (128, 128) lr=0.0001 do=0.0 act=GELU",0.9637723790556015,0.007216341239337454
concat_pca208,"MLP (256, 512, 256) lr=0.001 do=0.0 act=ReLU",0.9637703941022315,0.002264895002668854
concat_pca208,"MLP (1024, 1024, 1024) lr=0.001 do=0.0 act=GELU",0.9637693635338135,0.0072354029356758165
concat_pca208,"MLP (1024, 256, 512) lr=0.001 do=0.0 act=GELU",0.9637692547381544,0.0022660343667459393
backbone_dinov2,"MLP (128, 1024, 512) lr=0.001 do=0.2 act=ReLU",0.96376361077834,0.007192356881002782
concat_raw,"MLP (128, 1024, 512) lr=0.001 do=0.0 act=GELU",0.9637588318692552,0.007186394896277037
concat_pca208,"MLP (256, 128) lr=0.0001 do=0.2 act=GELU",0.9637552921391906,0.007365114104170956
concat_pca208,"MLP (512, 256, 512) lr=0.001 do=0.2 act=GELU",0.9637527360432332,0.012187714526288584
concat_pca208,"MLP (512, 256, 128) lr=0.001 do=0.0 act=GELU",0.9637494430565103,0.007239277238428599
concat_pca208,"MLP (256, 256, 1024) lr=0.001 do=0.0 act=ReLU",0.9637485178487426,0.0072402024461963865
concat_pca208,"MLP (128, 1024, 512) lr=0.001 do=0.4 act=ReLU",0.9637476412106607,0.012151016744910148
concat_pca208,"MLP (256, 1024) lr=0.001 do=0.0 act=ReLU",0.963744859227089,0.007243861067850077
backbone_dinov2,"MLP (256, 512, 256) lr=0.001 do=0.4 act=ReLU",0.9637448148291936,0.017002562793184017
concat_pca208,"MLP (512, 512, 128) lr=0.001 do=0.0 act=ReLU",0.9637443744042917,0.0022909147006085484
concat_pca208,"MLP (1024, 128) lr=0.001 do=0.2 act=GELU",0.9637394872996852,0.007249232995253763
concat_pca208,"MLP (1024,) lr=0.001 do=0.4 act=GELU",0.9637394872996852,0.007249232995253763
concat_pca208,"MLP (1024,) lr=0.001 do=0.4 act=ReLU",0.9637394872996852,0.007249232995253763
concat_pca208,"MLP (512, 512, 128) lr=0.001 do=0.4 act=ReLU",0.9637347498405083,0.007253970454430658
concat_pca208,"MLP (128, 1024) lr=0.001 do=0.2 act=ReLU",0.9637321430114429,0.0072130837540893
concat_pca208,"MLP (1024,) lr=0.0001 do=0.4 act=ReLU",0.9637272300936166,0.012303113810376853
concat_pca208,"MLP (512, 256, 128) lr=0.0001 do=0.0 act=GELU",0.9637254364088115,0.00230985269608891
concat_pca208,"MLP (256, 512) lr=0.001 do=0.0 act=ReLU",0.9637228091872003,0.012175848768370467
concat_pca208,"MLP (128, 256, 256) lr=0.001 do=0.0 act=ReLU",0.9637218762182203,0.002313412886680022
concat_pca208,"MLP (256, 128) lr=0.0001 do=0.0 act=ReLU",0.9637203641343434,0.002536165953275882
concat_pca208,"MLP (512, 1024, 256) lr=0.001 do=0.2 act=GELU",0.9637200016641394,0.01215498014719485
concat_pca208,"MLP (128, 128) lr=0.001 do=0.2 act=ReLU",0.9637177405349818,0.007227486230550362
concat_pca208,"MLP (512, 256, 512) lr=0.001 do=0.4 act=GELU",0.9637177405349818,0.007227486230550362
concat_pca208,"MLP (1024, 512, 128) lr=0.001 do=0.2 act=GELU",0.9637147494547444,0.012183908500826457
concat_pca208,"MLP (512, 128, 1024) lr=0.001 do=0.2 act=GELU",0.9637147494547444,0.012183908500826457
concat_pca208,"MLP (256, 1024, 256) lr=0.001 do=0.4 act=GELU",0.9637147494547444,0.012183908500826457
concat_pca208,"MLP (512, 128, 1024) lr=0.001 do=0.0 act=ReLU",0.9637142811884396,0.007274439106499331
concat_pca208,"MLP (256, 256, 512) lr=0.001 do=0.0 act=GELU",0.9637129108246395,0.0023223782802608284
concat_pca208,"MLP (256, 128, 256) lr=0.0001 do=0.0 act=GELU",0.9637109711150821,0.01216401069625217
concat_pca208,"MLP (512, 256, 256) lr=0.0001 do=0.0 act=GELU",0.963710971115082,0.012164010696252225
backbone_dinov2,"MLP (256, 1024, 1024) lr=0.001 do=0.0 act=GELU",0.9637099586738184,0.002290616369309939
meta_dino+bio,"MLP (256, 128, 256) lr=0.0001 do=0.2 act=GELU",0.9637046083614503,0.00019259722737197116
meta_dino+bio,"MLP (256, 128, 256) lr=0.0001 do=0.0 act=GELU",0.9637046083614503,0.00019259722737197116
meta_dino+bio,"MLP (128, 256, 256) lr=0.0001 do=0.2 act=GELU",0.9637046083614503,0.00019259722737197116
concat_pca208,"MLP (256, 1024) lr=0.001 do=0.2 act=GELU",0.9637029113826261,0.012172070428708104
concat_pca208,"MLP (256, 256) lr=0.001 do=0.2 act=ReLU",0.9637029113826261,0.012172070428708104
concat_raw,RF n=100 max_f=log2,0.9636986278979773,0.007547027010800789
concat_pca208,"MLP (128, 128, 512) lr=0.001 do=0.0 act=GELU",0.9636980454610098,0.002337243643890541
concat_pca208,"MLP (128, 512, 256) lr=0.001 do=0.0 act=GELU",0.9636880209887153,0.007300699306223679
concat_pca208,"MLP (128, 512, 256) lr=0.001 do=0.0 act=ReLU",0.9636880209887153,0.007300699306223679
backbone_dinov2,"MLP (128, 1024, 128) lr=0.001 do=0.4 act=ReLU",0.9636878865548131,0.017059491067564603
concat_pca208,"MLP (128, 1024, 128) lr=0.001 do=0.2 act=GELU",0.9636843805127608,0.0023509085921395445
concat_pca208,"MLP (256, 1024, 1024) lr=0.001 do=0.4 act=GELU",0.9636813894325233,0.007307330862415584
concat_pca208,"MLP (1024, 512, 128) lr=0.001 do=0.2 act=ReLU",0.9636813894325233,0.00730733086241564
concat_pca208,"MLP (1024, 512, 128) lr=0.001 do=0.4 act=ReLU",0.9636813894325233,0.007307330862415584
concat_pca208,"MLP (256, 512, 512) lr=0.001 do=0.2 act=GELU",0.9636813894325233,0.007307330862415584
concat_pca208,"MLP (256, 512, 128) lr=0.001 do=0.0 act=ReLU",0.9636813894325233,0.007307330862415584
concat_pca208,"MLP (1024, 256) lr=0.001 do=0.2 act=GELU",0.9636813894325233,0.007307330862415584
concat_pca208,"MLP (256, 128, 1024) lr=0.001 do=0.0 act=GELU",0.9636605193059018,0.0023747697989984773
concat_pca208,"MLP (128, 1024, 512) lr=0.001 do=0.2 act=GELU",0.9636574201466925,0.002248956815152192
concat_pca208,"MLP (1024, 512, 256) lr=0.001 do=0.0 act=ReLU",0.9636528161971493,0.002253560764695406
concat_pca208,"MLP (128, 128, 512) lr=0.001 do=0.2 act=GELU",0.9636514887568444,0.002383800348055909
concat_pca208,"MLP (1024, 1024, 1024) lr=0.001 do=0.4 act=GELU",0.9636514887568444,0.002383800348055909
concat_pca208,"MLP (256, 256, 128) lr=0.001 do=0.0 act=ReLU",0.9636514887568444,0.002383800348055909
concat_pca208,"MLP (1024, 128, 512) lr=0.001 do=0.0 act=ReLU",0.9636514887568444,0.002383800348055909
concat_pca208,"MLP (1024,) lr=0.0001 do=0.0 act=GELU",0.963649549047287,0.01222543276404725
concat_pca208,"MLP (1024,) lr=0.0001 do=0.0 act=ReLU",0.963649549047287,0.01222543276404725
concat_pca208,"MLP (256, 256) lr=0.001 do=0.0 act=ReLU",0.9636484976766071,0.007340222618331893
concat_pca208,"MLP (256,) lr=0.001 do=0.0 act=GELU",0.9636484976766071,0.007340222618331893
concat_pca208,"MLP (512, 256, 1024) lr=0.001 do=0.4 act=GELU",0.9636484976766071,0.007340222618331893
meta_dino+bio,"MLP (128, 128, 256) lr=0.0001 do=0.2 act=GELU",0.9636210041871816,0.00010899305310313467
meta_dino+bio,"MLP (128, 128, 256) lr=0.0001 do=0.4 act=GELU",0.9636210041871816,0.00010899305310313467
meta_dino+bio,"MLP (128, 128, 256) lr=0.0001 do=0.0 act=GELU",0.9636210041871816,0.00010899305310313467
concat_pca208,"MLP (128, 128, 1024) lr=0.0001 do=0.4 act=ReLU",0.9636199244412329,0.0022864525206117148
concat_pca208,"MLP (1024, 512, 256) lr=0.001 do=0.2 act=GELU",0.9636199244412329,0.0022864525206117148
concat_pca208,"MLP (512, 1024, 1024) lr=0.001 do=0.2 act=ReLU",0.9636016554603462,0.022041563606761627
concat_pca208,SVM rbf C=0.1 g=scale,0.9617752861388988,0.01908324393299371
backbone_dinov2,"MLP (1024, 1024, 128) lr=0.0001 do=0.4 act=GELU",0.9616468478183706,0.014306509657959099
backbone_dinov2,"MLP (1024, 512, 128) lr=0.001 do=0.0 act=ReLU",0.9616468478183706,0.014306509657959099
backbone_dinov2,"MLP (256, 1024, 512) lr=0.001 do=0.4 act=GELU",0.9616420145784248,0.019105363043952772
backbone_dinov2,"MLP (128, 1024, 1024) lr=0.0001 do=0.2 act=GELU",0.9616315313358612,0.01911584628651647
backbone_dinov2,"MLP (1024, 256, 1024) lr=0.0001 do=0.0 act=ReLU",0.9616295150898996,0.014323842386430141
concat_raw,SVM linear C=10.0 g=scale,0.9616286598802497,0.009616995028528474
concat_raw,SVM linear C=0.1 g=scale,0.9616286598802497,0.009616995028528474
concat_raw,SVM linear C=1.0 g=scale,0.9616286598802497,0.009616995028528474
backbone_dinov2,"MLP (1024, 1024, 1024) lr=0.001 do=0.4 act=ReLU",0.961624470801412,0.0095130133820166
backbone_dinov2,"MLP (512, 1024, 128) lr=0.0001 do=0.0 act=GELU",0.9616200808923291,0.014333276584000632
backbone_dinov2,"MLP (128, 512, 512) lr=0.0001 do=0.0 act=ReLU",0.9616200808923291,0.014333276584000632
backbone_dinov2,"MLP (512, 1024, 128) lr=0.0001 do=0.2 act=GELU",0.9616200808923291,0.014333276584000632
backbone_dinov2,"MLP (256, 1024, 512) lr=0.0001 do=0.4 act=GELU",0.9616200808923291,0.014333276584000632
backbone_dinov2,"MLP (256, 128, 256) lr=0.0001 do=0.4 act=ReLU",0.9616200287010359,0.0047124901697699895
backbone_dinov2,"MLP (256, 512, 512) lr=0.001 do=0.4 act=GELU",0.9616142249388577,0.014339132537471988
backbone_dinov2,RF n=300 max_f=sqrt,0.9616043810396357,0.019153941749316727
backbone_dinov2,"MLP (1024, 256, 256) lr=0.001 do=0.2 act=ReLU",0.9615916836097002,0.014361673866629565
backbone_dinov2,"MLP (128, 1024, 512) lr=0.001 do=0.0 act=GELU",0.9615899195439901,0.014363437932339684
backbone_dinov2,"MLP (1024, 128, 128) lr=0.0001 do=0.4 act=ReLU",0.9615899195439901,0.014363437932339684
backbone_dinov2,"MLP (512, 1024) lr=0.001 do=0.2 act=GELU",0.9615899195439901,0.014363437932339684
backbone_dinov2,"MLP (1024, 128, 128) lr=0.0001 do=0.2 act=ReLU",0.9615899195439901,0.014363437932339684
backbone_dinov2,"MLP (1024, 512, 512) lr=0.0001 do=0.4 act=ReLU",0.9615899195439901,0.014363437932339684
backbone_dinov2,"MLP (512, 128, 256) lr=0.001 do=0.2 act=GELU",0.9615899195439901,0.014363437932339684
backbone_dinov2,"MLP (512, 512, 256) lr=0.001 do=0.4 act=GELU",0.9615899195439901,0.014363437932339684
backbone_dinov2,"MLP (128, 1024) lr=0.001 do=0.0 act=ReLU",0.9615899195439901,0.014363437932339684
backbone_dinov2,"MLP (128, 128) lr=0.0001 do=0.2 act=GELU",0.9615899195439901,0.014363437932339684
backbone_dinov2,"MLP (512, 512, 128) lr=0.001 do=0.0 act=ReLU",0.9615899195439901,0.014363437932339684
backbone_dinov2,"MLP (256, 256, 256) lr=0.001 do=0.4 act=ReLU",0.9615899195439901,0.014363437932339684
backbone_dinov2,"MLP (128, 512, 1024) lr=0.001 do=0.4 act=ReLU",0.9615899195439901,0.014363437932339684
backbone_dinov2,"MLP (128, 1024, 256) lr=0.001 do=0.0 act=GELU",0.9615899195439901,0.014363437932339684
backbone_dinov2,"MLP (1024, 128, 256) lr=0.0001 do=0.4 act=GELU",0.9615899195439901,0.014363437932339684
backbone_dinov2,"MLP (128, 512, 256) lr=0.0001 do=0.4 act=GELU",0.9615899195439901,0.014363437932339684
backbone_dinov2,"MLP (256, 256, 256) lr=0.0001 do=0.4 act=ReLU",0.9615899195439901,0.014363437932339684
backbone_dinov2,"MLP (256, 256, 512) lr=0.0001 do=0.4 act=ReLU",0.9615899195439901,0.014363437932339684
backbone_dinov2,"MLP (128, 1024) lr=0.001 do=0.0 act=GELU",0.9615894967945151,0.009564349359330981
backbone_dinov2,"MLP (128, 512, 256) lr=0.0001 do=0.2 act=GELU",0.9615874091427872,0.014365948333542489
backbone_dinov2,"MLP (1024, 128, 128) lr=0.0001 do=0.4 act=GELU",0.9615874091427872,0.014365948333542489
backbone_dinov2,"MLP (256, 1024, 1024) lr=0.0001 do=0.0 act=ReLU",0.9615871891364127,0.014300384828084267
backbone_dinov2,"MLP (512, 1024, 1024) lr=0.0001 do=0.2 act=ReLU",0.9615850863040443,0.019162291318333413
backbone_dinov2,"MLP (1024, 256, 512) lr=0.001 do=0.4 act=GELU",0.9615850863040443,0.019162291318333413
backbone_dinov2,"MLP (256, 512, 256) lr=0.001 do=0.4 act=GELU",0.9615780944881311,0.009575751665714949
backbone_dinov2,"MLP (1024, 1024, 256) lr=0.001 do=0.2 act=GELU",0.9615780944881311,0.009575751665714949
backbone_dinov2,"MLP (128, 128, 512) lr=0.001 do=0.0 act=ReLU",0.9615758528636158,0.0095342869965242
backbone_dinov2,"MLP (1024, 512, 512) lr=0.001 do=0.4 act=GELU",0.9615757235122402,0.009578122641605957
backbone_dinov2,"MLP (256, 256, 512) lr=0.001 do=0.0 act=GELU",0.9615757235122402,0.009578122641605957
backbone_dinov2,"MLP (512, 512, 256) lr=0.001 do=0.4 act=ReLU",0.9615757235122402,0.009578122641605957
backbone_dinov2,"MLP (128, 128, 128) lr=0.0001 do=0.2 act=ReLU",0.9615757235122402,0.009578122641605957
backbone_dinov2,"MLP (128, 256, 1024) lr=0.0001 do=0.4 act=ReLU",0.9615757235122402,0.009578122641605957
concat_raw,"MLP (256, 256, 1024) lr=0.0001 do=0.0 act=ReLU",0.9615756329553281,0.004806145797707662
concat_raw,"MLP (512, 256, 1024) lr=0.0001 do=0.4 act=ReLU",0.9615734579356492,0.009672196973128988
concat_raw,"MLP (256, 128, 512) lr=0.001 do=0.2 act=GELU",0.9615734579356492,0.009672196973128988
concat_raw,"MLP (256, 128, 512) lr=0.001 do=0.4 act=GELU",0.9615711350969062,0.004875853988338119
concat_raw,"MLP (512, 256, 1024) lr=0.0001 do=0.2 act=GELU",0.9615667453324008,0.009678909576377237
concat_raw,"MLP (512, 256, 1024) lr=0.0001 do=0.4 act=GELU",0.9615661038539609,0.014499595380977393
backbone_dinov2,"MLP (128, 256, 128) lr=0.0001 do=0.4 act=GELU",0.9615656343605394,0.01918174326183819
concat_raw,"MLP (1024, 1024, 512) lr=0.0001 do=0.4 act=ReLU",0.9615628593644268,0.009682795544351364
backbone_dinov2,"MLP (1024, 256) lr=0.0001 do=0.4 act=ReLU",0.9615572966644772,0.014396060811852573
backbone_dinov2,"MLP (512, 1024, 512) lr=0.001 do=0.4 act=ReLU",0.9615572966644772,0.014396060811852573
backbone_dinov2,"MLP (1024, 128) lr=0.0001 do=0.4 act=GELU",0.9615572966644772,0.014396060811852573
backbone_dinov2,"MLP (1024, 1024) lr=0.001 do=0.0 act=ReLU",0.9615572966644772,0.014396060811852573
backbone_dinov2,"MLP (512, 512) lr=0.001 do=0.0 act=GELU",0.9615572966644772,0.014396060811852573
backbone_dinov2,"MLP (1024, 256) lr=0.001 do=0.2 act=ReLU",0.9615572966644772,0.014396060811852573
backbone_dinov2,"MLP (1024, 256, 1024) lr=0.001 do=0.0 act=ReLU",0.9615572966644772,0.014396060811852573
backbone_dinov2,"MLP (512, 1024, 128) lr=0.0001 do=0.4 act=ReLU",0.9615572966644772,0.014396060811852573
backbone_dinov2,"MLP (256, 1024) lr=0.001 do=0.2 act=ReLU",0.9615570277880736,0.01433054617642332
backbone_dinov2,"MLP (256,) lr=0.001 do=0.4 act=ReLU",0.9615570277880736,0.01433054617642332
backbone_dinov2,"MLP (1024, 128, 1024) lr=0.001 do=0.2 act=ReLU",0.9615568739150023,0.009596972238843815
backbone_dinov2,"MLP (512, 1024, 256) lr=0.001 do=0.4 act=GELU",0.9615538703653871,0.009556269494752856
backbone_dinov2,"MLP (128, 512, 256) lr=0.0001 do=0.4 act=ReLU",0.9615538703653871,0.009556269494752856
concat_raw,"MLP (1024, 1024, 512) lr=0.001 do=0.0 act=GELU",0.9615521834992982,0.004829595253737662
concat_pca208,"MLP (512,) lr=0.001 do=0.0 act=GELU",0.9615494510603755,0.009439269234563508
concat_raw,"MLP (256, 128, 128) lr=0.001 do=0.0 act=GELU",0.96154686935506,0.004834909397975873
concat_raw,"MLP (1024, 256, 256) lr=0.001 do=0.2 act=ReLU",0.96154686935506,0.004834909397975873
concat_raw,"MLP (256, 128, 256) lr=0.0001 do=0.2 act=ReLU",0.96154686935506,0.004834909397975873
concat_raw,"MLP (256, 512, 256) lr=0.0001 do=0.4 act=ReLU",0.9615453187299927,0.004945574620022375
concat_raw,"MLP (1024, 256, 128) lr=0.001 do=0.0 act=ReLU",0.9615448921855478,0.009700762723230338
backbone_dinov2,"MLP (128, 1024, 1024) lr=0.001 do=0.4 act=ReLU",0.9615446391127958,0.009433181693400294
backbone_dinov2,"MLP (128, 256, 256) lr=0.0001 do=0.4 act=GELU",0.9615446391127958,0.009433181693400294
backbone_dinov2,"MLP (128, 128, 128) lr=0.001 do=0.2 act=ReLU",0.9615446391127958,0.009433181693400294
backbone_dinov2,"MLP (512, 256, 256) lr=0.001 do=0.4 act=GELU",0.9615446391127958,0.009433181693400294
concat_raw,"MLP (1024, 1024, 1024) lr=0.001 do=0.0 act=GELU",0.9615400524105477,0.014358605545023162
backbone_dinov2,"MLP (1024, 1024) lr=0.001 do=0.0 act=GELU",0.9615381705126936,0.014376934660069063
concat_raw,"MLP (512, 512, 1024) lr=0.001 do=0.0 act=GELU",0.961536518407607,0.009577450552748557
concat_raw,"MLP (256, 128, 1024) lr=0.0001 do=0.0 act=ReLU",0.9615347652155806,0.004847013537455203
concat_raw,"MLP (256, 1024, 512) lr=0.0001 do=0.0 act=ReLU",0.9615347652155806,0.004847013537455203
concat_raw,"MLP (256, 1024, 512) lr=0.0001 do=0.2 act=ReLU",0.9615347652155806,0.004847013537455203
concat_raw,"MLP (256, 512) lr=0.0001 do=0.0 act=ReLU",0.9615347652155806,0.004847013537455203
concat_raw,"MLP (128, 512, 1024) lr=0.0001 do=0.0 act=ReLU",0.9615347652155806,0.004847013537455203
backbone_dinov2,"MLP (512, 128, 128) lr=0.001 do=0.2 act=ReLU",0.9615338354016445,0.019235395367586283
concat_raw,"MLP (256, 512, 1024) lr=0.001 do=0.4 act=GELU",0.961533784454196,0.009755367627265865
concat_raw,"MLP (1024, 256, 1024) lr=0.0001 do=0.4 act=ReLU",0.961533784454196,0.009755367627265865
concat_raw,"MLP (256, 128, 128) lr=0.0001 do=0.2 act=ReLU",0.961533784454196,0.009755367627265865
backbone_dinov2,"MLP (256, 512, 512) lr=0.001 do=0.0 act=GELU",0.9615337125393691,0.009422255119973744
backbone_dinov2,"MLP (128, 512, 512) lr=0.001 do=0.2 act=ReLU",0.9615316454690293,0.009446175337166796
concat_raw,"MLP (256, 1024, 1024) lr=0.0001 do=0.0 act=ReLU",0.961530330352445,0.004851448400590819
concat_raw,"MLP (512, 256, 1024) lr=0.0001 do=0.2 act=ReLU",0.961530330352445,0.004851448400590819
concat_raw,"MLP (256, 128) lr=0.001 do=0.0 act=ReLU",0.961530330352445,0.004851448400590819
concat_raw,"MLP (256, 1024, 1024) lr=0.0001 do=0.4 act=GELU",0.961530330352445,0.004851448400590819
concat_raw,"MLP (256, 128) lr=0.001 do=0.2 act=ReLU",0.961530330352445,0.004851448400590819
concat_raw,"MLP (256, 128) lr=0.001 do=0.0 act=GELU",0.961530330352445,0.004851448400590819
concat_raw,"MLP (256, 128) lr=0.0001 do=0.0 act=GELU",0.961530330352445,0.004851448400590819
concat_raw,"MLP (256, 128) lr=0.0001 do=0.2 act=ReLU",0.961530330352445,0.004851448400590819
backbone_dinov2,"MLP (512, 1024, 128) lr=0.001 do=0.4 act=GELU",0.9615299717313053,0.014357602233191658
concat_raw,"MLP (256, 256, 256) lr=0.0001 do=0.0 act=ReLU",0.961528902176181,0.004852876576854792
concat_raw,"MLP (512, 128, 256) lr=0.0001 do=0.2 act=ReLU",0.9615268918822297,0.00012763644977592525
backbone_dinov2,"MLP (256, 1024, 256) lr=0.001 do=0.2 act=ReLU",0.9615244971597262,0.00945332364646978
backbone_dinov2,"MLP (1024, 256, 512) lr=0.001 do=0.0 act=GELU",0.9615244049085607,0.014363169055936209
backbone_dinov2,"MLP (256, 256, 1024) lr=0.001 do=0.0 act=GELU",0.9615244049085607,0.014363169055936209
backbone_dinov2,"MLP (256, 1024, 128) lr=0.001 do=0.4 act=ReLU",0.9615244049085607,0.014363169055936209
backbone_dinov2,"MLP (128, 512, 512) lr=0.001 do=0.0 act=GELU",0.9615244049085607,0.014363169055936209
backbone_dinov2,"MLP (256, 512) lr=0.001 do=0.2 act=GELU",0.9615244049085607,0.014363169055936209
concat_raw,"MLP (256, 256, 1024) lr=0.001 do=0.0 act=GELU",0.9615233665976073,0.004923622487637003
concat_raw,"MLP (1024, 1024, 128) lr=0.001 do=0.0 act=GELU",0.961523262037096,0.004967224220831956
backbone_dinov2,"MLP (128, 1024, 1024) lr=0.0001 do=0.4 act=ReLU",0.9615229088282179,0.019224468794159733
backbone_dinov2,"MLP (128, 256) lr=0.001 do=0.4 act=ReLU",0.9615211662137506,0.009632679940095534
backbone_dinov2,"MLP (128, 512, 128) lr=0.001 do=0.4 act=GELU",0.9615196326595854,0.019249598109645327
backbone_dinov2,"MLP (512, 128) lr=0.0001 do=0.4 act=ReLU",0.9615190875669977,0.01922829005537996
concat_raw,"MLP (128, 256, 1024) lr=0.001 do=0.2 act=GELU",0.9615120358678542,0.009733619040924013
concat_raw,"MLP (256, 256, 512) lr=0.0001 do=0.2 act=ReLU",0.9615120358678542,0.009733619040924013
concat_raw,"MLP (256, 512, 256) lr=0.0001 do=0.4 act=GELU",0.9615120358678542,0.009733619040924013
concat_raw,"MLP (1024, 128, 128) lr=0.0001 do=0.2 act=GELU",0.9615120358678542,0.009733619040924013
concat_raw,"MLP (128, 128) lr=0.0001 do=0.2 act=ReLU",0.9615120358678542,0.009733619040924013
concat_raw,"MLP (128, 512) lr=0.0001 do=0.4 act=ReLU",0.9615120358678542,0.009733619040924013
concat_raw,"MLP (1024, 512, 256) lr=0.0001 do=0.4 act=GELU",0.9615120358678542,0.009733619040924013
concat_raw,"MLP (1024, 128, 256) lr=0.001 do=0.4 act=GELU",0.9615120358678542,0.009733619040924013
concat_raw,LogReg C=0.01,0.9615120358678542,0.009733619040924013
concat_raw,"MLP (512, 128, 1024) lr=0.0001 do=0.2 act=ReLU",0.9615120358678542,0.009733619040924013
concat_raw,"MLP (128, 256, 256) lr=0.0001 do=0.2 act=ReLU",0.9615120358678542,0.009733619040924013
concat_raw,"MLP (512, 256, 512) lr=0.001 do=0.0 act=GELU",0.9615120358678542,0.009733619040924013
concat_raw,"MLP (128, 256, 256) lr=0.001 do=0.2 act=ReLU",0.9615120358678542,0.009733619040924013
backbone_dinov2,"MLP (1024, 256, 1024) lr=0.0001 do=0.0 act=GELU",0.9615114583846858,0.014441899091643895
backbone_dinov2,"MLP (256, 128) lr=0.0001 do=0.4 act=ReLU",0.9615114583846858,0.014441899091643895
backbone_dinov2,"MLP (128, 512, 128) lr=0.0001 do=0.0 act=GELU",0.9615114583846858,0.014441899091643895
backbone_dinov2,"MLP (256, 256, 512) lr=0.0001 do=0.2 act=GELU",0.9615114583846858,0.014441899091643895
backbone_dinov2,"MLP (256, 256, 512) lr=0.0001 do=0.0 act=GELU",0.9615114583846858,0.014441899091643895
backbone_dinov2,"MLP (256, 256, 512) lr=0.0001 do=0.0 act=ReLU",0.9615114583846858,0.014441899091643895
backbone_dinov2,"MLP (1024, 256, 512) lr=0.0001 do=0.2 act=ReLU",0.9615114583846858,0.014441899091643895
backbone_dinov2,"MLP (256, 256, 512) lr=0.0001 do=0.4 act=GELU",0.9615114583846858,0.014441899091643895
backbone_dinov2,"MLP (1024, 128, 1024) lr=0.001 do=0.4 act=ReLU",0.9615093696432495,0.004713510041168545
backbone_dinov2,"MLP (128, 1024, 128) lr=0.001 do=0.0 act=GELU",0.9615076371234657,0.014445720352864011
backbone_dinov2,"MLP (128, 256, 1024) lr=0.0001 do=0.2 act=ReLU",0.9615076371234657,0.014445720352864011
backbone_dinov2,"MLP (128, 512, 128) lr=0.001 do=0.0 act=ReLU",0.9615076371234657,0.014445720352864011
backbone_dinov2,"MLP (1024, 128, 1024) lr=0.0001 do=0.0 act=ReLU",0.9615076371234657,0.014445720352864011
backbone_dinov2,"MLP (512, 128, 128) lr=0.001 do=0.0 act=ReLU",0.9615076371234657,0.014445720352864011
backbone_dinov2,"MLP (1024, 128, 1024) lr=0.001 do=0.0 act=ReLU",0.9615076371234657,0.014445720352864011
backbone_dinov2,"MLP (1024, 1024, 512) lr=0.0001 do=0.4 act=GELU",0.9615076371234657,0.014445720352864011
backbone_dinov2,"MLP (512, 1024, 256) lr=0.001 do=0.0 act=ReLU",0.9615076371234657,0.014445720352864011
concat_raw,"MLP (128, 256, 128) lr=0.001 do=0.4 act=GELU",0.9615016628627779,0.01456403637216036
concat_raw,"MLP (1024, 1024, 128) lr=0.001 do=0.4 act=GELU",0.9615010907012793,0.009744564207498807
concat_raw,"MLP (512, 1024) lr=0.001 do=0.0 act=GELU",0.9615010907012793,0.009744564207498807
concat_pca208,RF n=500 max_f=sqrt,0.9615005711614393,0.014499659315311553
backbone_dinov2,"MLP (512, 1024) lr=0.001 do=0.4 act=ReLU",0.961497117262705,0.00953072773433572
concat_raw,"MLP (256, 1024, 512) lr=0.001 do=0.0 act=ReLU",0.9614951433247481,3.814391537632078e-05
concat_raw,"MLP (1024, 128, 1024) lr=0.001 do=0.0 act=ReLU",0.9614951433247481,3.814391537632078e-05
concat_raw,"MLP (512, 1024, 1024) lr=0.0001 do=0.4 act=ReLU",0.9614936281743869,0.00975202673439124
concat_raw,"MLP (256, 128, 1024) lr=0.001 do=0.4 act=GELU",0.961492049761866,0.004889728991169795
concat_raw,"MLP (1024, 128, 512) lr=0.001 do=0.4 act=ReLU",0.961492049761866,0.004889728991169795
concat_raw,"MLP (512, 512, 256) lr=0.001 do=0.2 act=ReLU",0.961490761431503,0.004891017321532742
concat_raw,"MLP (512, 128) lr=0.001 do=0.4 act=GELU",0.961490761431503,0.004891017321532742
concat_raw,"MLP (128, 128, 1024) lr=0.001 do=0.2 act=ReLU",0.961490761431503,0.004891017321532742
concat_raw,"MLP (1024, 128, 512) lr=0.0001 do=0.4 act=ReLU",0.961490761431503,0.004891017321532742
concat_raw,"MLP (512, 512) lr=0.001 do=0.0 act=ReLU",0.961490761431503,0.004891017321532742
concat_raw,"MLP (1024, 512, 1024) lr=0.0001 do=0.4 act=ReLU",0.961490761431503,0.004891017321532742
concat_raw,"MLP (1024, 1024) lr=0.001 do=0.0 act=ReLU",0.961490761431503,0.004891017321532742
concat_raw,"MLP (128, 512, 256) lr=0.001 do=0.4 act=ReLU",0.961490761431503,0.004891017321532742
concat_raw,"MLP (1024,) lr=0.001 do=0.2 act=GELU",0.961490761431503,0.004891017321532742
concat_raw,"MLP (512, 128, 512) lr=0.001 do=0.0 act=ReLU",0.961490761431503,0.004891017321532742
concat_raw,"MLP (1024, 128) lr=0.0001 do=0.4 act=ReLU",0.961490761431503,0.004891017321532742
concat_raw,"MLP (128, 1024, 512) lr=0.0001 do=0.2 act=GELU",0.961490761431503,0.004891017321532742
concat_raw,"MLP (128, 1024, 512) lr=0.0001 do=0.2 act=ReLU",0.961490761431503,0.004891017321532742
concat_raw,"MLP (128, 1024, 512) lr=0.0001 do=0.4 act=GELU",0.961490761431503,0.004891017321532742
concat_raw,"MLP (128, 512, 256) lr=0.001 do=0.2 act=GELU",0.9614905738272232,0.005000319522791785
backbone_dinov2,"MLP (128, 128, 512) lr=0.0001 do=0.2 act=GELU",0.9614890835028256,0.00966476265102062
concat_raw,"MLP (512, 1024, 256) lr=0.001 do=0.4 act=GELU",0.9614889094017176,0.019369620670174892
backbone_dinov2,"MLP (256, 128, 1024) lr=0.001 do=0.0 act=ReLU",0.9614877108384151,0.00949010996778088
backbone_dinov2,"MLP (1024, 1024, 1024) lr=0.001 do=0.0 act=ReLU",0.9614877108384151,0.00949010996778088
backbone_dinov2,"MLP (256, 128, 512) lr=0.001 do=0.4 act=ReLU",0.9614877108384151,0.00949010996778088
backbone_dinov2,"MLP (512, 128, 512) lr=0.001 do=0.4 act=ReLU",0.9614877108384151,0.00949010996778088
backbone_dinov2,"MLP (512, 256, 512) lr=0.0001 do=0.4 act=GELU",0.9614877108384151,0.00949010996778088
backbone_dinov2,"MLP (1024, 512, 256) lr=0.001 do=0.2 act=GELU",0.9614877108384151,0.00949010996778088
backbone_dinov2,"MLP (512, 256, 512) lr=0.001 do=0.2 act=ReLU",0.9614877108384151,0.00949010996778088
backbone_dinov2,"MLP (256, 256, 1024) lr=0.001 do=0.0 act=ReLU",0.9614877108384151,0.00949010996778088
backbone_dinov2,"MLP (256, 128, 512) lr=0.001 do=0.2 act=ReLU",0.9614877108384151,0.00949010996778088
backbone_dinov2,"MLP (1024, 512, 128) lr=0.001 do=0.2 act=GELU",0.9614877108384151,0.00949010996778088
backbone_dinov2,"MLP (512, 128, 512) lr=0.001 do=0.4 act=GELU",0.9614877108384151,0.00949010996778088
backbone_dinov2,"MLP (512, 256, 512) lr=0.001 do=0.2 act=GELU",0.9614877108384151,0.00949010996778088
backbone_dinov2,"MLP (256, 128, 128) lr=0.001 do=0.2 act=GELU",0.9614877108384151,0.00949010996778088
backbone_dinov2,"MLP (1024, 1024, 128) lr=0.001 do=0.2 act=ReLU",0.9614787063570769,0.004744173327341117
concat_raw,"MLP (512,) lr=0.001 do=0.2 act=GELU",0.9614771078630069,0.004904670890028828
concat_raw,"MLP (256, 1024) lr=0.001 do=0.4 act=GELU",0.9614771078630069,0.004904670890028828
concat_raw,"MLP (1024, 1024, 512) lr=0.001 do=0.4 act=ReLU",0.961475180423494,0.019309739048472163
concat_raw,"MLP (512, 512, 512) lr=0.001 do=0.0 act=ReLU",0.9614732901778948,1.6290768523219423e-05
concat_raw,"MLP (128, 256) lr=0.001 do=0.2 act=ReLU",0.9614732901778948,1.6290768523219423e-05
concat_raw,"MLP (256, 256) lr=0.001 do=0.4 act=GELU",0.9614732901778948,1.6290768523219423e-05
concat_raw,"MLP (1024, 256, 256) lr=0.001 do=0.0 act=ReLU",0.9614732901778948,1.6290768523219423e-05
concat_raw,"MLP (128, 128, 256) lr=0.001 do=0.4 act=GELU",0.9614732901778948,1.6290768523219423e-05
concat_raw,"MLP (256, 1024, 128) lr=0.001 do=0.2 act=GELU",0.9614732901778948,1.6290768523219423e-05
concat_raw,"MLP (256, 256) lr=0.0001 do=0.4 act=ReLU",0.9614732901778948,1.6290768523219423e-05
concat_raw,"MLP (128,) lr=0.0001 do=0.0 act=ReLU",0.9614732901778948,1.6290768523219423e-05
concat_raw,"MLP (256, 1024, 128) lr=0.0001 do=0.0 act=GELU",0.9614732901778948,1.6290768523219423e-05
concat_raw,"MLP (256, 256, 256) lr=0.001 do=0.0 act=ReLU",0.9614732901778948,1.6290768523219423e-05
concat_raw,"MLP (512, 1024, 512) lr=0.001 do=0.0 act=ReLU",0.9614732901778948,1.6290768523219423e-05
concat_raw,"MLP (1024, 128, 512) lr=0.001 do=0.0 act=ReLU",0.9614732901778948,1.6290768523219423e-05
concat_raw,"MLP (128, 1024, 1024) lr=0.001 do=0.2 act=ReLU",0.9614724422875907,0.009694025460660505
concat_raw,"MLP (512, 256) lr=0.001 do=0.0 act=GELU",0.9614724422875907,0.009694025460660505
concat_raw,"MLP (128, 512) lr=0.0001 do=0.0 act=ReLU",0.9614689082846499,0.004912870468385844
concat_raw,"MLP (1024, 1024) lr=0.0001 do=0.0 act=GELU",0.9614689082846499,0.004912870468385844
concat_raw,"MLP (1024, 128, 1024) lr=0.0001 do=0.0 act=ReLU",0.9614689082846499,0.004912870468385844
concat_raw,"MLP (1024, 256, 512) lr=0.0001 do=0.2 act=ReLU",0.9614689082846499,0.004912870468385844
concat_raw,"MLP (1024, 256, 512) lr=0.0001 do=0.0 act=GELU",0.9614689082846499,0.004912870468385844
concat_raw,"MLP (1024, 256, 512) lr=0.0001 do=0.0 act=ReLU",0.9614689082846499,0.004912870468385844
concat_raw,"MLP (1024, 128, 256) lr=0.0001 do=0.2 act=ReLU",0.9614689082846499,0.004912870468385844
concat_raw,"MLP (512, 128) lr=0.0001 do=0.4 act=ReLU",0.9614689082846499,0.004912870468385844
concat_raw,"MLP (1024, 256, 256) lr=0.0001 do=0.0 act=GELU",0.9614689082846499,0.004912870468385844
concat_raw,"MLP (1024, 128, 256) lr=0.0001 do=0.0 act=GELU",0.9614689082846499,0.004912870468385844
concat_raw,"MLP (1024, 256, 1024) lr=0.0001 do=0.0 act=GELU",0.9614689082846499,0.004912870468385844
concat_raw,"MLP (128, 1024, 128) lr=0.0001 do=0.0 act=ReLU",0.9614689082846499,0.004912870468385844
concat_raw,"MLP (256,) lr=0.0001 do=0.0 act=ReLU",0.9614689082846499,0.004912870468385844
concat_raw,"MLP (256,) lr=0.0001 do=0.2 act=ReLU",0.9614689082846499,0.004912870468385844
concat_raw,"MLP (1024, 512, 128) lr=0.001 do=0.2 act=ReLU",0.9614689082846499,0.004912870468385844
concat_raw,"MLP (1024, 128, 512) lr=0.0001 do=0.0 act=GELU",0.9614689082846499,0.004912870468385844
concat_raw,"MLP (1024, 128, 512) lr=0.0001 do=0.4 act=GELU",0.9614689082846499,0.004912870468385844
concat_raw,"MLP (1024,) lr=0.0001 do=0.0 act=ReLU",0.9614689082846499,0.004912870468385844
concat_raw,"MLP (1024, 512, 256) lr=0.0001 do=0.2 act=ReLU",0.9614689082846499,0.004912870468385844
concat_raw,"MLP (256, 1024) lr=0.0001 do=0.4 act=ReLU",0.9614689082846499,0.004912870468385844
concat_raw,"MLP (1024, 512, 1024) lr=0.0001 do=0.0 act=ReLU",0.9614689082846499,0.004912870468385844
concat_raw,"MLP (256,) lr=0.0001 do=0.4 act=ReLU",0.9614689082846499,0.004912870468385844
concat_raw,"MLP (512,) lr=0.001 do=0.0 act=ReLU",0.9614689082846499,0.004912870468385844
concat_raw,"MLP (128, 128, 512) lr=0.0001 do=0.0 act=GELU",0.9614689082846499,0.004912870468385844
concat_raw,"MLP (512,) lr=0.001 do=0.0 act=GELU",0.9614689082846499,0.004912870468385844
concat_raw,"MLP (1024, 256, 1024) lr=0.0001 do=0.0 act=ReLU",0.9614689082846499,0.004912870468385844
concat_raw,"MLP (128, 128, 512) lr=0.0001 do=0.0 act=ReLU",0.9614689082846499,0.004912870468385844
concat_raw,"MLP (512, 128) lr=0.0001 do=0.0 act=GELU",0.9614689082846499,0.004912870468385844
concat_raw,"MLP (256, 128, 128) lr=0.001 do=0.2 act=GELU",0.9614689082846499,0.004912870468385844
concat_raw,"MLP (512, 256) lr=0.001 do=0.0 act=ReLU",0.9614689082846499,0.004912870468385844
concat_raw,"MLP (512, 128) lr=0.0001 do=0.4 act=GELU",0.9614689082846499,0.004912870468385844
concat_raw,"MLP (256, 512, 1024) lr=0.0001 do=0.0 act=GELU",0.9614689082846499,0.004912870468385844
concat_raw,"MLP (512, 128, 128) lr=0.0001 do=0.0 act=ReLU",0.9614689082846499,0.004912870468385844
concat_raw,"MLP (512, 128, 256) lr=0.001 do=0.0 act=GELU",0.9614689082846499,0.004912870468385844
concat_raw,"MLP (128, 128, 512) lr=0.001 do=0.0 act=ReLU",0.9614689082846499,0.004912870468385844
concat_raw,"MLP (512,) lr=0.0001 do=0.2 act=GELU",0.9614689082846499,0.004912870468385844
concat_raw,"MLP (512,) lr=0.0001 do=0.2 act=ReLU",0.9614689082846499,0.004912870468385844
concat_raw,"MLP (512, 1024, 512) lr=0.0001 do=0.0 act=GELU",0.9614689082846499,0.004912870468385844
concat_raw,"MLP (512, 1024, 512) lr=0.0001 do=0.2 act=ReLU",0.9614689082846499,0.004912870468385844
concat_raw,"MLP (512, 1024, 128) lr=0.0001 do=0.0 act=GELU",0.9614689082846499,0.004912870468385844
concat_raw,"MLP (1024, 1024, 128) lr=0.0001 do=0.4 act=ReLU",0.9614689082846499,0.004912870468385844
concat_raw,"MLP (1024, 256) lr=0.001 do=0.0 act=ReLU",0.9614689082846499,0.004912870468385844
concat_raw,"MLP (128, 512) lr=0.001 do=0.4 act=ReLU",0.9614689082846499,0.004912870468385844
concat_raw,"MLP (512, 1024) lr=0.0001 do=0.4 act=GELU",0.9614689082846499,0.004912870468385844
concat_raw,"MLP (512, 1024) lr=0.0001 do=0.2 act=ReLU",0.9614689082846499,0.004912870468385844
concat_raw,"MLP (1024, 128, 256) lr=0.0001 do=0.2 act=GELU",0.9614689082846499,0.004912870468385844
concat_raw,"MLP (512, 512, 1024) lr=0.0001 do=0.0 act=GELU",0.9614689082846499,0.004912870468385844
concat_raw,"MLP (1024, 128, 128) lr=0.001 do=0.0 act=ReLU",0.9614689082846499,0.004912870468385844
concat_raw,"MLP (512, 1024, 512) lr=0.0001 do=0.4 act=GELU",0.9614689082846499,0.004912870468385844
concat_raw,"MLP (128, 256, 1024) lr=0.0001 do=0.0 act=ReLU",0.9614689082846499,0.004912870468385844
concat_raw,"MLP (1024, 1024, 128) lr=0.0001 do=0.0 act=GELU",0.9614689082846499,0.004912870468385844
concat_raw,"MLP (1024, 512) lr=0.001 do=0.0 act=GELU",0.9614689082846499,0.004912870468385844
concat_raw,"MLP (256,) lr=0.001 do=0.0 act=GELU",0.9614689082846499,0.004912870468385844
concat_raw,"MLP (256, 512) lr=0.0001 do=0.0 act=GELU",0.9614689082846499,0.004912870468385844
concat_raw,"MLP (256, 256, 512) lr=0.0001 do=0.0 act=ReLU",0.9614689082846499,0.004912870468385844
concat_raw,"MLP (512, 1024, 512) lr=0.0001 do=0.0 act=ReLU",0.9614689082846499,0.004912870468385844
concat_raw,"MLP (1024, 128, 128) lr=0.0001 do=0.0 act=GELU",0.9614689082846499,0.004912870468385844
concat_raw,"MLP (128, 512) lr=0.0001 do=0.2 act=GELU",0.9614689082846499,0.004912870468385844
concat_raw,"MLP (128, 512) lr=0.0001 do=0.0 act=GELU",0.9614689082846499,0.004912870468385844
concat_raw,"MLP (1024, 1024) lr=0.001 do=0.2 act=GELU",0.9614689082846499,0.004912870468385844
concat_raw,"MLP (128, 512) lr=0.001 do=0.0 act=ReLU",0.9614689082846499,0.004912870468385844
concat_raw,"MLP (128, 256) lr=0.001 do=0.0 act=GELU",0.9614689082846499,0.004912870468385844
concat_raw,"MLP (1024, 512, 128) lr=0.001 do=0.0 act=ReLU",0.9614689082846499,0.004912870468385844
concat_raw,"MLP (128, 512) lr=0.001 do=0.0 act=GELU",0.9614689082846499,0.004912870468385844
concat_raw,"MLP (1024, 256, 1024) lr=0.0001 do=0.2 act=ReLU",0.9614689082846499,0.004912870468385844
concat_raw,"MLP (128, 128, 128) lr=0.0001 do=0.0 act=GELU",0.9614689082846499,0.004912870468385844
concat_raw,"MLP (1024, 512) lr=0.0001 do=0.4 act=GELU",0.9614689082846499,0.004912870468385844
concat_raw,"MLP (512,) lr=0.0001 do=0.4 act=ReLU",0.9614689082846499,0.004912870468385844
concat_raw,"MLP (256, 512, 256) lr=0.0001 do=0.0 act=GELU",0.9614689082846499,0.004912870468385844
concat_raw,"MLP (128, 128) lr=0.001 do=0.0 act=ReLU",0.9614689082846499,0.004912870468385844
concat_raw,"MLP (128,) lr=0.001 do=0.2 act=GELU",0.9614689082846499,0.004912870468385844
concat_raw,"MLP (512, 512, 256) lr=0.0001 do=0.2 act=GELU",0.9614689082846499,0.004912870468385844
concat_raw,"MLP (256, 512, 128) lr=0.0001 do=0.0 act=GELU",0.9614689082846499,0.004912870468385844
concat_raw,"MLP (256, 512, 128) lr=0.001 do=0.0 act=ReLU",0.9614689082846499,0.004912870468385844
concat_raw,"MLP (1024, 512, 1024) lr=0.0001 do=0.2 act=ReLU",0.9614689082846499,0.004912870468385844
concat_raw,"MLP (512, 256, 512) lr=0.0001 do=0.0 act=ReLU",0.9614689082846499,0.004912870468385844
concat_raw,"MLP (512, 256, 512) lr=0.0001 do=0.2 act=GELU",0.9614689082846499,0.004912870468385844
concat_raw,"MLP (1024, 1024, 256) lr=0.0001 do=0.0 act=ReLU",0.9614689082846499,0.004912870468385844
concat_raw,"MLP (1024, 1024, 256) lr=0.0001 do=0.0 act=GELU",0.9614689082846499,0.004912870468385844
concat_raw,"MLP (1024, 1024, 256) lr=0.0001 do=0.2 act=ReLU",0.9614689082846499,0.004912870468385844
concat_raw,"MLP (1024, 1024, 256) lr=0.0001 do=0.2 act=GELU",0.9614689082846499,0.004912870468385844
concat_raw,"MLP (1024, 1024, 1024) lr=0.0001 do=0.4 act=ReLU",0.9614689082846499,0.004912870468385844
concat_raw,"MLP (128, 256, 256) lr=0.001 do=0.0 act=ReLU",0.9614689082846499,0.004912870468385844
concat_raw,"MLP (1024, 512) lr=0.0001 do=0.0 act=ReLU",0.9614689082846499,0.004912870468385844
concat_raw,"MLP (1024, 512) lr=0.0001 do=0.0 act=GELU",0.9614689082846499,0.004912870468385844
concat_raw,"MLP (256, 512, 128) lr=0.0001 do=0.0 act=ReLU",0.9614689082846499,0.004912870468385844
concat_raw,"MLP (128, 128, 1024) lr=0.0001 do=0.0 act=ReLU",0.9614689082846499,0.004912870468385844
concat_raw,"MLP (1024, 128) lr=0.001 do=0.0 act=ReLU",0.9614689082846499,0.004912870468385844
concat_raw,"MLP (512, 512, 256) lr=0.0001 do=0.0 act=GELU",0.9614689082846499,0.004912870468385844
concat_raw,"MLP (1024, 1024, 1024) lr=0.0001 do=0.0 act=GELU",0.9614689082846499,0.004912870468385844
concat_raw,"MLP (256, 256, 512) lr=0.0001 do=0.0 act=GELU",0.9614689082846499,0.004912870468385844
concat_raw,"MLP (128, 1024, 512) lr=0.0001 do=0.0 act=ReLU",0.9614689082846499,0.004912870468385844
concat_raw,"MLP (256, 128, 128) lr=0.0001 do=0.0 act=GELU",0.9614689082846499,0.004912870468385844
concat_raw,"MLP (128, 1024, 256) lr=0.0001 do=0.0 act=GELU",0.9614689082846499,0.004912870468385844
concat_raw,"MLP (128, 1024, 256) lr=0.0001 do=0.2 act=ReLU",0.9614689082846499,0.004912870468385844
concat_raw,"MLP (128, 1024, 256) lr=0.001 do=0.4 act=ReLU",0.9614689082846499,0.004912870468385844
concat_raw,"MLP (1024, 1024) lr=0.0001 do=0.4 act=GELU",0.9614689082846499,0.004912870468385844
concat_raw,"MLP (256, 1024, 256) lr=0.001 do=0.2 act=ReLU",0.9614689082846499,0.004912870468385844
concat_raw,"MLP (128, 512, 256) lr=0.0001 do=0.2 act=ReLU",0.9614689082846499,0.004912870468385844
concat_raw,"MLP (256, 1024, 1024) lr=0.0001 do=0.2 act=ReLU",0.9614689082846499,0.004912870468385844
concat_raw,"MLP (256, 1024, 256) lr=0.0001 do=0.0 act=GELU",0.9614689082846499,0.004912870468385844
concat_raw,"MLP (512,) lr=0.0001 do=0.0 act=ReLU",0.9614689082846499,0.004912870468385844
concat_raw,"MLP (512,) lr=0.001 do=0.4 act=ReLU",0.9614689082846499,0.004912870468385844
concat_raw,"MLP (256, 512, 1024) lr=0.0001 do=0.0 act=ReLU",0.9614689082846499,0.004912870468385844
concat_raw,"MLP (256, 128) lr=0.001 do=0.4 act=GELU",0.9614689082846499,0.004912870468385844
concat_raw,"MLP (1024,) lr=0.001 do=0.0 act=GELU",0.9614689082846499,0.004912870468385844
concat_raw,"MLP (1024, 1024) lr=0.0001 do=0.4 act=ReLU",0.9614689082846499,0.004912870468385844
concat_raw,"MLP (512, 512, 128) lr=0.0001 do=0.0 act=GELU",0.9614689082846499,0.004912870468385844
concat_raw,"MLP (512, 512, 128) lr=0.0001 do=0.0 act=ReLU",0.9614689082846499,0.004912870468385844
concat_raw,"MLP (512, 128, 1024) lr=0.0001 do=0.0 act=ReLU",0.9614689082846499,0.004912870468385844
concat_raw,"MLP (1024, 128) lr=0.0001 do=0.0 act=GELU",0.9614689082846499,0.004912870468385844
concat_raw,"MLP (512, 128, 512) lr=0.0001 do=0.4 act=GELU",0.9614689082846499,0.004912870468385844
concat_raw,"MLP (512, 256, 128) lr=0.0001 do=0.0 act=ReLU",0.9614689082846499,0.004912870468385844
concat_raw,"MLP (512, 128, 512) lr=0.0001 do=0.0 act=ReLU",0.9614689082846499,0.004912870468385844
concat_raw,"MLP (512, 128, 512) lr=0.0001 do=0.0 act=GELU",0.9614689082846499,0.004912870468385844
concat_raw,"MLP (128, 128) lr=0.001 do=0.0 act=GELU",0.9614689082846499,0.004912870468385844
concat_raw,"MLP (512, 512, 128) lr=0.0001 do=0.2 act=GELU",0.9614689082846499,0.004912870468385844
concat_raw,"MLP (512, 256, 1024) lr=0.0001 do=0.0 act=ReLU",0.9614689082846499,0.004912870468385844
concat_raw,"MLP (512, 128, 128) lr=0.001 do=0.0 act=GELU",0.9614689082846499,0.004912870468385844
concat_raw,"MLP (512, 128, 256) lr=0.001 do=0.2 act=ReLU",0.9614689082846499,0.004912870468385844
concat_raw,"MLP (128, 128, 128) lr=0.001 do=0.4 act=ReLU",0.9614689082846499,0.004912870468385844
concat_raw,"MLP (512, 128, 512) lr=0.001 do=0.0 act=GELU",0.9614689082846499,0.004912870468385844
concat_raw,"MLP (512, 128, 256) lr=0.001 do=0.2 act=GELU",0.9614689082846499,0.004912870468385844
concat_raw,"MLP (256,) lr=0.001 do=0.2 act=GELU",0.9614689082846499,0.004912870468385844
concat_raw,"MLP (128, 512, 1024) lr=0.001 do=0.0 act=ReLU",0.9614689082846499,0.004912870468385844
concat_raw,"MLP (256, 128, 128) lr=0.0001 do=0.0 act=ReLU",0.9614689082846499,0.004912870468385844
concat_raw,"MLP (128, 1024, 1024) lr=0.0001 do=0.4 act=ReLU",0.9614689082846499,0.004912870468385844
concat_raw,"MLP (128, 512, 1024) lr=0.0001 do=0.2 act=ReLU",0.9614689082846499,0.004912870468385844
concat_raw,"MLP (128, 1024, 1024) lr=0.0001 do=0.0 act=ReLU",0.9614689082846499,0.004912870468385844
concat_raw,"MLP (128, 1024, 1024) lr=0.0001 do=0.2 act=ReLU",0.9614689082846499,0.004912870468385844
concat_raw,"MLP (128, 1024, 1024) lr=0.0001 do=0.0 act=GELU",0.9614689082846499,0.004912870468385844
concat_raw,"MLP (128, 1024, 128) lr=0.0001 do=0.0 act=GELU",0.9614689082846499,0.004912870468385844
concat_raw,"MLP (128,) lr=0.001 do=0.0 act=GELU",0.9614689082846499,0.004912870468385844
concat_raw,"MLP (512, 128, 256) lr=0.0001 do=0.0 act=GELU",0.9614689082846499,0.004912870468385844
concat_raw,"MLP (128, 256, 1024) lr=0.0001 do=0.0 act=GELU",0.9614689082846499,0.004912870468385844
concat_raw,"MLP (128, 1024, 128) lr=0.0001 do=0.2 act=ReLU",0.9614689082846499,0.004912870468385844
concat_raw,"MLP (256, 1024, 256) lr=0.001 do=0.4 act=GELU",0.9614689082846499,0.004912870468385844
backbone_dinov2,"MLP (1024, 512, 1024) lr=0.001 do=0.4 act=ReLU",0.9614688612411773,0.009508959565018738
backbone_dinov2,"MLP (512, 512) lr=0.001 do=0.4 act=GELU",0.9614688612411773,0.009508959565018738
concat_pca208,"MLP (1024, 1024, 512) lr=0.001 do=0.4 act=GELU",0.9614684333517481,0.004846869785073538
backbone_dinov2,"MLP (1024, 256, 1024) lr=0.001 do=0.2 act=ReLU",0.9614672303559724,0.009642909504167518
concat_raw,"MLP (256, 256, 128) lr=0.001 do=0.0 act=GELU",0.9614602851782206,0.004781403226366443
concat_raw,"MLP (256, 256, 512) lr=0.0001 do=0.4 act=ReLU",0.9614595152653884,0.014540715211362298
concat_raw,"MLP (256, 1024) lr=0.001 do=0.4 act=ReLU",0.9614572162746602,0.00978843863411788
backbone_dinov2,"MLP (128, 1024, 1024) lr=0.001 do=0.0 act=GELU",0.9614530798249761,0.014500277651353644
concat_raw,"MLP (1024, 512) lr=0.001 do=0.2 act=ReLU",0.9614510525665734,0.00979460234220475
concat_raw,"MLP (128, 256, 512) lr=0.001 do=0.2 act=GELU",0.9614510525665734,0.00979460234220475
concat_raw,"MLP (256, 1024, 256) lr=0.0001 do=0.2 act=GELU",0.9614461928936429,0.009667776066712708
concat_raw,"MLP (512, 128, 1024) lr=0.0001 do=0.4 act=GELU",0.9614461928936429,0.009667776066712708
concat_raw,"MLP (512, 1024, 256) lr=0.001 do=0.2 act=ReLU",0.9614461928936429,0.009667776066712708
backbone_dinov2,"MLP (128, 1024, 128) lr=0.001 do=0.2 act=ReLU",0.9614438503624325,0.009533970443763529
concat_raw,"MLP (512, 128, 128) lr=0.001 do=0.2 act=GELU",0.9614362488637005,0.004724288906616414
concat_raw,"MLP (256, 128, 256) lr=0.0001 do=0.4 act=ReLU",0.9614362488637005,0.004724288906616414
backbone_dinov2,"MLP (1024, 1024, 128) lr=0.001 do=0.0 act=ReLU",0.9614331535399255,0.009544667266270457
backbone_dinov2,"MLP (128, 1024) lr=0.001 do=0.4 act=ReLU",0.9614331535399255,0.009544667266270457
concat_raw,"MLP (1024, 256) lr=0.0001 do=0.0 act=ReLU",0.9614291994197203,0.009816455489057851
concat_raw,"MLP (1024, 256) lr=0.0001 do=0.0 act=GELU",0.9614291994197203,0.009816455489057851
concat_raw,"MLP (128, 256, 1024) lr=0.001 do=0.0 act=ReLU",0.9614281274209128,2.88719884589117e-05
concat_raw,"MLP (128, 256, 128) lr=0.001 do=0.2 act=ReLU",0.9614281274209128,2.88719884589117e-05
concat_raw,"MLP (128, 256, 1024) lr=0.001 do=0.2 act=ReLU",0.9614281274209128,2.88719884589117e-05
concat_raw,"MLP (256, 256, 128) lr=0.0001 do=0.2 act=GELU",0.9614281274209128,2.88719884589117e-05
concat_raw,"MLP (1024, 256) lr=0.0001 do=0.2 act=ReLU",0.9614277712434562,0.009817883665321825
backbone_dinov2,"MLP (128, 512) lr=0.001 do=0.2 act=ReLU",0.9614272051771334,0.014460368787363564
concat_raw,"MLP (128, 1024, 512) lr=0.001 do=0.4 act=ReLU",0.961425381832695,3.1617576676745696e-05
concat_raw,"MLP (128, 512, 512) lr=0.001 do=0.0 act=GELU",0.961425381832695,3.1617576676745696e-05
concat_raw,"MLP (1024, 256, 1024) lr=0.001 do=0.4 act=GELU",0.961425381832695,3.1617576676745696e-05
backbone_dinov2,"MLP (1024, 512) lr=0.001 do=0.4 act=GELU",0.9614217780826964,0.004801101601721702
backbone_dinov2,"MLP (1024, 256, 512) lr=0.001 do=0.2 act=ReLU",0.9614217780826964,0.004801101601721702
concat_raw,"MLP (128, 128, 128) lr=0.001 do=0.0 act=ReLU",0.9614211396872643,0.009824515221513785
concat_raw,"MLP (128, 128, 256) lr=0.001 do=0.0 act=GELU",0.9614211396872643,0.009824515221513785
concat_raw,"MLP (128, 1024) lr=0.0001 do=0.2 act=GELU",0.9614211396872643,0.009824515221513785
concat_raw,"MLP (512, 512) lr=0.0001 do=0.0 act=GELU",0.9614211396872643,0.009824515221513785
concat_raw,"MLP (256, 1024) lr=0.0001 do=0.0 act=GELU",0.9614211396872643,0.009824515221513785
concat_raw,"MLP (256, 1024) lr=0.0001 do=0.0 act=ReLU",0.9614211396872643,0.009824515221513785
concat_raw,"MLP (256, 512) lr=0.001 do=0.2 act=GELU",0.9614211396872643,0.009824515221513785
concat_raw,"MLP (1024, 128, 1024) lr=0.0001 do=0.4 act=GELU",0.9614211396872643,0.009824515221513785
concat_raw,"MLP (128, 1024, 256) lr=0.001 do=0.0 act=GELU",0.9614207162572787,0.004820972147308367
concat_raw,"MLP (512, 1024, 256) lr=0.001 do=0.0 act=ReLU",0.9614207162572787,0.004820972147308367
concat_raw,"MLP (128, 1024, 256) lr=0.001 do=0.0 act=ReLU",0.9614207162572787,0.004820972147308367
concat_raw,"MLP (256, 1024, 1024) lr=0.0001 do=0.4 act=ReLU",0.9614197098610855,0.00474082790923136
backbone_dinov2,"MLP (512, 512, 1024) lr=0.001 do=0.0 act=ReLU",0.9614194192673942,0.009734426886451986
backbone_dinov2,"MLP (256, 256, 1024) lr=0.001 do=0.2 act=ReLU",0.9614192017001657,0.00955861910603023
concat_raw,"MLP (1024, 512, 512) lr=0.0001 do=0.4 act=GELU",0.961418870149944,0.004962908603091731
concat_pca208,KNN k=3 metric=euclidean,0.9614188654235436,8.711467958838481e-05
concat_pca208,"MLP (256, 512, 512) lr=0.001 do=0.0 act=GELU",0.9614175642427054,0.009571156052233576
concat_raw,"MLP (1024, 256) lr=0.0001 do=0.4 act=ReLU",0.9614174419736801,0.00496433677935576
concat_raw,"MLP (512, 1024, 128) lr=0.0001 do=0.2 act=ReLU",0.9614108104174881,0.004970968335547721
backbone_dinov2,"MLP (1024, 1024, 512) lr=0.001 do=0.4 act=ReLU",0.9614105457223909,0.00974330043145516
concat_raw,"MLP (256, 128, 512) lr=0.0001 do=0.4 act=GELU",0.9614096169765837,0.014590613500167104
concat_raw,"MLP (512, 256, 256) lr=0.001 do=0.2 act=GELU",0.9614094595997611,0.014656239635177148
concat_pca208,"MLP (256,) lr=0.0001 do=0.2 act=ReLU",0.9614069309734256,7.345905280431442e-05
concat_pca208,"MLP (1024, 1024, 1024) lr=0.001 do=0.2 act=GELU",0.9614037275457563,0.0146343881162605
concat_raw,"MLP (1024, 128) lr=0.001 do=0.0 act=GELU",0.9614035286858418,5.3470723529902564e-05
concat_raw,"MLP (1024, 1024) lr=0.001 do=0.4 act=ReLU",0.9614035286858418,5.3470723529902564e-05
concat_pca208,KNN k=5 metric=euclidean,0.9614034505502727,0.004757087220044254
backbone_dinov2,"MLP (1024, 256, 256) lr=0.001 do=0.4 act=ReLU",0.961402695335561,0.004597879707567254
backbone_dinov2,"MLP (256, 1024, 128) lr=0.001 do=0.0 act=ReLU",0.9614010708290004,0.009576749977195542
backbone_dinov2,"MLP (512, 256, 1024) lr=0.001 do=0.4 act=ReLU",0.9613994994887074,0.004601075554420853
concat_raw,"MLP (128, 1024, 128) lr=0.001 do=0.4 act=GELU",0.9613988631104256,0.004842825294161468
concat_raw,"MLP (1024, 1024, 128) lr=0.001 do=0.4 act=ReLU",0.9613988631104256,0.004842825294161468
concat_raw,"MLP (1024, 128, 1024) lr=0.001 do=0.0 act=GELU",0.9613988631104256,0.004842825294161468
backbone_dinov2,"MLP (512, 1024, 1024) lr=0.001 do=0.2 act=ReLU",0.9613982173226046,0.004602357720523698
backbone_dinov2,"MLP (512, 512, 256) lr=0.001 do=0.0 act=ReLU",0.9613972495677803,0.00958057123841577
concat_pca208,KNN k=5 metric=cosine,0.9613945014162147,0.01939041805575137
concat_raw,"MLP (1024, 256, 512) lr=0.001 do=0.0 act=ReLU",0.9613889890203383,0.01467671021459993
backbone_dinov2,"MLP (1024, 1024) lr=0.001 do=0.2 act=ReLU",0.9613886925755379,0.009721447284602058
concat_raw,"MLP (512, 1024, 128) lr=0.001 do=0.4 act=GELU",0.9613875317624836,0.014678167472454706
concat_raw,"MLP (512, 128) lr=0.001 do=0.0 act=GELU",0.961386211682417,0.004995567070618712
concat_pca208,"MLP (256, 512) lr=0.001 do=0.0 act=GELU",0.961383533122712,0.009605187172227025
concat_raw,"MLP (128, 512, 128) lr=0.0001 do=0.4 act=GELU",0.9613801409401436,0.0047803968301732835
concat_raw,"MLP (512, 512, 1024) lr=0.001 do=0.4 act=ReLU",0.9613801409401436,0.0047803968301732835
backbone_dinov2,"MLP (256, 1024, 1024) lr=0.001 do=0.2 act=GELU",0.9613764687362627,0.00462410630686555
concat_pca208,"MLP (256,) lr=0.0001 do=0.2 act=GELU",0.9613740392175092,0.00010635080872067881
concat_raw,"MLP (512, 1024, 256) lr=0.001 do=0.2 act=GELU",0.9613664873716474,0.0047940503986693694
concat_raw,"MLP (512, 512, 256) lr=0.0001 do=0.2 act=ReLU",0.9613619282692449,0.00975204069111052
concat_pca208,"MLP (128, 1024) lr=0.001 do=0.0 act=GELU",0.9613610292795169,0.004674259825383387
concat_raw,"MLP (128, 512) lr=0.001 do=0.4 act=GELU",0.9613582877932905,0.004802249977026385
concat_raw,"MLP (1024, 1024, 1024) lr=0.0001 do=0.4 act=GELU",0.9613582877932905,0.004802249977026385
concat_raw,"MLP (128, 1024, 256) lr=0.0001 do=0.4 act=GELU",0.9613582877932905,0.004802249977026385
concat_raw,"MLP (256, 256, 1024) lr=0.0001 do=0.4 act=GELU",0.961355296713053,0.00975867224730248
backbone_dinov2,"MLP (1024, 512, 1024) lr=0.001 do=0.4 act=GELU",0.9613468829107474,7.245939376104849e-05
backbone_dinov2,"MLP (128, 1024, 1024) lr=0.001 do=0.2 act=GELU",0.9613424593336164,0.014610898142713269
concat_raw,"MLP (1024, 512, 1024) lr=0.001 do=0.2 act=ReLU",0.9613290234828031,0.009616203282728997
concat_pca208,"MLP (1024, 1024, 512) lr=0.001 do=0.2 act=GELU",0.9613284263357875,0.004706862769112863
concat_raw,"MLP (256, 128, 256) lr=0.0001 do=0.4 act=GELU",0.9613274876033768,0.00020579963674749457
concat_raw,"MLP (128, 128, 256) lr=0.001 do=0.4 act=ReLU",0.9613274876033768,0.00020579963674749457
concat_raw,"MLP (256, 512, 512) lr=0.001 do=0.2 act=GELU",0.9613253960373742,0.004835141732942694
backbone_dinov2,"MLP (256, 128, 1024) lr=0.001 do=0.4 act=GELU",0.961322533048566,0.009655287757630082
concat_pca208,"MLP (128,) lr=0.0001 do=0.2 act=ReLU",0.9613219258850554,0.004934604202563808
concat_pca208,"MLP (128,) lr=0.0001 do=0.0 act=GELU",0.9613219258850554,0.004934604202563808
concat_pca208,"MLP (128,) lr=0.0001 do=0.2 act=GELU",0.9613219258850554,0.004934604202563808
concat_pca208,"MLP (128,) lr=0.0001 do=0.0 act=ReLU",0.9613219258850554,0.004934604202563808
concat_raw,"MLP (512, 128, 1024) lr=0.001 do=0.2 act=ReLU",0.9613143846726611,0.014759456404016047
concat_raw,"MLP (512, 1024) lr=0.001 do=0.2 act=GELU",0.9613116677784536,0.004848869991863292
concat_pca208,"MLP (128, 128, 512) lr=0.001 do=0.0 act=ReLU",0.9613100659370433,0.004725223167857062
concat_pca208,KNN k=10 metric=manhattan,0.9613033116177807,0.004980289474685262
concat_pca208,"MLP (512, 256, 1024) lr=0.001 do=0.0 act=GELU",0.9612996414408025,0.004735647664097842
concat_pca208,"MLP (128,) lr=0.0001 do=0.4 act=GELU",0.9612989873837761,0.009821418859585485
concat_pca208,"MLP (512, 256, 128) lr=0.001 do=0.2 act=GELU",0.9612955345798712,0.004739754525029172
concat_pca208,"MLP (1024,) lr=0.0001 do=0.4 act=GELU",0.9612952920157454,0.009871175732505677
concat_raw,"MLP (512, 256, 128) lr=0.001 do=0.4 act=GELU",0.9612727427006074,0.00015105473397802882
concat_pca208,"MLP (512, 256, 512) lr=0.001 do=0.0 act=GELU",0.9612727274614911,0.004762561643409269
concat_pca208,"MLP (1024,) lr=0.0001 do=0.2 act=GELU",0.9612722612633007,0.009848144980060924
concat_pca208,"MLP (1024,) lr=0.0001 do=0.2 act=ReLU",0.9612722612633007,0.009848144980060924
concat_raw,"MLP (1024, 512, 256) lr=0.001 do=0.2 act=ReLU",0.9612604716995417,0.0001387837329122621
concat_pca208,"MLP (128, 128) lr=0.001 do=0.0 act=ReLU",0.9612597806244285,0.009728939670510472
concat_raw,"MLP (1024, 128) lr=0.001 do=0.2 act=GELU",0.9612358729644706,0.00011418499784127123
concat_raw,"MLP (256, 256) lr=0.001 do=0.2 act=GELU",0.9612352177462773,0.005097580816330549
concat_pca208,"MLP (1024, 256, 512) lr=0.001 do=0.2 act=GELU",0.9612169380803943,0.000220498779181455
concat_pca208,"MLP (256,) lr=0.0001 do=0.0 act=ReLU",0.9612165384627445,0.00011693345787677778
concat_pca208,"MLP (512, 1024, 256) lr=0.001 do=0.0 act=GELU",0.961188872363101,0.004846416741799253
concat_pca208,"MLP (512, 512, 256) lr=0.001 do=0.4 act=GELU",0.9611847048911794,0.009804015403759636
concat_raw,"MLP (1024, 1024, 512) lr=0.001 do=0.2 act=ReLU",0.9611784236661307,0.004727953295714016
concat_pca208,"MLP (512, 128, 1024) lr=0.001 do=0.0 act=GELU",0.9611717820815877,0.004863507023312563
concat_pca208,"MLP (256, 1024, 128) lr=0.001 do=0.2 act=ReLU",0.961164955610917,0.00016851630970421416
concat_pca208,"MLP (1024, 512, 512) lr=0.001 do=0.2 act=ReLU",0.9611548787769829,0.0003920424849946924
concat_pca208,"MLP (512, 128, 512) lr=0.001 do=0.0 act=GELU",0.9611320638550007,0.00013562455378784977
concat_pca208,"MLP (256, 512, 1024) lr=0.001 do=0.2 act=ReLU",0.9611153857425159,0.0047909912193287996
backbone_dinov2,"MLP (128, 512, 1024) lr=0.001 do=0.4 act=GELU",0.9611150983413967,0.005345867572165985
concat_pca208,"MLP (1024, 1024, 512) lr=0.001 do=0.4 act=ReLU",0.9610564471271501,0.0002936108351618283
concat_pca208,"MLP (128, 1024, 256) lr=0.001 do=0.0 act=GELU",0.9609901953490128,0.005137296717656448
concat_pca208,"MLP (1024, 512, 1024) lr=0.001 do=0.0 act=GELU",0.9609671323427442,0.019817787129221942
meta_dino+bio,"MLP (1024, 256, 512) lr=0.001 do=0.0 act=GELU",0.9609186328468469,0.0029315731720337412
meta_dino+bio,"MLP (512, 512, 256) lr=0.001 do=0.0 act=GELU",0.9609186328468469,0.0029315731720337412
meta_dino+bio,"MLP (128, 1024) lr=0.0001 do=0.2 act=GELU",0.9609151520408824,0.003115120746875366
meta_dino+bio,"MLP (128, 1024) lr=0.0001 do=0.0 act=GELU",0.9609151520408824,0.003115120746875366
meta_dino+bio,"MLP (128, 1024) lr=0.0001 do=0.4 act=GELU",0.9609151520408824,0.003115120746875366
meta_dino+bio,"MLP (512, 128, 256) lr=0.001 do=0.4 act=GELU",0.9609151520408824,0.003115120746875366
meta_dino+bio,"MLP (1024, 1024, 128) lr=0.001 do=0.2 act=ReLU",0.9609151520408824,0.003115120746875366
meta_dino+bio,"MLP (512, 128) lr=0.0001 do=0.4 act=GELU",0.9609151520408824,0.003115120746875366
meta_dino+bio,"MLP (512, 128) lr=0.0001 do=0.4 act=ReLU",0.9609151520408824,0.003115120746875366
meta_dino+bio,"MLP (128, 512) lr=0.0001 do=0.0 act=ReLU",0.9609151520408824,0.003115120746875366
meta_dino+bio,"MLP (512, 128, 128) lr=0.001 do=0.0 act=ReLU",0.9609151520408824,0.003115120746875366
meta_dino+bio,"MLP (128, 256) lr=0.0001 do=0.4 act=ReLU",0.9609151520408824,0.003115120746875366
meta_dino+bio,"MLP (512, 128) lr=0.0001 do=0.0 act=ReLU",0.9609151520408824,0.003115120746875366
meta_dino+bio,"MLP (256, 128, 256) lr=0.0001 do=0.4 act=ReLU",0.9609151520408824,0.003115120746875366
meta_dino+bio,"MLP (512, 512, 128) lr=0.001 do=0.2 act=ReLU",0.9609151520408824,0.003115120746875366
meta_dino+bio,LogReg C=0.1,0.9609151520408824,0.003115120746875366
meta_dino+bio,"MLP (512, 256, 128) lr=0.0001 do=0.0 act=ReLU",0.9609151520408824,0.003115120746875366
meta_dino+bio,"MLP (512, 128, 512) lr=0.001 do=0.2 act=GELU",0.9609151520408824,0.003115120746875366
meta_dino+bio,"MLP (512, 128, 256) lr=0.0001 do=0.4 act=GELU",0.9609151520408824,0.003115120746875366
meta_dino+bio,"MLP (512, 128, 512) lr=0.001 do=0.0 act=GELU",0.9609151520408824,0.003115120746875366
meta_dino+bio,"MLP (512, 128, 512) lr=0.001 do=0.0 act=ReLU",0.9609151520408824,0.003115120746875366
meta_dino+bio,"MLP (1024, 256, 1024) lr=0.001 do=0.0 act=ReLU",0.9609151520408824,0.003115120746875366
meta_dino+bio,"MLP (128, 256, 128) lr=0.0001 do=0.4 act=ReLU",0.9609151520408824,0.003115120746875366
meta_dino+bio,"MLP (128, 256, 128) lr=0.0001 do=0.2 act=ReLU",0.9609151520408824,0.003115120746875366
meta_dino+bio,"MLP (1024, 128, 128) lr=0.001 do=0.4 act=GELU",0.9609151520408824,0.003115120746875366
meta_dino+bio,"MLP (256, 128, 512) lr=0.001 do=0.0 act=GELU",0.9609151520408824,0.003115120746875366
meta_dino+bio,"MLP (256, 128, 128) lr=0.001 do=0.4 act=ReLU",0.9609151520408824,0.003115120746875366
meta_dino+bio,"MLP (128, 1024, 128) lr=0.0001 do=0.4 act=GELU",0.9609151520408824,0.003115120746875366
meta_dino+bio,"MLP (128, 1024, 128) lr=0.001 do=0.0 act=GELU",0.9609151520408824,0.003115120746875366
meta_dino+bio,"MLP (512, 1024, 1024) lr=0.001 do=0.0 act=ReLU",0.9609151520408824,0.003115120746875366
meta_dino+bio,"MLP (128, 256, 1024) lr=0.0001 do=0.0 act=ReLU",0.9609151520408824,0.003115120746875366
meta_dino+bio,"MLP (128, 256, 1024) lr=0.0001 do=0.4 act=ReLU",0.9609151520408824,0.003115120746875366
meta_dino+bio,"MLP (128, 512, 256) lr=0.0001 do=0.0 act=ReLU",0.9609151520408824,0.003115120746875366
meta_dino+bio,"MLP (128, 512, 512) lr=0.0001 do=0.4 act=GELU",0.9609151520408824,0.003115120746875366
meta_dino+bio,"MLP (512, 1024, 512) lr=0.001 do=0.0 act=ReLU",0.9609151520408824,0.003115120746875366
meta_dino+bio,"MLP (128, 512, 256) lr=0.0001 do=0.2 act=GELU",0.9609151520408824,0.003115120746875366
meta_dino+bio,"MLP (128, 1024, 128) lr=0.001 do=0.2 act=GELU",0.9609151520408824,0.003115120746875366
meta_dino+bio,"MLP (128, 256, 128) lr=0.001 do=0.4 act=GELU",0.9609151520408824,0.003115120746875366
meta_dino+bio,"MLP (512, 1024) lr=0.001 do=0.4 act=ReLU",0.9609151520408824,0.003115120746875366
meta_dino+bio,"MLP (128, 256, 1024) lr=0.0001 do=0.4 act=GELU",0.9609151520408824,0.003115120746875366
meta_dino+bio,"MLP (128, 128, 1024) lr=0.001 do=0.4 act=GELU",0.9609151520408824,0.003115120746875366
meta_dino+bio,"MLP (512, 256, 1024) lr=0.001 do=0.0 act=ReLU",0.9609151520408824,0.003115120746875366
meta_dino+bio,"MLP (512, 256, 1024) lr=0.001 do=0.4 act=ReLU",0.9609151520408824,0.003115120746875366
meta_dino+bio,"MLP (512, 128) lr=0.0001 do=0.2 act=GELU",0.9609151520408824,0.003115120746875366
meta_dino+bio,"MLP (512, 128) lr=0.0001 do=0.2 act=ReLU",0.9609151520408824,0.003115120746875366
meta_dino+bio,"MLP (128, 1024, 128) lr=0.001 do=0.4 act=GELU",0.9609151520408824,0.003115120746875366
meta_dino+bio,"MLP (512, 256, 128) lr=0.0001 do=0.2 act=ReLU",0.9609151520408824,0.003115120746875366
meta_dino+bio,"MLP (512, 256, 128) lr=0.0001 do=0.4 act=ReLU",0.9609151520408824,0.003115120746875366
meta_dino+bio,"MLP (512, 256, 128) lr=0.0001 do=0.4 act=GELU",0.9609151520408824,0.003115120746875366
meta_dino+bio,"MLP (1024, 512, 512) lr=0.001 do=0.4 act=ReLU",0.9609151520408824,0.003115120746875366
meta_dino+bio,"MLP (256, 1024, 128) lr=0.001 do=0.4 act=GELU",0.9609151520408824,0.003115120746875366
meta_dino+bio,"MLP (512, 128, 1024) lr=0.001 do=0.4 act=ReLU",0.9609151520408824,0.003115120746875366
meta_dino+bio,"MLP (512, 128, 512) lr=0.001 do=0.2 act=ReLU",0.9609151520408824,0.003115120746875366
meta_dino+bio,"MLP (256, 512) lr=0.0001 do=0.4 act=GELU",0.9609151520408824,0.003115120746875366
meta_dino+bio,"MLP (256, 1024) lr=0.0001 do=0.4 act=GELU",0.9609151520408824,0.003115120746875366
meta_dino+bio,"MLP (1024,) lr=0.0001 do=0.0 act=GELU",0.9609151520408824,0.003115120746875366
meta_dino+bio,"MLP (1024,) lr=0.0001 do=0.2 act=ReLU",0.9609151520408824,0.003115120746875366
meta_dino+bio,"MLP (1024,) lr=0.0001 do=0.4 act=ReLU",0.9609151520408824,0.003115120746875366
meta_dino+bio,"MLP (1024,) lr=0.0001 do=0.2 act=GELU",0.9609151520408824,0.003115120746875366
meta_dino+bio,"MLP (128, 128, 256) lr=0.001 do=0.2 act=GELU",0.9609151520408824,0.003115120746875366
meta_dino+bio,"MLP (128, 128, 128) lr=0.001 do=0.4 act=GELU",0.9609151520408824,0.003115120746875366
meta_dino+bio,"MLP (128, 128, 128) lr=0.001 do=0.0 act=GELU",0.9609151520408824,0.003115120746875366
meta_dino+bio,"MLP (128, 128, 128) lr=0.001 do=0.4 act=ReLU",0.9609151520408824,0.003115120746875366
meta_dino+bio,"MLP (128, 256) lr=0.0001 do=0.0 act=ReLU",0.9609151520408824,0.003115120746875366
meta_dino+bio,"MLP (128, 256) lr=0.0001 do=0.2 act=ReLU",0.9609151520408824,0.003115120746875366
meta_dino+bio,"MLP (1024,) lr=0.0001 do=0.0 act=ReLU",0.9609151520408824,0.003115120746875366
meta_dino+bio,"MLP (128, 256, 256) lr=0.001 do=0.2 act=GELU",0.9609151520408824,0.003115120746875366
meta_dino+bio,"MLP (128, 128, 1024) lr=0.001 do=0.2 act=ReLU",0.9609151520408824,0.003115120746875366
meta_dino+bio,"MLP (128, 256, 256) lr=0.0001 do=0.0 act=ReLU",0.9609151520408824,0.003115120746875366
meta_dino+bio,"MLP (128, 128, 256) lr=0.001 do=0.4 act=ReLU",0.9609151520408824,0.003115120746875366
meta_dino+bio,"MLP (128, 256, 128) lr=0.001 do=0.4 act=ReLU",0.9609151520408824,0.003115120746875366
meta_dino+bio,"MLP (1024, 256, 256) lr=0.001 do=0.4 act=GELU",0.9609151520408824,0.003115120746875366
meta_dino+bio,"MLP (1024, 128, 1024) lr=0.001 do=0.2 act=GELU",0.9609151520408824,0.003115120746875366
meta_dino+bio,"MLP (128, 128, 512) lr=0.0001 do=0.2 act=ReLU",0.9609151520408824,0.003115120746875366
meta_dino+bio,"MLP (128, 128, 512) lr=0.0001 do=0.4 act=ReLU",0.9609151520408824,0.003115120746875366
meta_dino+bio,"MLP (128, 128, 512) lr=0.0001 do=0.0 act=ReLU",0.9609151520408824,0.003115120746875366
meta_dino+bio,"MLP (128, 128, 512) lr=0.001 do=0.4 act=GELU",0.9609151520408824,0.003115120746875366
meta_dino+bio,"MLP (128, 128, 1024) lr=0.0001 do=0.4 act=ReLU",0.9609151520408824,0.003115120746875366
meta_dino+bio,"MLP (128, 128, 1024) lr=0.0001 do=0.0 act=GELU",0.9609151520408824,0.003115120746875366
meta_dino+bio,"MLP (128, 128, 1024) lr=0.0001 do=0.2 act=GELU",0.9609151520408824,0.003115120746875366
meta_dino+bio,"MLP (128, 128, 1024) lr=0.0001 do=0.2 act=ReLU",0.9609151520408824,0.003115120746875366
meta_dino+bio,"MLP (128, 256, 128) lr=0.001 do=0.0 act=ReLU",0.9609151520408824,0.003115120746875366
meta_dino+bio,"MLP (128, 128, 1024) lr=0.001 do=0.4 act=ReLU",0.9609151520408824,0.003115120746875366
meta_dino+bio,"MLP (128, 128, 1024) lr=0.0001 do=0.0 act=ReLU",0.9609151520408824,0.003115120746875366
meta_dino+bio,"MLP (128, 128, 1024) lr=0.001 do=0.2 act=GELU",0.9609151520408824,0.003115120746875366
meta_dino+bio,"MLP (512, 128, 128) lr=0.0001 do=0.4 act=ReLU",0.9609151520408824,0.003115120746875366
meta_dino+bio,"MLP (512,) lr=0.0001 do=0.2 act=ReLU",0.9609151520408824,0.003115120746875366
meta_dino+bio,"MLP (512,) lr=0.0001 do=0.4 act=ReLU",0.9609151520408824,0.003115120746875366
meta_dino+bio,"MLP (256, 256) lr=0.0001 do=0.4 act=ReLU",0.9609151520408824,0.003115120746875366
meta_dino+bio,"MLP (256, 512) lr=0.0001 do=0.2 act=GELU",0.9609151520408824,0.003115120746875366
meta_dino+bio,"MLP (512,) lr=0.0001 do=0.0 act=ReLU",0.9609151520408824,0.003115120746875366
meta_dino+bio,"MLP (1024,) lr=0.0001 do=0.4 act=GELU",0.9609151520408824,0.003115120746875366
meta_dino+bio,"MLP (512, 128, 256) lr=0.001 do=0.4 act=ReLU",0.9609151520408824,0.003115120746875366
meta_dino+bio,"MLP (1024, 1024, 512) lr=0.001 do=0.4 act=ReLU",0.9609151520408824,0.003115120746875366
meta_dino+bio,"MLP (1024, 1024, 128) lr=0.001 do=0.2 act=GELU",0.9608767988441695,0.00288973916935642
meta_dino+bio,"MLP (1024, 256, 1024) lr=0.001 do=0.2 act=GELU",0.9608767988441695,0.00288973916935642
meta_dino+bio,"MLP (128, 256, 128) lr=0.0001 do=0.0 act=ReLU",0.9608767988441695,0.00288973916935642
meta_dino+bio,"MLP (256, 128, 128) lr=0.0001 do=0.2 act=ReLU",0.9608767988441695,0.00288973916935642
meta_dino+bio,"MLP (1024, 512, 512) lr=0.001 do=0.4 act=GELU",0.9608767988441695,0.00288973916935642
meta_dino+bio,"MLP (256, 128, 128) lr=0.0001 do=0.0 act=ReLU",0.9608767988441695,0.00288973916935642
meta_dino+bio,"MLP (1024, 128, 512) lr=0.001 do=0.0 act=GELU",0.9608767988441695,0.00288973916935642
meta_dino+bio,"MLP (1024, 128, 1024) lr=0.001 do=0.0 act=GELU",0.9608767988441695,0.00288973916935642
meta_dino+bio,"MLP (128, 128, 256) lr=0.0001 do=0.2 act=ReLU",0.9608767988441695,0.00288973916935642
meta_dino+bio,"MLP (128, 256, 128) lr=0.0001 do=0.0 act=GELU",0.9608547071244247,0.002911830889101241
meta_dino+bio,"MLP (128, 256, 128) lr=0.0001 do=0.2 act=GELU",0.9608547071244247,0.002911830889101241
meta_dino+bio,"MLP (128, 512, 128) lr=0.0001 do=0.4 act=GELU",0.9608547071244247,0.002911830889101241
meta_dino+bio,"MLP (128, 512, 128) lr=0.0001 do=0.2 act=GELU",0.9608547071244247,0.002911830889101241
meta_dino+bio,"MLP (128, 256, 128) lr=0.0001 do=0.4 act=GELU",0.9608547071244247,0.002911830889101241
meta_dino+bio,"MLP (1024, 512, 512) lr=0.001 do=0.0 act=GELU",0.9608486184414147,0.003048587147407633
meta_dino+bio,"MLP (1024, 256, 512) lr=0.001 do=0.2 act=GELU",0.9608486184414147,0.003048587147407633
meta_dino+bio,"MLP (512, 1024, 256) lr=0.001 do=0.2 act=GELU",0.9608486184414147,0.003048587147407633
meta_dino+bio,"MLP (256,) lr=0.0001 do=0.4 act=ReLU",0.960788173524957,0.0029783644885689187
meta_dino+bio,"MLP (256,) lr=0.0001 do=0.2 act=ReLU",0.960788173524957,0.0029783644885689187
meta_dino+bio,"MLP (256,) lr=0.0001 do=0.0 act=ReLU",0.960788173524957,0.0029783644885689187
concat_pca208,XGB n=300 d=3 lr=0.1,0.9594680800349225,0.021390450036969988
concat_pca208,XGB n=300 d=5 lr=0.1,0.9594680800349225,0.021390450036969988
concat_pca208,XGB n=300 d=3 lr=0.05,0.9594680800349225,0.021390450036969988
backbone_dinov2,"MLP (1024, 1024, 128) lr=0.001 do=0.0 act=GELU",0.9592470921571288,0.011906753996717312
concat_pca208,SVM rbf C=0.1 g=0.001,0.9592423029595611,0.021616227112331354
backbone_dinov2,"MLP (512, 256, 256) lr=0.001 do=0.4 act=ReLU",0.9592345212628373,0.016718836213492516
backbone_dinov2,"MLP (256, 512, 512) lr=0.001 do=0.2 act=ReLU",0.9592345212628373,0.016718836213492516
backbone_dinov2,"MLP (128, 512, 128) lr=0.0001 do=0.4 act=ReLU",0.9592219881451006,0.007110530725705222
backbone_dinov2,"MLP (128, 1024, 128) lr=0.001 do=0.0 act=ReLU",0.9592203252310874,0.011933520922758845
concat_raw,XGB n=100 d=5 lr=0.05,0.9592163219163435,0.012070116217872129
concat_raw,XGB n=300 d=3 lr=0.05,0.9592163219163435,0.012070116217872129
concat_raw,XGB n=100 d=3 lr=0.05,0.9592163219163435,0.012070116217872129
concat_raw,XGB n=300 d=5 lr=0.05,0.9592163219163435,0.012070116217872129
backbone_dinov2,"MLP (256, 512, 512) lr=0.001 do=0.2 act=GELU",0.9592144692776159,0.011939376876230201
backbone_dinov2,"MLP (256, 512, 512) lr=0.001 do=0.4 act=ReLU",0.9592144692776159,0.011939376876230201
backbone_dinov2,"MLP (128, 512, 512) lr=0.001 do=0.4 act=GELU",0.9592018983833244,0.016751459093005294
concat_raw,"MLP (256, 128, 256) lr=0.001 do=0.0 act=ReLU",0.9591967218023785,0.007185056950657298
concat_raw,SVM rbf C=10.0 g=scale,0.9591967218023785,0.007185056950657298
backbone_dinov2,"MLP (128, 256, 512) lr=0.0001 do=0.4 act=GELU",0.9591913091243722,0.002281592973529978
backbone_dinov2,"MLP (512, 256, 1024) lr=0.001 do=0.0 act=GELU",0.9591901638827482,0.011963682271097897
backbone_dinov2,"MLP (1024, 1024, 1024) lr=0.001 do=0.4 act=GELU",0.9591880762310203,0.01676528124530946
concat_raw,"MLP (128, 128, 256) lr=0.0001 do=0.2 act=GELU",0.9591716182670977,0.007319275082917354
concat_raw,"MLP (512, 128, 128) lr=0.0001 do=0.4 act=GELU",0.9591716182670977,0.007319275082917354
backbone_dinov2,"MLP (1024, 128, 256) lr=0.001 do=0.4 act=GELU",0.95916505987072,0.007167459000085807
backbone_dinov2,"MLP (128, 1024, 1024) lr=0.001 do=0.0 act=ReLU",0.9591590794833038,0.011818741322892234
backbone_dinov2,"MLP (1024, 512, 1024) lr=0.001 do=0.0 act=GELU",0.9591575410032354,0.011996305150610787
backbone_dinov2,"MLP (1024, 128, 128) lr=0.001 do=0.0 act=GELU",0.9591575410032354,0.011996305150610787
backbone_dinov2,"MLP (512, 256, 128) lr=0.001 do=0.2 act=ReLU",0.9591575410032354,0.011996305150610787
backbone_dinov2,"MLP (256, 1024, 256) lr=0.001 do=0.2 act=GELU",0.9591575410032354,0.011996305150610787
backbone_dinov2,"MLP (1024, 1024, 256) lr=0.001 do=0.4 act=GELU",0.9591575410032354,0.011996305150610787
backbone_dinov2,"MLP (1024, 128, 512) lr=0.001 do=0.0 act=GELU",0.9591575410032354,0.011996305150610787
backbone_dinov2,"MLP (128, 512, 256) lr=0.001 do=0.2 act=ReLU",0.9591565690821009,0.011821251724095039
concat_raw,"MLP (512, 1024, 1024) lr=0.0001 do=0.0 act=ReLU",0.959155854062631,0.007225924690404784
backbone_dinov2,"MLP (512, 1024, 128) lr=0.001 do=0.0 act=GELU",0.9591548413591712,0.011977151647821871
concat_raw,"MLP (128, 128, 512) lr=0.001 do=0.0 act=GELU",0.9591498406888878,0.0072319380641480135
concat_raw,"MLP (256, 512, 256) lr=0.0001 do=0.2 act=ReLU",0.9591401785575244,0.002316820851847312
backbone_dinov2,"MLP (256, 256, 256) lr=0.001 do=0.4 act=GELU",0.9591356878563823,0.011974452003757685
backbone_dinov2,"MLP (512, 256, 1024) lr=0.001 do=0.2 act=GELU",0.9591356878563823,0.011974452003757685
backbone_dinov2,"MLP (128, 128, 256) lr=0.0001 do=0.4 act=ReLU",0.9591356878563823,0.011974452003757685
concat_raw,"MLP (128, 128, 1024) lr=0.001 do=0.4 act=ReLU",0.9591346550884725,0.007356238261542469
concat_raw,"MLP (128, 512, 512) lr=0.0001 do=0.4 act=GELU",0.9591346550884725,0.007356238261542469
concat_raw,"MLP (128, 256, 512) lr=0.0001 do=0.4 act=GELU",0.9591346550884725,0.007356238261542469
concat_raw,"MLP (512, 128, 512) lr=0.0001 do=0.2 act=ReLU",0.9591346550884725,0.007356238261542469
concat_raw,"MLP (512, 256, 256) lr=0.0001 do=0.4 act=ReLU",0.9591346550884725,0.007356238261542469
concat_raw,"MLP (512, 128, 256) lr=0.0001 do=0.2 act=GELU",0.959127136220988,0.0025273921110177122
concat_raw,"MLP (128, 256, 1024) lr=0.0001 do=0.4 act=GELU",0.959127136220988,0.0025273921110177122
backbone_dinov2,"MLP (1024, 512, 128) lr=0.001 do=0.4 act=GELU",0.9591264566037909,0.011851364202405124
backbone_dinov2,"MLP (512, 1024, 128) lr=0.0001 do=0.4 act=GELU",0.9591264566037909,0.011851364202405124
backbone_dinov2,"MLP (1024, 1024, 128) lr=0.0001 do=0.2 act=ReLU",0.9591258987551939,0.01682745872113578
backbone_dinov2,"MLP (512, 128, 128) lr=0.0001 do=0.4 act=GELU",0.9591220774939737,0.016831279982356007
backbone_dinov2,"MLP (128, 1024, 512) lr=0.001 do=0.0 act=ReLU",0.9591220774939737,0.016831279982356007
backbone_dinov2,"MLP (256, 256, 256) lr=0.001 do=0.2 act=ReLU",0.9591220774939737,0.016831279982356007
concat_raw,"MLP (256, 256, 128) lr=0.0001 do=0.0 act=ReLU",0.959120320490512,0.007261458262523779
concat_raw,"MLP (1024, 512, 512) lr=0.0001 do=0.0 act=GELU",0.9591129541076766,0.007268824645359162
concat_raw,"MLP (512, 256, 1024) lr=0.0001 do=0.0 act=GELU",0.9591129541076766,0.007268824645359162
concat_raw,"MLP (1024, 1024, 512) lr=0.0001 do=0.4 act=GELU",0.9591129541076766,0.007268824645359162
concat_raw,"MLP (1024, 1024, 512) lr=0.0001 do=0.0 act=GELU",0.9591129541076766,0.007268824645359162
concat_raw,"MLP (256, 128, 512) lr=0.001 do=0.0 act=ReLU",0.9591129541076766,0.007268824645359162
concat_pca208,RF n=100 max_f=sqrt,0.9591117606667722,0.0168884698099786
backbone_dinov2,"MLP (512, 1024, 256) lr=0.001 do=0.2 act=GELU",0.9591102402775261,0.007112639406891885
backbone_dinov2,"MLP (512, 1024, 128) lr=0.001 do=0.0 act=ReLU",0.9591078814622239,0.012045964691622224
concat_raw,"MLP (512, 1024) lr=0.0001 do=0.0 act=ReLU",0.9591039860125272,0.007277792740508493
concat_raw,"MLP (512, 512, 256) lr=0.001 do=0.4 act=ReLU",0.959103976067744,0.012185176013717824
backbone_dinov2,"MLP (128, 512, 1024) lr=0.001 do=0.2 act=GELU",0.9591021512089232,0.01187566959727282
backbone_dinov2,"MLP (512, 128, 1024) lr=0.001 do=0.4 act=ReLU",0.9591021512089232,0.01187566959727282
concat_raw,"MLP (512, 128, 128) lr=0.0001 do=0.4 act=ReLU",0.9591018567750447,0.00738903657497042
concat_pca208,RF n=300 max_f=sqrt,0.9591012382496723,0.012100326403544637
concat_raw,"MLP (1024, 512, 128) lr=0.001 do=0.4 act=ReLU",0.9590897938274661,0.002367205581905618
backbone_dinov2,"MLP (1024, 1024, 512) lr=0.001 do=0.0 act=ReLU",0.9590894546144608,0.01686390286186884
backbone_dinov2,"MLP (1024, 512, 512) lr=0.001 do=0.2 act=ReLU",0.9590894546144608,0.01686390286186884
concat_raw,"MLP (256, 256, 1024) lr=0.0001 do=0.2 act=ReLU",0.9590856915279364,0.012159963380841687
concat_raw,"MLP (512, 256, 128) lr=0.0001 do=0.4 act=GELU",0.9590844796832279,0.002372519726143829
concat_raw,"MLP (256, 1024, 128) lr=0.0001 do=0.4 act=GELU",0.9590844796832279,0.002372519726143829
concat_raw,"MLP (128, 128) lr=0.0001 do=0.4 act=GELU",0.9590844796832279,0.002372519726143829
concat_raw,"MLP (128, 256) lr=0.0001 do=0.0 act=ReLU",0.9590844796832279,0.002372519726143829
concat_raw,"MLP (128, 256) lr=0.001 do=0.4 act=ReLU",0.9590844796832279,0.002372519726143829
concat_raw,"MLP (256, 1024, 512) lr=0.001 do=0.2 act=ReLU",0.9590844796832279,0.002372519726143829
concat_raw,"MLP (256, 1024) lr=0.001 do=0.2 act=ReLU",0.9590822274814021,0.012163427427375972
concat_raw,"MLP (128, 1024, 128) lr=0.0001 do=0.4 act=GELU",0.9590800977899829,0.007301680963052837
concat_raw,"MLP (128, 1024, 512) lr=0.0001 do=0.0 act=GELU",0.9590800977899829,0.007301680963052837
concat_raw,"MLP (256, 128, 1024) lr=0.0001 do=0.4 act=GELU",0.9590800977899829,0.007301680963052837
concat_raw,"MLP (256, 128, 256) lr=0.001 do=0.2 act=GELU",0.9590800977899829,0.007301680963052837
concat_raw,"MLP (256, 128, 256) lr=0.001 do=0.0 act=GELU",0.9590800977899829,0.007301680963052837
concat_raw,"MLP (1024, 512, 1024) lr=0.0001 do=0.4 act=GELU",0.9590800977899829,0.007301680963052837
concat_raw,"MLP (512, 512, 512) lr=0.0001 do=0.0 act=GELU",0.9590800977899829,0.007301680963052837
concat_raw,"MLP (256, 256, 512) lr=0.001 do=0.2 act=GELU",0.9590800977899829,0.007301680963052837
concat_raw,"MLP (128, 128, 512) lr=0.001 do=0.2 act=GELU",0.9590800977899829,0.007301680963052837
concat_raw,"MLP (256, 1024, 256) lr=0.001 do=0.4 act=ReLU",0.9590800977899829,0.007301680963052837
concat_raw,"MLP (128, 512, 128) lr=0.0001 do=0.2 act=ReLU",0.9590800977899829,0.007301680963052837
concat_raw,"MLP (128, 512, 128) lr=0.0001 do=0.0 act=ReLU",0.9590800977899829,0.007301680963052837
concat_raw,"MLP (128, 128) lr=0.0001 do=0.4 act=ReLU",0.9590800977899829,0.007301680963052837
concat_raw,"MLP (128, 128) lr=0.001 do=0.2 act=GELU",0.9590800977899829,0.007301680963052837
concat_raw,"MLP (128, 128) lr=0.001 do=0.4 act=ReLU",0.9590800977899829,0.007301680963052837
concat_raw,"MLP (1024, 256, 1024) lr=0.0001 do=0.4 act=GELU",0.9590800977899829,0.007301680963052837
concat_raw,"MLP (512, 1024) lr=0.001 do=0.0 act=ReLU",0.9590800977899829,0.007301680963052837
concat_raw,"MLP (1024, 512, 256) lr=0.0001 do=0.2 act=GELU",0.9590800977899829,0.007301680963052837
concat_raw,"MLP (256, 128, 128) lr=0.001 do=0.4 act=ReLU",0.9590800977899829,0.007301680963052837
concat_raw,"MLP (1024, 1024, 256) lr=0.001 do=0.0 act=GELU",0.9590800977899829,0.007301680963052837
concat_raw,"MLP (512, 1024, 512) lr=0.001 do=0.4 act=ReLU",0.9590800977899829,0.007301680963052837
concat_raw,"MLP (512, 512, 512) lr=0.0001 do=0.2 act=GELU",0.9590800977899829,0.007301680963052837
concat_raw,"MLP (512, 512, 1024) lr=0.0001 do=0.2 act=ReLU",0.9590800977899829,0.007301680963052837
concat_raw,"MLP (512, 512, 128) lr=0.0001 do=0.2 act=ReLU",0.9590800977899829,0.007301680963052837
concat_raw,"MLP (128, 256) lr=0.0001 do=0.0 act=GELU",0.9590800977899829,0.007301680963052837
concat_raw,"MLP (128, 256, 1024) lr=0.001 do=0.4 act=ReLU",0.9590800977899829,0.007301680963052837
concat_raw,"MLP (512, 128, 128) lr=0.001 do=0.0 act=ReLU",0.9590800977899829,0.007301680963052837
concat_raw,"MLP (512, 256, 512) lr=0.0001 do=0.4 act=ReLU",0.9590800977899829,0.007301680963052837
concat_raw,"MLP (512, 512, 128) lr=0.001 do=0.0 act=ReLU",0.9590800977899829,0.007301680963052837
concat_raw,"MLP (256, 512, 256) lr=0.0001 do=0.2 act=GELU",0.9590800977899829,0.007301680963052837
concat_raw,"MLP (256, 1024, 256) lr=0.0001 do=0.0 act=ReLU",0.9590800977899829,0.007301680963052837
concat_raw,"MLP (256, 512, 128) lr=0.001 do=0.0 act=GELU",0.9590800977899829,0.007301680963052837
concat_raw,"MLP (256, 256, 128) lr=0.001 do=0.2 act=ReLU",0.9590800977899829,0.007301680963052837
concat_raw,"MLP (128, 128, 128) lr=0.0001 do=0.2 act=ReLU",0.9590798354952788,0.007411057854736336
concat_raw,"MLP (256, 512) lr=0.0001 do=0.2 act=ReLU",0.9590723755437485,0.002384623865623159
concat_raw,"MLP (128, 1024) lr=0.001 do=0.2 act=GELU",0.9590695753728831,0.0025135375566189277
backbone_dinov2,"MLP (512, 128, 1024) lr=0.001 do=0.4 act=GELU",0.9590695283294103,0.011908292476785709
backbone_dinov2,"MLP (256, 128, 512) lr=0.0001 do=0.4 act=ReLU",0.9590695283294103,0.011908292476785709
backbone_dinov2,"MLP (128, 256, 256) lr=0.001 do=0.2 act=ReLU",0.9590695283294103,0.011908292476785709
backbone_dinov2,"MLP (256, 1024, 128) lr=0.001 do=0.2 act=ReLU",0.9590695283294103,0.011908292476785709
backbone_dinov2,"MLP (512, 512, 1024) lr=0.001 do=0.0 act=GELU",0.9590695283294103,0.011908292476785709
backbone_dinov2,"MLP (256, 512, 128) lr=0.001 do=0.4 act=ReLU",0.9590695283294103,0.011908292476785709
backbone_dinov2,"MLP (1024, 128, 512) lr=0.001 do=0.4 act=GELU",0.9590695283294103,0.011908292476785709
concat_raw,"MLP (256, 128, 512) lr=0.0001 do=0.0 act=ReLU",0.9590679406806129,0.002389058728758775
concat_raw,"MLP (256, 512, 128) lr=0.001 do=0.4 act=ReLU",0.9590679406806129,0.002389058728758775
concat_raw,"MLP (256, 512, 256) lr=0.0001 do=0.0 act=ReLU",0.9590631182727798,0.0073186604802559785
concat_raw,"MLP (1024, 1024, 512) lr=0.0001 do=0.0 act=ReLU",0.9590631182727798,0.0073186604802559785
backbone_dinov2,"MLP (128, 1024, 512) lr=0.001 do=0.4 act=ReLU",0.9590560162312618,0.0069445588118664525
backbone_dinov2,"MLP (128, 1024, 256) lr=0.001 do=0.2 act=ReLU",0.9590556829790365,0.007167196705381462
backbone_dinov2,"MLP (128, 256) lr=0.001 do=0.2 act=GELU",0.9590556829790365,0.007167196705381462
concat_raw,"MLP (1024, 128, 1024) lr=0.0001 do=0.4 act=ReLU",0.9590540777789391,0.01223507430252263
concat_raw,"MLP (1024, 512, 512) lr=0.001 do=0.4 act=GELU",0.9590524993512112,0.002602028980794535
concat_raw,"MLP (256, 256, 256) lr=0.001 do=0.4 act=GELU",0.9590493357254859,0.012196319183292281
concat_raw,"MLP (1024, 256, 128) lr=0.001 do=0.2 act=GELU",0.9590475745088685,0.0024094249005031654
concat_raw,"MLP (128, 512, 128) lr=0.001 do=0.4 act=GELU",0.959047299476555,0.007334479276480788
backbone_dinov2,"MLP (512, 1024, 1024) lr=0.001 do=0.2 act=GELU",0.9590467892894383,0.002426112808463776
concat_raw,"MLP (1024, 128, 256) lr=0.001 do=0.4 act=ReLU",0.9590426339011386,0.012123833847112464
concat_raw,"MLP (1024, 512, 512) lr=0.0001 do=0.0 act=ReLU",0.9590425639447323,0.0073392148083034625
concat_raw,"MLP (1024, 256, 256) lr=0.0001 do=0.0 act=ReLU",0.9590425639447323,0.0073392148083034625
concat_raw,"MLP (256, 128, 512) lr=0.0001 do=0.2 act=ReLU",0.9590403889250533,0.012205265983724845
concat_raw,"MLP (256, 128, 512) lr=0.0001 do=0.2 act=GELU",0.9590403889250533,0.012205265983724845
concat_raw,"MLP (1024, 512, 128) lr=0.001 do=0.2 act=GELU",0.9590403889250533,0.012205265983724845
concat_raw,"MLP (1024, 512) lr=0.001 do=0.4 act=ReLU",0.9590403889250533,0.012205265983724845
concat_raw,"MLP (128, 256, 512) lr=0.0001 do=0.2 act=GELU",0.9590403889250533,0.012205265983724845
concat_raw,"MLP (128, 256, 512) lr=0.0001 do=0.2 act=ReLU",0.9590403889250533,0.012205265983724845
concat_raw,"MLP (512, 512, 512) lr=0.0001 do=0.4 act=GELU",0.9590403889250533,0.012205265983724845
backbone_dinov2,RF n=500 max_f=log2,0.9590363476013004,0.016917009875029254
concat_raw,"MLP (512, 256, 512) lr=0.001 do=0.4 act=GELU",0.9590348912977008,0.017030807937237435
concat_raw,"MLP (128, 256, 256) lr=0.0001 do=0.2 act=GELU",0.9590323291925973,0.012213325716180778
concat_raw,"MLP (512, 256, 512) lr=0.001 do=0.2 act=ReLU",0.9590323291925973,0.012213325716180778
concat_raw,"MLP (128, 512, 256) lr=0.0001 do=0.2 act=GELU",0.9590323291925973,0.012213325716180778
concat_raw,"MLP (128, 128, 128) lr=0.0001 do=0.2 act=GELU",0.9590323291925973,0.012213325716180778
concat_raw,"MLP (1024, 512, 128) lr=0.0001 do=0.2 act=ReLU",0.9590323291925973,0.012213325716180778
concat_raw,"MLP (128, 1024) lr=0.0001 do=0.4 act=ReLU",0.9590323291925973,0.012213325716180778
concat_raw,"MLP (256, 1024, 512) lr=0.001 do=0.4 act=ReLU",0.9590296600900339,0.0024273393193377513
concat_raw,"MLP (1024, 128, 128) lr=0.0001 do=0.2 act=ReLU",0.959028371759671,0.0024286276497006987
concat_raw,"MLP (1024, 128, 128) lr=0.0001 do=0.4 act=ReLU",0.959028371759671,0.0024286276497006987
concat_raw,"MLP (1024, 128, 1024) lr=0.001 do=0.4 act=ReLU",0.959028371759671,0.0024286276497006987
concat_raw,"MLP (128, 512, 128) lr=0.001 do=0.0 act=GELU",0.959028371759671,0.0024286276497006987
concat_raw,"MLP (256, 512, 512) lr=0.001 do=0.0 act=ReLU",0.959028371759671,0.0024286276497006987
concat_raw,"MLP (256, 512, 128) lr=0.001 do=0.2 act=ReLU",0.959028371759671,0.0024286276497006987
concat_raw,"MLP (128, 1024, 1024) lr=0.001 do=0.0 act=ReLU",0.959028371759671,0.0024286276497006987
concat_raw,"MLP (256, 512, 128) lr=0.0001 do=0.4 act=GELU",0.959028371759671,0.0024286276497006987
concat_raw,"MLP (256, 512, 128) lr=0.0001 do=0.4 act=ReLU",0.959028371759671,0.0024286276497006987
concat_raw,"MLP (1024, 512) lr=0.001 do=0.2 act=GELU",0.9590252781967891,0.007356500556246703
concat_raw,"MLP (256, 1024, 1024) lr=0.001 do=0.4 act=ReLU",0.9590252781967891,0.007356500556246703
backbone_dinov2,"MLP (1024, 512, 512) lr=0.001 do=0.0 act=ReLU",0.9590198687883988,0.011957952017797147
concat_raw,"MLP (512, 128, 1024) lr=0.001 do=0.2 act=GELU",0.9590191144887021,0.007362664264333574
backbone_dinov2,"MLP (256, 512, 1024) lr=0.001 do=0.2 act=GELU",0.9590181668777742,0.011959653928421743
concat_raw,"MLP (256, 1024, 128) lr=0.001 do=0.4 act=GELU",0.9590178216781502,0.00736395707488563
concat_raw,"MLP (256, 512, 256) lr=0.001 do=0.4 act=GELU",0.9590147181911749,0.0024422812181967846
concat_raw,"MLP (256, 256, 1024) lr=0.001 do=0.4 act=ReLU",0.9590147181911749,0.0024422812181967846
concat_raw,"MLP (1024, 512, 512) lr=0.001 do=0.0 act=ReLU",0.9590147181911749,0.0024422812181967846
backbone_dinov2,"MLP (1024, 512) lr=0.001 do=0.2 act=GELU",0.9590133929731918,0.002261030543794562
backbone_dinov2,"MLP (512, 1024, 512) lr=0.001 do=0.4 act=GELU",0.9590128612391562,0.006987713803972062
concat_raw,"MLP (512, 256, 256) lr=0.001 do=0.2 act=ReLU",0.9590110547562463,0.007370723996789508
concat_raw,"MLP (256, 1024) lr=0.0001 do=0.4 act=GELU",0.9590110547562463,0.007370723996789508
concat_raw,"MLP (1024, 1024, 128) lr=0.001 do=0.2 act=GELU",0.9590100526157586,0.007231635788828461
concat_raw,"MLP (512, 1024, 256) lr=0.0001 do=0.4 act=ReLU",0.9590065186128178,0.0024504807965538
concat_raw,"MLP (512, 1024, 1024) lr=0.0001 do=0.0 act=GELU",0.9590065186128178,0.0024504807965538
concat_raw,"MLP (512, 256, 256) lr=0.001 do=0.0 act=ReLU",0.9590065186128178,0.0024504807965538
concat_raw,"MLP (128, 512) lr=0.001 do=0.2 act=ReLU",0.9590065186128178,0.0024504807965538
concat_raw,"MLP (128, 128, 512) lr=0.001 do=0.2 act=ReLU",0.9590065186128178,0.0024504807965538
concat_raw,"MLP (512, 512, 128) lr=0.0001 do=0.4 act=GELU",0.9590065186128178,0.0024504807965538
concat_raw,"MLP (512, 128, 256) lr=0.001 do=0.0 act=ReLU",0.9590065186128178,0.0024504807965538
concat_raw,"MLP (128, 128) lr=0.001 do=0.4 act=GELU",0.9590065186128178,0.0024504807965538
concat_raw,"MLP (1024,) lr=0.0001 do=0.2 act=ReLU",0.9590065186128178,0.0024504807965538
concat_raw,"MLP (1024,) lr=0.0001 do=0.4 act=ReLU",0.9590065186128178,0.0024504807965538
concat_raw,"MLP (1024, 1024, 256) lr=0.001 do=0.2 act=ReLU",0.9590065186128178,0.0024504807965538
concat_raw,"MLP (1024,) lr=0.0001 do=0.4 act=GELU",0.9590065186128178,0.0024504807965538
concat_raw,"MLP (1024,) lr=0.0001 do=0.2 act=GELU",0.9590065186128178,0.0024504807965538
concat_raw,"MLP (256, 512, 512) lr=0.001 do=0.4 act=GELU",0.9590065186128178,0.0024504807965538
concat_raw,"MLP (256, 256, 512) lr=0.001 do=0.0 act=GELU",0.9590065186128178,0.0024504807965538
concat_raw,"MLP (128, 512, 1024) lr=0.001 do=0.4 act=GELU",0.9590065186128178,0.0024504807965538
concat_raw,"MLP (128, 1024, 256) lr=0.0001 do=0.4 act=ReLU",0.9590065186128178,0.0024504807965538
concat_raw,"MLP (128, 1024, 256) lr=0.0001 do=0.0 act=ReLU",0.9590065186128178,0.0024504807965538
concat_raw,"MLP (256, 512) lr=0.0001 do=0.4 act=ReLU",0.9590065186128178,0.0024504807965538
concat_raw,"MLP (1024, 128, 512) lr=0.0001 do=0.2 act=GELU",0.9590065186128178,0.0024504807965538
concat_raw,"MLP (512, 1024, 1024) lr=0.0001 do=0.4 act=GELU",0.9590065186128178,0.0024504807965538
concat_raw,"MLP (1024, 1024, 128) lr=0.0001 do=0.2 act=ReLU",0.9590065186128178,0.0024504807965538
concat_raw,"MLP (1024, 1024, 128) lr=0.0001 do=0.4 act=GELU",0.9590065186128178,0.0024504807965538
concat_raw,"MLP (1024, 1024, 128) lr=0.0001 do=0.2 act=GELU",0.9590065186128178,0.0024504807965538
concat_raw,"MLP (128, 512) lr=0.0001 do=0.2 act=ReLU",0.9590065186128178,0.0024504807965538
concat_raw,"MLP (128, 256) lr=0.001 do=0.4 act=GELU",0.9590065186128178,0.0024504807965538
backbone_dinov2,"MLP (512, 1024, 512) lr=0.001 do=0.2 act=ReLU",0.9590048404523811,0.011972980353814888
concat_raw,"MLP (256, 512, 256) lr=0.001 do=0.2 act=GELU",0.9590041957740749,0.0023458621882370134
concat_raw,"MLP (1024, 512, 128) lr=0.0001 do=0.0 act=ReLU",0.9590016962049848,0.007380082548051059
concat_raw,"MLP (256, 512, 256) lr=0.001 do=0.0 act=ReLU",0.9590007953447898,0.012165672403461336
concat_raw,"MLP (128, 512, 1024) lr=0.001 do=0.0 act=GELU",0.9589991074491837,0.007242580955403255
concat_raw,"MLP (1024, 128, 128) lr=0.0001 do=0.0 act=ReLU",0.9589972613418491,0.007384517411186675
concat_raw,"MLP (1024, 128, 512) lr=0.0001 do=0.0 act=ReLU",0.9589972613418491,0.007384517411186675
concat_raw,"MLP (256, 128, 512) lr=0.0001 do=0.0 act=GELU",0.9589972613418491,0.007384517411186675
concat_raw,"MLP (1024, 256) lr=0.0001 do=0.2 act=GELU",0.9589972613418491,0.007384517411186675
concat_raw,"MLP (1024, 512) lr=0.001 do=0.0 act=ReLU",0.9589972613418491,0.007384517411186675
concat_raw,"MLP (1024, 128) lr=0.0001 do=0.0 act=ReLU",0.9589972613418491,0.007384517411186675
concat_raw,"MLP (512, 512, 512) lr=0.0001 do=0.0 act=ReLU",0.9589972613418491,0.007384517411186675
concat_raw,"MLP (512, 1024) lr=0.0001 do=0.0 act=GELU",0.9589972613418491,0.007384517411186675
concat_raw,"MLP (128, 256, 512) lr=0.0001 do=0.0 act=ReLU",0.9589972613418491,0.007384517411186675
concat_raw,"MLP (256,) lr=0.0001 do=0.0 act=GELU",0.9589972613418491,0.007384517411186675
concat_raw,"MLP (256, 256, 128) lr=0.0001 do=0.0 act=GELU",0.9589972613418491,0.007384517411186675
concat_raw,"MLP (512, 256, 256) lr=0.0001 do=0.0 act=ReLU",0.9589972613418491,0.007384517411186675
concat_raw,"MLP (512, 128, 1024) lr=0.0001 do=0.0 act=GELU",0.9589972613418491,0.007384517411186675
concat_raw,"MLP (128, 256, 512) lr=0.0001 do=0.0 act=GELU",0.9589972613418491,0.007384517411186675
concat_raw,"MLP (1024, 1024, 512) lr=0.0001 do=0.2 act=ReLU",0.9589972613418491,0.007384517411186675
concat_raw,"MLP (256,) lr=0.0001 do=0.4 act=GELU",0.9589972613418491,0.007384517411186675
concat_raw,"MLP (256,) lr=0.0001 do=0.2 act=GELU",0.9589972613418491,0.007384517411186675
concat_raw,"MLP (128, 256, 128) lr=0.001 do=0.4 act=ReLU",0.9589911156080764,0.0073361917780959685
concat_raw,"MLP (1024, 512, 256) lr=0.0001 do=0.0 act=GELU",0.9589892016093932,0.007392577143642609
concat_raw,"MLP (128, 512, 256) lr=0.0001 do=0.0 act=GELU",0.9589892016093932,0.007392577143642609
concat_raw,"MLP (128, 512, 256) lr=0.0001 do=0.4 act=GELU",0.9589892016093932,0.007392577143642609
concat_raw,"MLP (512, 256, 512) lr=0.001 do=0.0 act=ReLU",0.9589892016093932,0.007392577143642609
concat_raw,"MLP (128, 512, 256) lr=0.0001 do=0.0 act=ReLU",0.9589892016093932,0.007392577143642609
concat_raw,"MLP (256, 256, 1024) lr=0.0001 do=0.0 act=GELU",0.9589892016093932,0.007392577143642609
concat_raw,"MLP (128, 512, 128) lr=0.0001 do=0.0 act=GELU",0.9589892016093932,0.007392577143642609
concat_raw,"MLP (1024, 512, 256) lr=0.0001 do=0.0 act=ReLU",0.9589892016093932,0.007392577143642609
concat_raw,"MLP (256, 512) lr=0.0001 do=0.2 act=GELU",0.9589892016093932,0.007392577143642609
concat_raw,"MLP (128, 128, 128) lr=0.001 do=0.0 act=GELU",0.9589892016093932,0.007392577143642609
concat_raw,"MLP (512, 128, 256) lr=0.0001 do=0.0 act=ReLU",0.9589892016093932,0.007392577143642609
concat_raw,"MLP (1024, 512, 1024) lr=0.0001 do=0.2 act=GELU",0.9589892016093932,0.007392577143642609
concat_raw,"MLP (128, 256, 256) lr=0.0001 do=0.0 act=ReLU",0.9589892016093932,0.007392577143642609
concat_raw,"MLP (128, 256, 256) lr=0.0001 do=0.0 act=GELU",0.9589892016093932,0.007392577143642609
concat_raw,"MLP (512, 256, 256) lr=0.0001 do=0.4 act=GELU",0.9589892016093932,0.007392577143642609
concat_raw,"MLP (512, 256, 256) lr=0.0001 do=0.0 act=GELU",0.9589892016093932,0.007392577143642609
concat_raw,"MLP (1024, 1024, 1024) lr=0.0001 do=0.0 act=ReLU",0.9589892016093932,0.007392577143642609
concat_raw,"MLP (1024, 512, 1024) lr=0.0001 do=0.0 act=GELU",0.9589892016093932,0.007392577143642609
concat_raw,"MLP (1024, 512, 512) lr=0.0001 do=0.2 act=ReLU",0.9589892016093932,0.007392577143642609
concat_raw,"MLP (128, 1024) lr=0.0001 do=0.0 act=ReLU",0.9589892016093932,0.007392577143642609
concat_raw,"MLP (512, 256, 512) lr=0.0001 do=0.0 act=GELU",0.9589892016093932,0.007392577143642609
concat_raw,"MLP (512, 512, 1024) lr=0.0001 do=0.0 act=ReLU",0.9589892016093932,0.007392577143642609
concat_raw,"MLP (512, 1024, 256) lr=0.0001 do=0.2 act=GELU",0.9589892016093932,0.007392577143642609
concat_raw,"MLP (512, 1024, 128) lr=0.0001 do=0.0 act=ReLU",0.9589892016093932,0.007392577143642609
concat_raw,"MLP (1024, 128, 1024) lr=0.0001 do=0.0 act=GELU",0.9589892016093932,0.007392577143642609
concat_raw,"MLP (1024, 256, 128) lr=0.0001 do=0.0 act=ReLU",0.9589892016093932,0.007392577143642609
concat_raw,"MLP (512, 1024, 128) lr=0.0001 do=0.2 act=GELU",0.9589892016093932,0.007392577143642609
concat_raw,"MLP (1024, 512, 128) lr=0.0001 do=0.0 act=GELU",0.9589892016093932,0.007392577143642609
concat_raw,"MLP (128, 128, 256) lr=0.001 do=0.0 act=ReLU",0.9589892016093932,0.007392577143642609
concat_raw,"MLP (1024, 1024, 128) lr=0.0001 do=0.0 act=ReLU",0.9589892016093932,0.007392577143642609
concat_raw,"MLP (512, 1024, 128) lr=0.001 do=0.0 act=ReLU",0.9589892016093932,0.007392577143642609
concat_raw,"MLP (512, 1024, 256) lr=0.0001 do=0.0 act=ReLU",0.9589892016093932,0.007392577143642609
concat_raw,"MLP (1024, 512, 128) lr=0.0001 do=0.2 act=GELU",0.9589892016093932,0.007392577143642609
concat_raw,"MLP (256, 512) lr=0.0001 do=0.4 act=GELU",0.9589892016093932,0.007392577143642609
concat_raw,"MLP (256, 512) lr=0.001 do=0.0 act=ReLU",0.9589892016093932,0.007392577143642609
concat_raw,"MLP (256, 512) lr=0.001 do=0.0 act=GELU",0.9589892016093932,0.007392577143642609
concat_raw,"MLP (128, 1024) lr=0.0001 do=0.0 act=GELU",0.9589892016093932,0.007392577143642609
concat_raw,"MLP (512, 512) lr=0.0001 do=0.0 act=ReLU",0.9589892016093932,0.007392577143642609
concat_raw,"MLP (512, 512) lr=0.0001 do=0.2 act=ReLU",0.9589892016093932,0.007392577143642609
concat_raw,"MLP (1024, 128, 256) lr=0.0001 do=0.0 act=ReLU",0.9589892016093932,0.007392577143642609
concat_raw,"MLP (512, 512, 256) lr=0.0001 do=0.0 act=ReLU",0.9589892016093932,0.007392577143642609
concat_raw,"MLP (256, 1024) lr=0.0001 do=0.2 act=GELU",0.9589892016093932,0.007392577143642609
concat_raw,"MLP (1024, 256, 128) lr=0.0001 do=0.0 act=GELU",0.9589892016093932,0.007392577143642609
concat_raw,"MLP (512, 128) lr=0.001 do=0.0 act=ReLU",0.9589892016093932,0.007392577143642609
concat_raw,"MLP (512, 128) lr=0.0001 do=0.2 act=ReLU",0.9589892016093932,0.007392577143642609
concat_raw,"MLP (512, 512, 128) lr=0.001 do=0.2 act=ReLU",0.9589892016093932,0.007392577143642609
concat_raw,"MLP (512, 128) lr=0.0001 do=0.0 act=ReLU",0.9589892016093932,0.007392577143642609
concat_raw,"MLP (1024, 512, 1024) lr=0.001 do=0.4 act=ReLU",0.9589806653522015,0.007466323733042846
backbone_dinov2,"MLP (256, 1024, 256) lr=0.001 do=0.4 act=GELU",0.9589802383596434,0.007020336683484896
concat_raw,"MLP (512, 512) lr=0.001 do=0.4 act=GELU",0.9589771608598423,0.00726452754474477
concat_raw,"MLP (128, 256) lr=0.001 do=0.2 act=GELU",0.9589751193029068,0.002263159345822774
concat_raw,"MLP (512, 128, 1024) lr=0.0001 do=0.4 act=ReLU",0.9589694772986235,0.007191060471693378
backbone_dinov2,"MLP (256, 128, 1024) lr=0.001 do=0.4 act=ReLU",0.9589662587435965,0.021802972025634137
backbone_dinov2,"MLP (512, 1024, 512) lr=0.001 do=0.0 act=ReLU",0.9589653114899093,0.012012509316286779
concat_raw,"MLP (1024, 256, 512) lr=0.001 do=0.2 act=GELU",0.9589599372989059,0.012206530449345221
concat_raw,"MLP (128, 1024, 1024) lr=0.001 do=0.2 act=GELU",0.9589589548815236,0.002402917065259469
backbone_dinov2,"MLP (512, 256, 128) lr=0.001 do=0.4 act=ReLU",0.9589477265052453,0.007052848537883072
concat_pca208,"MLP (1024, 1024, 256) lr=0.001 do=0.0 act=ReLU",0.9589346844477874,0.017095659456206058
backbone_dinov2,"MLP (1024, 1024, 1024) lr=0.001 do=0.0 act=GELU",0.9589336040849652,0.007045117811310064
concat_raw,"MLP (128, 1024, 1024) lr=0.001 do=0.0 act=GELU",0.9589320134097792,0.012013213355753005
concat_raw,"MLP (128, 256, 1024) lr=0.0001 do=0.2 act=ReLU",0.9589264225429841,0.0024728328894698115
concat_raw,"MLP (128, 512, 512) lr=0.001 do=0.4 act=GELU",0.9589264225429841,0.0024728328894698115
concat_raw,"MLP (512, 1024, 128) lr=0.001 do=0.2 act=ReLU",0.9589191564351688,0.007322531969418233
concat_raw,"MLP (128, 128, 512) lr=0.0001 do=0.2 act=ReLU",0.9589168239618566,0.0022048640047726553
concat_raw,"MLP (256, 256, 512) lr=0.001 do=0.4 act=GELU",0.958901823807913,0.0024482341543988206
concat_raw,"MLP (256, 512, 1024) lr=0.0001 do=0.4 act=GELU",0.9589002849592417,0.002221403007387601
concat_raw,"MLP (512, 256, 256) lr=0.001 do=0.4 act=GELU",0.9588971582324968,0.002341120416232745
backbone_dinov2,"MLP (128, 1024, 256) lr=0.001 do=0.2 act=GELU",0.9588931692067556,0.007107405836372704
concat_raw,"MLP (256, 256, 128) lr=0.0001 do=0.2 act=ReLU",0.9588866408504897,0.007273896919827216
concat_raw,"MLP (1024, 1024, 512) lr=0.001 do=0.0 act=ReLU",0.9588821151209743,0.012063111644557811
concat_pca208,"MLP (256, 128) lr=0.0001 do=0.0 act=GELU",0.958868477482169,0.007388052605450279
concat_raw,"MLP (1024, 128, 128) lr=0.001 do=0.4 act=ReLU",0.9588607160382998,0.002260971928329525
backbone_dinov2,"MLP (1024, 512) lr=0.001 do=0.4 act=ReLU",0.9588427837120352,0.007157791331093066
concat_raw,"MLP (256, 256, 1024) lr=0.001 do=0.2 act=GELU",0.9588423968943873,0.007063980067457287
concat_raw,"MLP (128, 128, 1024) lr=0.001 do=0.2 act=GELU",0.9588388628914467,0.0022828250751826262
concat_raw,"MLP (256, 1024, 256) lr=0.0001 do=0.2 act=ReLU",0.9588388628914467,0.0022828250751826262
concat_pca208,"MLP (128,) lr=0.0001 do=0.4 act=ReLU",0.9588321130885841,0.012331790327461234
concat_raw,"MLP (512, 512) lr=0.001 do=0.2 act=ReLU",0.9588314517278126,0.007074925234032081
concat_pca208,"MLP (1024, 1024, 128) lr=0.001 do=0.0 act=ReLU",0.9588090014339437,0.002187437867269104
backbone_dinov2,"MLP (512, 1024, 512) lr=0.001 do=0.2 act=GELU",0.9587790882404873,0.0021584117595127017
concat_pca208,"MLP (1024, 256, 1024) lr=0.001 do=0.4 act=GELU",0.9587433468028221,0.002253092498390674
concat_raw,"MLP (256, 1024, 512) lr=0.001 do=0.2 act=GELU",0.9587338641215956,0.0027557168248225627
concat_pca208,"MLP (512, 256, 256) lr=0.001 do=0.0 act=GELU",0.9587249652348933,0.007310323870007129
backbone_dinov2,"MLP (1024, 1024, 1024) lr=0.001 do=0.2 act=ReLU",0.9587191061468607,0.01723425132946893
concat_pca208,"MLP (1024, 256, 512) lr=0.001 do=0.4 act=ReLU",0.9587049982159226,0.012283722079016401
concat_raw,"MLP (1024, 128, 512) lr=0.001 do=0.2 act=ReLU",0.9587009723656792,0.0027228250689061984
concat_pca208,"MLP (256, 512, 1024) lr=0.001 do=0.2 act=GELU",0.9586933086681162,0.0023031306330965617
concat_raw,"MLP (1024, 128, 1024) lr=0.001 do=0.2 act=GELU",0.9586594370541262,0.002103399237862069
concat_pca208,"MLP (1024, 128, 512) lr=0.001 do=0.2 act=ReLU",0.9585816157585954,0.012363611006936837
concat_pca208,"MLP (512, 512, 1024) lr=0.001 do=0.0 act=GELU",0.9585602935200724,0.002707394888716075
concat_pca208,"MLP (512, 512, 256) lr=0.001 do=0.4 act=ReLU",0.9585602935200724,0.002707394888716075
concat_pca208,"MLP (1024, 512, 256) lr=0.001 do=0.2 act=ReLU",0.9585602935200724,0.002707394888716075
concat_pca208,"MLP (1024, 512, 128) lr=0.001 do=0.0 act=GELU",0.9585214152471826,0.0026685166158262885
concat_pca208,"MLP (1024, 1024, 1024) lr=0.001 do=0.2 act=ReLU",0.9584696663671983,0.02226361503927765
meta_dino+bio,"MLP (512, 1024, 256) lr=0.001 do=0.4 act=GELU",0.9578935454844101,9.351419040304343e-05
meta_dino+bio,"MLP (1024, 256, 1024) lr=0.001 do=0.4 act=GELU",0.9578935454844101,9.351419040304343e-05
meta_dino+bio,"MLP (1024, 256, 512) lr=0.001 do=0.4 act=GELU",0.9578935454844101,9.351419040304343e-05
meta_dino+bio,"MLP (1024, 512, 512) lr=0.001 do=0.2 act=GELU",0.9578935454844101,9.351419040304343e-05
concat_pca208,XGB n=300 d=5 lr=0.05,0.9570716646164454,0.01899403461849286
concat_pca208,XGB n=100 d=5 lr=0.1,0.9570710513687504,0.023787478703142073
concat_pca208,XGB n=100 d=3 lr=0.1,0.9570710513687504,0.023787478703142073
concat_raw,SVM rbf C=10.0 g=0.001,0.9570632452941663,0.004393754115205373
concat_pca208,XGB n=100 d=5 lr=0.05,0.9570336130318935,0.023824917039999064
concat_pca208,XGB n=100 d=3 lr=0.05,0.9570336130318935,0.023824917039999064
concat_raw,"MLP (256, 1024, 128) lr=0.0001 do=0.2 act=ReLU",0.9567777951241682,0.00467920428520352
concat_pca208,NB var_smooth=0.001,0.9567689307683245,0.004352757198304857
backbone_dinov2,"MLP (128, 512, 512) lr=0.001 do=0.4 act=ReLU",0.9567467529277703,0.014231067878425652
concat_raw,"MLP (1024, 1024, 256) lr=0.001 do=0.2 act=GELU",0.9567416842953467,0.009762778790899984
concat_raw,"MLP (1024, 1024, 512) lr=0.0001 do=0.2 act=GELU",0.9567241436130096,0.009657635140026155
concat_raw,"MLP (512, 256, 1024) lr=0.001 do=0.0 act=ReLU",0.9567241436130096,0.009657635140026155
backbone_dinov2,"MLP (512, 128, 128) lr=0.0001 do=0.4 act=ReLU",0.9567223218327319,0.01443152432111422
concat_raw,"MLP (128, 256) lr=0.0001 do=0.4 act=ReLU",0.9567164725794679,0.004938055752537807
concat_raw,"MLP (128, 256) lr=0.0001 do=0.4 act=GELU",0.9567164725794679,0.004938055752537807
concat_raw,"MLP (512, 128, 512) lr=0.0001 do=0.4 act=ReLU",0.9567164725794679,0.004938055752537807
concat_raw,"MLP (1024, 512, 1024) lr=0.001 do=0.0 act=ReLU",0.9567048467020206,0.009786046647994429
concat_raw,"MLP (128, 256) lr=0.0001 do=0.2 act=ReLU",0.9567048467020206,0.009786046647994429
backbone_dinov2,"MLP (128, 256, 512) lr=0.001 do=0.4 act=GELU",0.9567003078959534,0.014277512910242596
backbone_dinov2,"MLP (512, 512, 512) lr=0.001 do=0.4 act=GELU",0.9567003078959534,0.014277512910242596
backbone_dinov2,"MLP (256, 512, 1024) lr=0.001 do=0.4 act=ReLU",0.95669008720504,0.014420052655099935
concat_raw,"MLP (512, 1024) lr=0.0001 do=0.2 act=GELU",0.9566830691238107,0.009698709629225033
concat_raw,"MLP (1024, 128, 512) lr=0.001 do=0.4 act=GELU",0.9566828945696353,0.009764094515609056
concat_raw,"MLP (128, 512, 128) lr=0.001 do=0.2 act=GELU",0.9566803421287412,0.009701436624294568
concat_raw,"MLP (1024, 128) lr=0.001 do=0.4 act=ReLU",0.9566803421287412,0.009701436624294568
concat_raw,"MLP (256, 128, 1024) lr=0.001 do=0.0 act=ReLU",0.9566724175826977,0.004784581826674017
concat_raw,"MLP (256, 256, 1024) lr=0.0001 do=0.4 act=ReLU",0.9566549484132159,0.009835944936799235
concat_raw,"MLP (128, 512, 128) lr=0.0001 do=0.2 act=GELU",0.9566549484132159,0.009835944936799235
concat_raw,"MLP (256, 256, 512) lr=0.001 do=0.2 act=ReLU",0.9566546712967761,0.004802328112595677
backbone_dinov2,"MLP (128, 128, 1024) lr=0.0001 do=0.4 act=ReLU",0.9566447902136332,0.004828111884268849
backbone_dinov2,"MLP (1024, 1024, 256) lr=0.001 do=0.2 act=ReLU",0.9566436896757284,0.009356885367399925
concat_raw,SVM sigmoid C=10.0 g=scale,0.9566398328528469,0.014635749492383499
backbone_dinov2,"MLP (512, 512, 256) lr=0.001 do=0.2 act=ReLU",0.9566343091589069,0.014343511647289142
backbone_dinov2,"MLP (1024, 1024, 512) lr=0.001 do=0.2 act=GELU",0.9566343091589069,0.014343511647289142
concat_raw,"MLP (512, 128, 256) lr=0.001 do=0.4 act=ReLU",0.9566248691346207,0.014620785774157374
concat_raw,"MLP (128, 128, 512) lr=0.0001 do=0.2 act=GELU",0.9566177081181508,0.004839291291220793
concat_raw,"MLP (512, 1024, 256) lr=0.0001 do=0.4 act=GELU",0.9566177081181508,0.004839291291220793
concat_raw,"MLP (1024, 128) lr=0.0001 do=0.4 act=GELU",0.9566177081181508,0.004839291291220793
concat_raw,"MLP (128, 1024, 512) lr=0.001 do=0.0 act=ReLU",0.9566177081181508,0.004839291291220793
concat_raw,"MLP (512, 256) lr=0.001 do=0.4 act=GELU",0.9566177081181508,0.004839291291220793
concat_raw,"MLP (1024, 128, 128) lr=0.001 do=0.2 act=GELU",0.9566177081181508,0.004839291291220793
concat_raw,"MLP (1024, 128, 256) lr=0.0001 do=0.4 act=ReLU",0.9566177081181508,0.004839291291220793
concat_raw,"MLP (128, 256, 512) lr=0.001 do=0.2 act=ReLU",0.9566177081181508,0.004839291291220793
concat_raw,"MLP (256, 128, 128) lr=0.0001 do=0.2 act=GELU",0.9566177081181508,0.004839291291220793
concat_raw,"MLP (512, 128, 512) lr=0.001 do=0.2 act=GELU",0.9566177081181508,0.004839291291220793
concat_raw,"MLP (128, 256, 512) lr=0.0001 do=0.4 act=ReLU",0.9566177081181508,0.004839291291220793
concat_raw,"MLP (512, 128, 256) lr=0.0001 do=0.4 act=GELU",0.9566177081181508,0.004839291291220793
concat_raw,"MLP (256, 512, 128) lr=0.0001 do=0.2 act=GELU",0.9566177081181508,0.004839291291220793
concat_raw,"MLP (128, 1024, 128) lr=0.0001 do=0.2 act=GELU",0.9566177081181508,0.004839291291220793
concat_raw,"MLP (256, 256, 512) lr=0.001 do=0.4 act=ReLU",0.9566177081181508,0.004839291291220793
concat_raw,"MLP (1024, 1024, 1024) lr=0.0001 do=0.2 act=ReLU",0.9566177081181508,0.004839291291220793
concat_raw,"MLP (1024, 1024, 1024) lr=0.001 do=0.0 act=ReLU",0.9566150724085081,0.004623206240221556
backbone_dinov2,"MLP (1024, 128, 512) lr=0.001 do=0.4 act=ReLU",0.9566139999383703,0.014539846215475827
backbone_dinov2,"MLP (128, 512, 256) lr=0.001 do=0.4 act=ReLU",0.9566135283273893,0.009387046715738978
backbone_dinov2,"MLP (512, 512, 128) lr=0.001 do=0.2 act=GELU",0.9566135283273893,0.009387046715738978
concat_raw,"MLP (1024, 256) lr=0.001 do=0.4 act=GELU",0.9566084508471822,0.009773327905853668
concat_raw,"MLP (1024, 256) lr=0.001 do=0.2 act=GELU",0.9566084508471822,0.009773327905853668
concat_raw,"MLP (512, 512, 512) lr=0.0001 do=0.4 act=ReLU",0.9566084508471822,0.009773327905853668
concat_raw,"MLP (1024, 512, 512) lr=0.0001 do=0.2 act=GELU",0.9566084508471822,0.009773327905853668
concat_raw,"MLP (512, 512, 512) lr=0.0001 do=0.2 act=ReLU",0.9566084508471822,0.009773327905853668
concat_raw,"MLP (512, 128) lr=0.001 do=0.2 act=ReLU",0.9566025208061454,0.014643134102632738
backbone_dinov2,"MLP (1024, 1024, 512) lr=0.001 do=0.2 act=ReLU",0.956601686279394,0.014376134526801976
backbone_dinov2,"MLP (512, 512, 1024) lr=0.001 do=0.2 act=ReLU",0.956601686279394,0.014376134526801976
concat_raw,"MLP (512, 1024, 128) lr=0.001 do=0.4 act=ReLU",0.9566003911147262,0.009781387638309602
concat_raw,"MLP (256, 256, 1024) lr=0.0001 do=0.2 act=GELU",0.9566003911147262,0.009781387638309602
concat_raw,"MLP (128, 256, 256) lr=0.001 do=0.2 act=GELU",0.9566003911147262,0.009781387638309602
concat_raw,"MLP (512, 512, 128) lr=0.001 do=0.0 act=GELU",0.9566003911147262,0.009781387638309602
backbone_dinov2,"MLP (128, 512, 128) lr=0.001 do=0.2 act=GELU",0.9565878409290203,0.009635038755397785
backbone_dinov2,"MLP (1024, 512, 256) lr=0.001 do=0.4 act=ReLU",0.9565814548953206,0.0046929686216656274
concat_raw,"MLP (256, 1024) lr=0.0001 do=0.2 act=ReLU",0.9565801742729003,0.004876825136471419
concat_raw,"MLP (256, 1024, 512) lr=0.0001 do=0.4 act=ReLU",0.9565706706658198,0.00011708101230556434
concat_raw,"MLP (128, 1024, 512) lr=0.001 do=0.2 act=ReLU",0.9565701443868566,0.004791727559926462
concat_raw,"MLP (1024, 1024) lr=0.001 do=0.0 act=GELU",0.9565701443868566,0.004791727559926462
concat_raw,"MLP (1024, 128, 128) lr=0.001 do=0.4 act=GELU",0.9565662358026842,0.0001126461491699482
concat_raw,"MLP (1024, 256) lr=0.0001 do=0.4 act=GELU",0.9565567248168702,0.00490027459250153
concat_raw,"MLP (256, 512) lr=0.001 do=0.4 act=GELU",0.9565486650844142,0.004908334324957464
concat_raw,"MLP (256, 1024, 128) lr=0.0001 do=0.0 act=ReLU",0.9565393065331527,0.004917692876219015
concat_raw,"MLP (256, 1024, 1024) lr=0.001 do=0.0 act=GELU",0.9565373460734286,0.004824525873354413
concat_raw,"MLP (256, 512) lr=0.001 do=0.4 act=ReLU",0.9565350115159181,0.00492198789345355
concat_raw,"MLP (512, 128, 1024) lr=0.0001 do=0.2 act=GELU",0.956534871670017,0.0049221277393546314
concat_raw,"MLP (1024, 256, 128) lr=0.001 do=0.0 act=GELU",0.956534871670017,0.0049221277393546314
backbone_dinov2,"MLP (256, 256, 256) lr=0.001 do=0.2 act=GELU",0.956531245906865,0.009469329136263305
concat_raw,"MLP (256, 1024, 512) lr=0.001 do=0.4 act=GELU",0.9565279552121052,7.436555859097194e-05
concat_raw,"MLP (1024, 512) lr=0.0001 do=0.2 act=ReLU",0.9565268119375612,0.004930187471810565
concat_raw,"MLP (256, 512, 512) lr=0.0001 do=0.0 act=ReLU",0.9565268119375612,0.004930187471810565
concat_raw,"MLP (1024, 128, 1024) lr=0.0001 do=0.2 act=ReLU",0.9565268119375612,0.004930187471810565
concat_raw,"MLP (128, 128) lr=0.0001 do=0.0 act=ReLU",0.9565268119375612,0.004930187471810565
concat_raw,"MLP (512, 256, 256) lr=0.0001 do=0.2 act=GELU",0.9565268119375612,0.004930187471810565
concat_raw,"MLP (512, 512) lr=0.0001 do=0.2 act=GELU",0.9565268119375612,0.004930187471810565
concat_raw,"MLP (128, 1024, 256) lr=0.001 do=0.2 act=ReLU",0.9565268119375612,0.004930187471810565
concat_raw,"MLP (1024, 512, 256) lr=0.001 do=0.4 act=ReLU",0.9565266668817423,7.307722822802454e-05
concat_raw,"MLP (128, 1024, 512) lr=0.0001 do=0.4 act=ReLU",0.9565266668817423,7.307722822802454e-05
concat_raw,"MLP (128, 1024, 128) lr=0.001 do=0.4 act=ReLU",0.9565266668817423,7.307722822802454e-05
concat_raw,"MLP (1024, 256, 256) lr=0.0001 do=0.4 act=ReLU",0.9565266668817423,7.307722822802454e-05
concat_raw,"MLP (1024, 256, 512) lr=0.0001 do=0.4 act=GELU",0.9565266668817423,7.307722822802454e-05
concat_raw,"MLP (1024, 512, 256) lr=0.001 do=0.0 act=ReLU",0.9565266668817423,7.307722822802454e-05
backbone_dinov2,"MLP (512, 128, 128) lr=0.001 do=0.4 act=GELU",0.9565214092543072,0.0002744503477737359
concat_raw,"MLP (1024, 512) lr=0.0001 do=0.2 act=GELU",0.9565048137348892,5.122408137492318e-05
concat_raw,"MLP (128, 256, 256) lr=0.001 do=0.4 act=GELU",0.9565048137348892,5.122408137492318e-05
concat_raw,"MLP (1024, 256, 512) lr=0.0001 do=0.4 act=ReLU",0.9565048137348892,5.122408137492318e-05
concat_raw,"MLP (1024, 1024, 256) lr=0.001 do=0.0 act=ReLU",0.9565048137348892,5.122408137492318e-05
concat_raw,"MLP (1024, 256, 256) lr=0.0001 do=0.2 act=ReLU",0.9565048137348892,5.122408137492318e-05
concat_raw,"MLP (256, 512, 128) lr=0.0001 do=0.2 act=ReLU",0.9565048137348892,5.122408137492318e-05
concat_raw,"MLP (1024, 128, 512) lr=0.0001 do=0.2 act=ReLU",0.9565048137348892,5.122408137492318e-05
concat_raw,"MLP (512, 1024, 128) lr=0.001 do=0.0 act=GELU",0.9565048137348892,5.122408137492318e-05
concat_raw,"MLP (512, 512, 1024) lr=0.001 do=0.0 act=ReLU",0.9565048137348892,5.122408137492318e-05
concat_raw,"MLP (1024, 1024, 1024) lr=0.0001 do=0.2 act=GELU",0.9565048137348892,5.122408137492318e-05
concat_raw,"MLP (256, 512, 512) lr=0.001 do=0.0 act=GELU",0.9565048137348892,5.122408137492318e-05
concat_raw,"MLP (256, 1024, 1024) lr=0.001 do=0.0 act=ReLU",0.9565048137348892,5.122408137492318e-05
concat_raw,"MLP (512, 256, 1024) lr=0.001 do=0.2 act=GELU",0.9564829087144734,0.0046387792521559446
backbone_dinov2,"MLP (128, 128, 128) lr=0.0001 do=0.4 act=GELU",0.9564804571790271,0.009852061691778713
concat_pca208,KNN k=10 metric=euclidean,0.9564669187068345,0.014800114704569878
concat_raw,"MLP (512, 512, 256) lr=0.001 do=0.4 act=GELU",0.956461383126533,0.00013836098343739112
concat_raw,"MLP (256, 1024, 1024) lr=0.001 do=0.2 act=GELU",0.956461383126533,0.00013836098343739112
concat_raw,"MLP (1024, 512, 512) lr=0.001 do=0.4 act=ReLU",0.9564547756001833,1.185946669035598e-06
concat_raw,"MLP (512, 512, 128) lr=0.0001 do=0.4 act=ReLU",0.9564500523967797,0.004671635569849619
concat_raw,"MLP (512, 128, 512) lr=0.001 do=0.2 act=ReLU",0.9564500523967797,0.004671635569849619
concat_raw,"MLP (1024, 256, 1024) lr=0.001 do=0.0 act=GELU",0.9564500523967797,0.004671635569849619
backbone_dinov2,"MLP (512, 256) lr=0.001 do=0.2 act=GELU",0.9564129931368275,0.004524506863172462
concat_pca208,"MLP (1024, 1024, 256) lr=0.001 do=0.2 act=ReLU",0.9563898147815129,0.009925488355308765
concat_raw,"MLP (1024, 256) lr=0.001 do=0.4 act=ReLU",0.956381009363043,0.00474067860358629
concat_raw,"MLP (1024, 256, 1024) lr=0.001 do=0.0 act=ReLU",0.9563591562161899,0.004762531750439392
concat_raw,"MLP (256, 128, 256) lr=0.001 do=0.4 act=GELU",0.9563450536269285,0.0003669063301555142
backbone_dinov2,"MLP (512, 512, 512) lr=0.001 do=0.2 act=ReLU",0.9563352660967059,0.014642554709490052
concat_pca208,"MLP (256,) lr=0.0001 do=0.0 act=GELU",0.956331700271676,6.436637224654929e-05
concat_raw,"MLP (256, 128) lr=0.001 do=0.4 act=ReLU",0.9563285146243136,0.0003503673275405683
concat_raw,"MLP (512, 128, 128) lr=0.001 do=0.4 act=ReLU",0.9562889457033716,0.00031079840659864466
concat_raw,"MLP (512, 256) lr=0.001 do=0.2 act=GELU",0.9562670925565185,0.0002889452597455433
concat_raw,"MLP (1024, 128) lr=0.001 do=0.2 act=ReLU",0.9562670925565185,0.0002889452597455433
concat_pca208,"MLP (512, 1024, 128) lr=0.001 do=0.0 act=GELU",0.9562372310990155,0.0003843324676591209
concat_pca208,"MLP (1024, 256, 1024) lr=0.001 do=0.0 act=GELU",0.956120110156924,0.0002672115255676344
concat_pca208,"MLP (1024, 1024, 128) lr=0.001 do=0.4 act=GELU",0.956071762889704,0.0046910734022842515
concat_pca208,"MLP (1024, 256, 1024) lr=0.001 do=0.2 act=GELU",0.9559504067140425,0.00045635736266791405
backbone_dinov2,"MLP (512, 128, 128) lr=0.001 do=0.4 act=ReLU",0.9559303135160454,0.029643882565808077
backbone_dinov2,"MLP (128, 128, 1024) lr=0.001 do=0.4 act=GELU",0.9558315987087224,0.020121758767607356
concat_pca208,"MLP (1024, 512, 512) lr=0.001 do=0.0 act=ReLU",0.9557174805726114,0.010549534478163758
backbone_dinov2,RF n=100 max_f=sqrt,0.9545814812462166,0.006935164331688282
backbone_dinov2,"MLP (128, 256, 512) lr=0.0001 do=0.4 act=ReLU",0.9543739972496439,0.007098904848258203
concat_raw,"MLP (128, 128, 512) lr=0.0001 do=0.4 act=GELU",0.9542866641930159,0.007367864138989766
concat_raw,"MLP (512, 128, 512) lr=0.001 do=0.4 act=ReLU",0.9542866641930159,0.007367864138989766
concat_raw,"MLP (256, 512, 128) lr=0.001 do=0.2 act=GELU",0.9542866641930159,0.007367864138989766
backbone_dinov2,"MLP (1024, 1024, 256) lr=0.001 do=0.4 act=ReLU",0.954274757959186,0.006999665557800294
concat_raw,"MLP (256, 256, 256) lr=0.0001 do=0.4 act=GELU",0.9542708719281257,0.002492455101195501
backbone_dinov2,"MLP (128, 256, 256) lr=0.0001 do=0.4 act=ReLU",0.9542686132888002,0.011731961754328113
concat_raw,"MLP (256, 256, 256) lr=0.001 do=0.4 act=ReLU",0.954267355648478,0.007315757281023905
concat_raw,"MLP (256, 1024, 1024) lr=0.001 do=0.4 act=GELU",0.9542618973250323,0.00739263100697346
concat_raw,"MLP (256, 128, 512) lr=0.001 do=0.2 act=ReLU",0.9542617539411775,0.007195245468194111
concat_raw,"MLP (512, 256, 1024) lr=0.001 do=0.2 act=ReLU",0.9542617539411775,0.007195245468194111
concat_raw,"MLP (512, 1024, 256) lr=0.001 do=0.0 act=GELU",0.954254273223355,0.012250189862891614
concat_raw,"MLP (512, 256) lr=0.001 do=0.4 act=ReLU",0.9542509564917641,0.00733215643773788
concat_raw,"MLP (128, 128, 128) lr=0.001 do=0.2 act=ReLU",0.9542114221810098,0.012170356572025864
concat_raw,"MLP (512, 512, 512) lr=0.001 do=0.0 act=GELU",0.9542063287541863,0.0022472608993279186
concat_raw,"MLP (512, 512, 1024) lr=0.001 do=0.4 act=GELU",0.954200516283365,0.007347499741171437
concat_raw,"MLP (128, 512, 512) lr=0.0001 do=0.4 act=ReLU",0.9541878997316989,0.007269099677672752
concat_raw,"MLP (256, 256, 128) lr=0.0001 do=0.4 act=GELU",0.9541878997316989,0.007269099677672752
concat_raw,"MLP (512, 512, 128) lr=0.001 do=0.4 act=ReLU",0.9541878997316989,0.007269099677672752
concat_raw,"MLP (512, 128, 256) lr=0.0001 do=0.4 act=ReLU",0.9541878997316989,0.007269099677672752
concat_raw,"MLP (1024, 256, 128) lr=0.001 do=0.4 act=ReLU",0.9541786424607301,0.012203136292305572
concat_raw,"MLP (512, 1024) lr=0.001 do=0.2 act=ReLU",0.9541705827282743,0.012211196024761561
backbone_dinov2,"MLP (128, 128, 512) lr=0.001 do=0.2 act=GELU",0.9541599068892719,0.01681791391692411
concat_raw,"MLP (256, 256, 1024) lr=0.001 do=0.4 act=GELU",0.9541550079757826,0.007301991433589061
concat_raw,"MLP (1024, 512, 512) lr=0.001 do=0.2 act=GELU",0.95415322219182,0.01709243271695815
concat_raw,"MLP (256, 128, 1024) lr=0.0001 do=0.4 act=ReLU",0.9541529664188473,0.002300623234666954
concat_raw,"MLP (1024, 512, 512) lr=0.0001 do=0.4 act=ReLU",0.9541460611753501,0.0073109382340216245
concat_raw,"MLP (256, 512, 1024) lr=0.001 do=0.2 act=GELU",0.9541399132509298,0.012020624519387069
concat_raw,"MLP (1024, 128, 1024) lr=0.0001 do=0.2 act=GELU",0.9541380014428942,0.007318997966477558
concat_raw,"MLP (512, 1024, 128) lr=0.0001 do=0.4 act=GELU",0.9541380014428942,0.007318997966477558
concat_raw,"MLP (128, 128, 128) lr=0.001 do=0.2 act=GELU",0.9541380014428942,0.007318997966477558
concat_raw,"MLP (512, 512) lr=0.0001 do=0.4 act=ReLU",0.9541380014428942,0.007318997966477558
concat_raw,"MLP (1024, 512, 128) lr=0.0001 do=0.4 act=ReLU",0.9541380014428942,0.007318997966477558
concat_raw,"MLP (1024, 256, 128) lr=0.0001 do=0.4 act=ReLU",0.9541380014428942,0.007318997966477558
concat_pca208,"MLP (1024, 1024, 1024) lr=0.001 do=0.4 act=ReLU",0.9541209783668534,0.011914310738046996
concat_raw,"MLP (512, 1024, 1024) lr=0.001 do=0.4 act=ReLU",0.9541182941869728,0.012263484566062965
concat_raw,"MLP (128, 256, 1024) lr=0.0001 do=0.2 act=GELU",0.9541160032402222,0.00233758641329207
concat_raw,"MLP (512, 512, 1024) lr=0.0001 do=0.4 act=GELU",0.9541160032402222,0.00233758641329207
concat_raw,"MLP (1024, 128, 128) lr=0.0001 do=0.4 act=GELU",0.9541160032402222,0.00233758641329207
concat_raw,"MLP (1024, 512, 256) lr=0.0001 do=0.4 act=ReLU",0.9541160032402222,0.00233758641329207
concat_raw,"MLP (128, 256) lr=0.0001 do=0.2 act=GELU",0.9541160032402222,0.00233758641329207
concat_raw,"MLP (512, 1024, 128) lr=0.0001 do=0.4 act=ReLU",0.9541160032402222,0.00233758641329207
concat_raw,"MLP (512, 128, 1024) lr=0.001 do=0.4 act=ReLU",0.9541160032402222,0.00233758641329207
concat_raw,"MLP (512, 256, 512) lr=0.0001 do=0.2 act=ReLU",0.9541160032402222,0.00233758641329207
concat_raw,"MLP (256, 512) lr=0.001 do=0.2 act=ReLU",0.9541102344545167,0.01227154429851901
concat_raw,"MLP (512, 256, 512) lr=0.001 do=0.2 act=GELU",0.9541055688791005,0.01706089886915063
backbone_dinov2,"MLP (512, 512, 512) lr=0.001 do=0.2 act=GELU",0.954103430291346,0.002143528615187462
concat_raw,"MLP (512, 1024, 256) lr=0.001 do=0.4 act=ReLU",0.9541005375540499,0.012141150850537186
backbone_dinov2,"MLP (1024, 128, 512) lr=0.001 do=0.2 act=ReLU",0.9540819908058251,0.006855509194174825
concat_raw,"MLP (1024, 1024, 512) lr=0.001 do=0.2 act=GELU",0.95407628630457,0.01183009065727475
backbone_dinov2,"MLP (512, 256, 1024) lr=0.001 do=0.2 act=ReLU",0.9540677225900942,0.0021792363164391815
concat_raw,"MLP (512, 512, 1024) lr=0.001 do=0.2 act=ReLU",0.9540373178078467,0.012344460945189095
concat_raw,"MLP (512, 256, 256) lr=0.0001 do=0.2 act=ReLU",0.9540331667920883,0.0024204228614259082
concat_raw,"MLP (512, 128, 1024) lr=0.001 do=0.0 act=GELU",0.9540257556284542,0.007212523020275363
concat_raw,"MLP (512, 512) lr=0.0001 do=0.4 act=GELU",0.9540251070596324,0.002428482593881842
concat_raw,"MLP (1024, 256) lr=0.001 do=0.0 act=GELU",0.9540251070596324,0.002428482593881842
concat_raw,"MLP (128, 128, 1024) lr=0.0001 do=0.4 act=GELU",0.9540202440103278,0.0071014439563015785
concat_raw,"MLP (1024, 256, 1024) lr=0.001 do=0.4 act=ReLU",0.9540202440103278,0.0071014439563015785
concat_raw,"MLP (128, 128, 512) lr=0.0001 do=0.4 act=ReLU",0.9540202440103278,0.0071014439563015785
concat_raw,"MLP (512, 1024, 512) lr=0.001 do=0.2 act=GELU",0.9540036572502648,0.017110311710090753
concat_raw,"MLP (1024,) lr=0.001 do=0.4 act=GELU",0.9539626924538547,0.0026097445191233803
backbone_dinov2,"MLP (512, 1024, 1024) lr=0.001 do=0.4 act=ReLU",0.9539590307829815,0.002837235911186675
concat_raw,"MLP (256, 256, 128) lr=0.0001 do=0.4 act=ReLU",0.95392100471987,0.007200683246759376
concat_raw,"MLP (512, 512) lr=0.001 do=0.4 act=ReLU",0.9538671306978486,0.0022705062320980685
concat_pca208,"MLP (512, 1024, 512) lr=0.001 do=0.0 act=ReLU",0.9538324681633489,0.0069303681286393415
concat_raw,"MLP (128, 128, 128) lr=0.0001 do=0.4 act=GELU",0.9538234624686577,0.0021546848281153164
concat_raw,"MLP (512, 1024, 512) lr=0.001 do=0.4 act=GELU",0.9538234624686577,0.0021546848281153164
concat_raw,"MLP (512, 512, 128) lr=0.001 do=0.2 act=GELU",0.9538092390281149,0.0021689082686581207
concat_pca208,"MLP (512, 1024, 128) lr=0.001 do=0.2 act=GELU",0.9537169174515154,0.0072795218496973235
concat_pca208,"MLP (512, 256, 256) lr=0.001 do=0.4 act=GELU",0.9536999295250931,0.0021529691062632805
concat_raw,"MLP (512, 1024) lr=0.001 do=0.4 act=GELU",0.9536545522330648,0.0029451918769055063
concat_pca208,"MLP (512, 512, 256) lr=0.001 do=0.0 act=GELU",0.9536428005471786,0.0022100980841777695
concat_raw,"MLP (1024, 1024, 512) lr=0.001 do=0.4 act=GELU",0.9535777826994725,0.002400364597300475
concat_pca208,"MLP (1024, 1024, 256) lr=0.001 do=0.2 act=GELU",0.9535100963057521,0.022265752414349416
concat_pca208,"MLP (1024, 256, 256) lr=0.001 do=0.0 act=GELU",0.9534790851304252,0.00289497343968248
concat_pca208,"MLP (1024, 512, 1024) lr=0.001 do=0.2 act=ReLU",0.9534616492337928,0.017483577531739347
concat_pca208,"MLP (1024, 128, 1024) lr=0.001 do=0.0 act=GELU",0.9534586145510024,0.002874502860259698
backbone_dinov2,"MLP (256, 256, 512) lr=0.001 do=0.4 act=GELU",0.9534335581527871,0.02251979932354259
concat_pca208,"MLP (1024, 1024, 256) lr=0.001 do=0.0 act=GELU",0.9534221585065088,0.007773730915798749
concat_raw,"MLP (256, 256, 1024) lr=0.001 do=0.2 act=ReLU",0.9534058298363601,0.003327946081280675
backbone_dinov2,"MLP (128, 128, 1024) lr=0.001 do=0.4 act=ReLU",0.9533766298784065,0.022576727597923174
concat_raw,"MLP (128, 512, 256) lr=0.001 do=0.2 act=ReLU",0.9533216263610881,0.008028431601223796
concat_pca208,"MLP (1024, 512, 1024) lr=0.001 do=0.0 act=ReLU",0.9533121310753295,0.008144184980881874
backbone_dinov2,"MLP (512, 1024, 128) lr=0.001 do=0.2 act=GELU",0.9519674390539117,0.014255440630506322
backbone_dinov2,"MLP (128, 256, 1024) lr=0.001 do=0.2 act=GELU",0.9519674390539117,0.014255440630506322
concat_raw,"MLP (256, 128, 128) lr=0.0001 do=0.4 act=GELU",0.9519386761562187,0.009781097934812577
concat_raw,"MLP (1024, 1024, 1024) lr=0.001 do=0.4 act=GELU",0.9519268569778547,0.004989230487237206
concat_raw,"MLP (512, 1024, 1024) lr=0.001 do=0.2 act=ReLU",0.9518338668474529,0.009858360679028288
concat_raw,"MLP (128, 128, 256) lr=0.0001 do=0.2 act=ReLU",0.9518261865212843,2.615666289607077e-05
backbone_dinov2,"MLP (512, 512, 1024) lr=0.001 do=0.2 act=GELU",0.9518162790720545,0.009590727319462422
concat_raw,"MLP (1024, 1024, 256) lr=0.001 do=0.4 act=ReLU",0.9517935981449827,0.009789514784519282
concat_raw,"MLP (1024, 256) lr=0.001 do=0.2 act=ReLU",0.9517708270670324,0.014610951686003293
backbone_dinov2,"MLP (128, 128, 128) lr=0.001 do=0.4 act=GELU",0.9517367202590918,0.004510238647441545
concat_raw,"MLP (512, 512, 512) lr=0.001 do=0.4 act=GELU",0.9517305413849175,0.009726458024454154
concat_raw,"MLP (1024, 256, 128) lr=0.001 do=0.4 act=GELU",0.9517162527888982,0.009740746620473528
concat_raw,"MLP (128, 512, 128) lr=0.001 do=0.4 act=ReLU",0.9517132243814928,0.014668554371542963
concat_raw,"MLP (512, 512, 128) lr=0.001 do=0.4 act=GELU",0.9517081930564422,0.009748806352929518
backbone_dinov2,"MLP (512, 256, 512) lr=0.001 do=0.4 act=GELU",0.951704097379579,0.004542861526954434
backbone_dinov2,"MLP (128, 128, 512) lr=0.001 do=0.4 act=GELU",0.951704097379579,0.004542861526954434
concat_raw,"MLP (512, 1024, 1024) lr=0.001 do=0.0 act=ReLU",0.9516861948537703,0.004767394799744029
concat_raw,"MLP (512, 128, 512) lr=0.001 do=0.4 act=GELU",0.9516861948537703,0.004767394799744029
concat_raw,"MLP (512, 256, 512) lr=0.001 do=0.4 act=ReLU",0.9516861948537703,0.004767394799744029
concat_raw,"MLP (1024, 512, 1024) lr=0.001 do=0.0 act=GELU",0.9516799204732761,0.009441767493353237
concat_pca208,KNN k=3 metric=cosine,0.9516653088768192,0.00011310795011088004
concat_raw,"MLP (128, 1024, 1024) lr=0.001 do=0.4 act=ReLU",0.951620488349086,0.00950119961754331
concat_raw,"MLP (512, 128, 1024) lr=0.001 do=0.0 act=ReLU",0.9516170134984403,0.009839985910931326
backbone_dinov2,"MLP (512, 512, 1024) lr=0.001 do=0.4 act=ReLU",0.9516147880991506,0.014127677213472245
concat_raw,"MLP (128, 512, 256) lr=0.0001 do=0.4 act=ReLU",0.9515869555633124,0.004866634090201827
concat_raw,"MLP (1024, 256, 1024) lr=0.001 do=0.2 act=ReLU",0.9515710128097561,0.004752009333339469
backbone_dinov2,"MLP (256, 128, 128) lr=0.0001 do=0.4 act=ReLU",0.9515596978712145,0.0004379029994197037
backbone_dinov2,"MLP (256, 128, 128) lr=0.0001 do=0.4 act=GELU",0.9515596978712145,0.0004379029994197037
concat_raw,"MLP (1024, 512, 128) lr=0.001 do=0.0 act=GELU",0.951548597067527,0.009573090899102354
concat_pca208,RF n=100 max_f=log2,0.9515372143891163,0.00443587379834004
concat_raw,"MLP (512, 1024, 1024) lr=0.001 do=0.4 act=GELU",0.951521671808103,0.00480135033499246
concat_raw,"MLP (1024, 512, 512) lr=0.001 do=0.2 act=ReLU",0.9515042589610796,0.004949330692434584
concat_raw,"MLP (512, 256, 256) lr=0.001 do=0.4 act=ReLU",0.9514789491500846,0.0002994676768455218
concat_raw,"MLP (128, 256, 128) lr=0.0001 do=0.4 act=GELU",0.9514578868936953,0.004520260403077736
concat_raw,"MLP (1024, 512, 256) lr=0.001 do=0.4 act=GELU",0.9514484736753996,0.004529673621373409
concat_raw,"MLP (256, 1024, 1024) lr=0.001 do=0.2 act=ReLU",0.9514484736753996,0.004529673621373409
backbone_dinov2,SVM rbf C=1.0 g=0.001,0.9514401701167832,0.019585507268792157
concat_raw,"MLP (256, 128, 128) lr=0.0001 do=0.4 act=ReLU",0.9514072724146434,0.009714415551985878
concat_pca208,KNN k=3 metric=manhattan,0.9513500897325669,0.005339979891367752
concat_raw,"MLP (256, 1024, 128) lr=0.001 do=0.4 act=ReLU",0.9512808517701699,0.0005714914140105276
backbone_dinov2,"MLP (128, 128, 512) lr=0.001 do=0.2 act=ReLU",0.9512786941414639,0.01472188090166432
concat_raw,"MLP (512, 1024, 1024) lr=0.001 do=0.0 act=GELU",0.9512699319397486,0.009492904352239595
backbone_dinov2,SVM rbf C=10.0 g=0.001,0.9509947803757113,0.005550441631436531
concat_pca208,"MLP (512, 1024, 1024) lr=0.001 do=0.0 act=GELU",0.9509864110569486,0.005337983466238483
concat_raw,"MLP (128, 512, 128) lr=0.0001 do=0.4 act=ReLU",0.9509464694349172,0.005653274675052999
backbone_dinov2,NB var_smooth=0.001,0.9507625994569782,0.020347540403161724
backbone_dinov2,NB var_smooth=1e-07,0.9507625994569782,0.020347540403161724
backbone_dinov2,NB var_smooth=1e-09,0.9507625994569782,0.020347540403161724
backbone_dinov2,NB var_smooth=1e-05,0.9507625994569782,0.020347540403161724
concat_raw,"MLP (256, 512, 128) lr=0.001 do=0.4 act=GELU",0.950630184234166,0.02543551500077218
concat_raw,NB var_smooth=0.001,0.9498954565345511,0.007203414328646018
concat_raw,"MLP (128, 256, 1024) lr=0.0001 do=0.4 act=ReLU",0.9495598492035494,0.002218567623380685
concat_raw,"MLP (1024, 512, 256) lr=0.001 do=0.2 act=GELU",0.9495550530160761,0.0073610344490157575
backbone_dinov2,SVM sigmoid C=1.0 g=scale,0.9493229176214503,0.00754330135670811
concat_raw,"MLP (1024, 512, 128) lr=0.001 do=0.4 act=GELU",0.9492868619420033,0.002368061887977113
concat_raw,"MLP (512, 256, 1024) lr=0.001 do=0.0 act=GELU",0.9492698924030395,0.007183697250474741
concat_pca208,KNN k=5 metric=manhattan,0.9492497229940422,0.011746716307170613
concat_raw,"MLP (1024, 1024, 256) lr=0.001 do=0.4 act=GELU",0.9491959447510725,0.0072576449024417955
backbone_dinov2,"MLP (1024, 1024) lr=0.001 do=0.4 act=GELU",0.9491415153622097,0.0019802795095851256
concat_raw,"MLP (256, 256, 256) lr=0.0001 do=0.4 act=ReLU",0.9491358739943787,0.0022170739403525874
backbone_dinov2,"MLP (1024, 256, 128) lr=0.001 do=0.4 act=ReLU",0.9490918558211983,0.002029939050596563
concat_raw,"MLP (1024, 128, 256) lr=0.001 do=0.2 act=GELU",0.9490491407636326,0.0021303407096064375
backbone_dinov2,RF n=100 max_f=log2,0.9490387488080378,0.0020830460637570325
concat_raw,"MLP (512, 1024, 128) lr=0.001 do=0.2 act=GELU",0.948981943897616,0.01692443306422864
backbone_dinov2,"MLP (128, 512, 256) lr=0.001 do=0.2 act=GELU",0.9488659068619627,0.0073810520445707906
concat_raw,"MLP (1024, 1024) lr=0.001 do=0.4 act=GELU",0.9487537319313353,0.0019556284248239963
concat_pca208,"MLP (512, 1024, 128) lr=0.001 do=0.2 act=ReLU",0.9487293023608506,0.007123596270505739
concat_raw,"MLP (128, 512, 256) lr=0.001 do=0.4 act=GELU",0.9487148409146349,0.001994519441524345
concat_raw,"MLP (1024, 512, 1024) lr=0.001 do=0.2 act=GELU",0.9484531091911644,0.003159914431300148
concat_raw,"MLP (512, 512, 256) lr=0.001 do=0.2 act=GELU",0.9481308209334047,0.008425216882859354
concat_raw,"MLP (256, 128, 128) lr=0.001 do=0.2 act=ReLU",0.9481308209334047,0.008425216882859354
concat_raw,"MLP (512, 512, 1024) lr=0.001 do=0.2 act=GELU",0.9481015566229174,0.0036112635771567425
backbone_dinov2,SVM rbf C=0.1 g=scale,0.9472628639770209,0.004308162250756031
backbone_dinov2,SVM rbf C=1.0 g=scale,0.9472628639770209,0.004308162250756031
concat_raw,SVM rbf C=1.0 g=scale,0.9469325662561765,0.014759661270304647
concat_raw,"MLP (1024, 256, 128) lr=0.001 do=0.2 act=ReLU",0.9468728823300155,0.009580707323498694
backbone_dinov2,"MLP (512, 512, 1024) lr=0.001 do=0.4 act=GELU",0.9468561083226792,0.009368997437000925
concat_raw,"MLP (128, 256, 256) lr=0.0001 do=0.4 act=GELU",0.9466889470394018,0.00466400089532959
concat_raw,"MLP (1024, 256, 512) lr=0.001 do=0.2 act=ReLU",0.9466028049837829,0.004750142950948388
backbone_dinov2,"MLP (1024, 128, 1024) lr=0.001 do=0.4 act=GELU",0.9465954245286654,0.014342075471334592
concat_pca208,"MLP (1024, 1024, 1024) lr=0.001 do=0.0 act=ReLU",0.9463598309065867,0.004819650566652345
concat_raw,"MLP (256, 128, 512) lr=0.0001 do=0.4 act=ReLU",0.946334373529836,0.004374986826323313
concat_raw,"MLP (256, 512, 256) lr=0.001 do=0.4 act=ReLU",0.9461873003659051,0.010266289287609032
concat_pca208,"MLP (1024, 1024, 512) lr=0.001 do=0.0 act=GELU",0.9458167279213365,0.0006487818268889334
concat_pca208,"MLP (1024, 1024, 512) lr=0.001 do=0.0 act=ReLU",0.9456156663750993,0.010708728148087765
backbone_dinov2,XGB n=300 d=3 lr=0.1,0.9445802817327515,0.007164757373756159
backbone_dinov2,XGB n=300 d=5 lr=0.1,0.9445802817327515,0.007164757373756159
concat_pca208,KNN k=10 metric=cosine,0.9443983313136719,0.007665070441561228
concat_raw,"MLP (512, 1024, 512) lr=0.001 do=0.0 act=GELU",0.9441378241691265,0.022353069180888585
backbone_dinov2,"MLP (128, 256, 128) lr=0.0001 do=0.4 act=ReLU",0.9441239059953088,0.012123052911224562
backbone_dinov2,"MLP (128, 128, 512) lr=0.0001 do=0.4 act=ReLU",0.9440745777145305,0.0018045431645903887
concat_raw,"MLP (256, 512, 1024) lr=0.001 do=0.4 act=ReLU",0.9437217378447744,0.008056678982155674
backbone_dinov2,"MLP (128, 128, 512) lr=0.0001 do=0.4 act=GELU",0.943478546976819,0.00852379584559726
backbone_dinov2,"MLP (1024, 256, 128) lr=0.001 do=0.2 act=ReLU",0.943476176000928,0.008521424869706251
backbone_dinov2,"MLP (512, 1024) lr=0.001 do=0.4 act=GELU",0.9434573264036901,0.008502575272468393
concat_raw,"MLP (128, 128, 1024) lr=0.0001 do=0.4 act=ReLU",0.9433449817725655,0.003639377722020165
concat_raw,"MLP (1024, 512, 256) lr=0.001 do=0.0 act=GELU",0.9433098792135428,0.008402940986531326
concat_raw,"MLP (1024, 512, 512) lr=0.001 do=0.0 act=GELU",0.943237565182509,0.0035319611319636346
concat_raw,SVM rbf C=1.0 g=0.001,0.9428234527764542,0.014032409732017581
concat_raw,"MLP (1024, 256, 512) lr=0.001 do=0.4 act=GELU",0.9422320048372202,0.014324032979043833
concat_raw,"MLP (512, 128, 1024) lr=0.001 do=0.4 act=GELU",0.9422320048372202,0.014324032979043833
backbone_dinov2,XGB n=300 d=3 lr=0.05,0.9421694135666012,0.0047538892076057215
backbone_dinov2,XGB n=300 d=5 lr=0.05,0.9421694135666012,0.0047538892076057215
backbone_dinov2,XGB n=100 d=3 lr=0.1,0.9421346810814093,0.009610358025098409
backbone_dinov2,XGB n=100 d=5 lr=0.1,0.9421346810814093,0.009610358025098409
concat_raw,"MLP (128, 128, 256) lr=0.0001 do=0.4 act=ReLU",0.9418204162879177,0.00012755942526010422
concat_raw,KNN k=20 metric=manhattan,0.9416004658378712,0.0100544579921093
concat_raw,"MLP (128, 1024, 512) lr=0.001 do=0.2 act=GELU",0.9415104063084323,0.015089337801538039
backbone_dinov2,"MLP (128, 128, 128) lr=0.0001 do=0.4 act=ReLU",0.9408852484877519,0.015672936916587443
concat_raw,SVM rbf C=0.1 g=scale,0.9401543012636486,0.021537926262832574
concat_raw,"MLP (1024, 512, 1024) lr=0.001 do=0.4 act=GELU",0.939805730453709,0.007113069600317212
backbone_dinov2,SVM sigmoid C=0.1 g=scale,0.9390146355050577,0.01773772692433956
concat_raw,"MLP (512, 1024, 1024) lr=0.001 do=0.2 act=GELU",0.9385131134792771,0.0036061752522655866
concat_raw,KNN k=3 metric=euclidean,0.9384493812054555,0.0023303422241627847
concat_raw,KNN k=3 metric=cosine,0.9384493812054555,0.0023303422241627847
concat_pca208,"MLP (512, 1024, 1024) lr=0.001 do=0.0 act=ReLU",0.9382799844773995,0.0013003709077294423
backbone_dinov2,"MLP (128, 256, 128) lr=0.001 do=0.4 act=ReLU",0.9382645606923155,0.03768879678401432
concat_raw,KNN k=3 metric=manhattan,0.938219432461328,0.0014861715892173222
backbone_dinov2,"MLP (1024, 256, 1024) lr=0.001 do=0.4 act=GELU",0.9381932288730579,0.008968006979566734
concat_raw,"MLP (128, 256, 256) lr=0.0001 do=0.4 act=ReLU",0.9374438614307863,0.014334555396143756
concat_raw,SVM sigmoid C=1.0 g=scale,0.93726892236461,0.01949440466471114
concat_raw,"MLP (128, 128, 256) lr=0.0001 do=0.4 act=GELU",0.9372409282413489,0.0053016875152860354
concat_raw,SVM rbf C=0.1 g=0.001,0.9370522162925727,0.015188056694334151
concat_raw,KNN k=20 metric=euclidean,0.9366151465630188,0.010386217471835602
concat_raw,KNN k=20 metric=cosine,0.9360500482936887,6.89906876041313e-05
concat_raw,"MLP (1024, 1024, 1024) lr=0.001 do=0.4 act=ReLU",0.9357942233913223,0.03549492869013954
backbone_dinov2,SVM rbf C=0.1 g=0.001,0.9328454917770784,0.018990172558586038
concat_raw,KNN k=10 metric=manhattan,0.9324065547151121,0.004937839768758445
backbone_dinov2,XGB n=100 d=5 lr=0.05,0.9307880006783458,0.0021303615563043055
backbone_dinov2,XGB n=100 d=3 lr=0.05,0.9307880006783458,0.0021303615563043055
concat_raw,"MLP (1024, 1024, 1024) lr=0.001 do=0.2 act=GELU",0.9302582097168501,0.007148903682207608
concat_raw,KNN k=10 metric=euclidean,0.9300982363523556,0.0026295214060019223
concat_raw,KNN k=5 metric=manhattan,0.9296494634103838,0.012161480919565149
backbone_dinov2,KNN k=20 metric=manhattan,0.9279053943560975,0.03809518068703083
backbone_dinov2,KNN k=20 metric=cosine,0.9273045208150588,0.033632979184941236
concat_raw,KNN k=10 metric=cosine,0.925430859466571,0.0020378554797826354
concat_raw,KNN k=5 metric=cosine,0.9244394687267049,0.017371475603244035
backbone_dinov2,KNN k=10 metric=cosine,0.924301543082533,0.021577577796587866
backbone_dinov2,KNN k=3 metric=cosine,0.9238578405205268,0.00399132392818391
backbone_dinov2,KNN k=20 metric=euclidean,0.9227897222191488,0.03297950855008208
concat_raw,"MLP (128, 256, 128) lr=0.0001 do=0.4 act=ReLU",0.9225188089828575,0.014353974873359099
concat_raw,KNN k=5 metric=euclidean,0.9219006269977859,0.01483263387432493
backbone_dinov2,KNN k=3 metric=euclidean,0.9214521620950276,0.0014717889539235252
concat_raw,SVM sigmoid C=0.1 g=scale,0.9203435036761152,0.03641982335320593
backbone_dinov2,KNN k=10 metric=manhattan,0.9196070908683169,0.01688312558237176
backbone_dinov2,KNN k=10 metric=euclidean,0.9188393582085834,0.016115392922638305
backbone_dinov2,KNN k=3 metric=manhattan,0.9168835106841667,0.0013448151590201851
backbone_dinov2,KNN k=5 metric=cosine,0.914847903853113,0.005695082572226451
backbone_dinov2,KNN k=5 metric=euclidean,0.914847903853113,0.005695082572226451
backbone_dinov2,KNN k=5 metric=manhattan,0.9140924054629285,0.004939584182041934
backbone_dinov2,"MLP (128, 128, 128) lr=0.001 do=0.4 act=ReLU",0.9137687598993836,0.07180543618246998
concat_raw,"MLP (128, 256, 512) lr=0.001 do=0.4 act=ReLU",0.9089251902261564,0.05246857402986188
concat_raw,"MLP (128, 128, 128) lr=0.0001 do=0.4 act=ReLU",0.9067758875278796,0.013624761559466236
meta_dino+bio,"MLP (128, 128, 128) lr=0.0001 do=0.4 act=GELU",0.9047680575619964,0.058998480451529556
concat_pca208,SVM rbf C=10.0 g=0.01,0.9002238340155819,0.01336513234208464
meta_dino+bio,XGB n=300 d=3 lr=0.05,0.8965495309576901,0.028577099586663934
meta_dino+bio,XGB n=300 d=5 lr=0.05,0.8965495309576901,0.028577099586663934
concat_pca208,SVM rbf C=1.0 g=0.01,0.8927045704685217,0.013175049924880333
meta_dino+bio,XGB n=300 d=3 lr=0.1,0.8806522198796561,0.012679788508629941
meta_dino+bio,XGB n=100 d=3 lr=0.1,0.8806522198796561,0.012679788508629941
meta_dino+bio,XGB n=300 d=5 lr=0.1,0.8806522198796561,0.012679788508629941
meta_dino+bio,XGB n=100 d=5 lr=0.1,0.8806522198796561,0.012679788508629941
meta_dino+bio,"MLP (128,) lr=0.0001 do=0.0 act=ReLU",0.8632687991864972,0.01749907751511448
meta_dino+bio,XGB n=100 d=5 lr=0.05,0.8543344947667503,0.013637936604275924
meta_dino+bio,XGB n=100 d=3 lr=0.05,0.8543344947667503,0.013637936604275924
meta_dino+bio,"MLP (128,) lr=0.0001 do=0.2 act=ReLU",0.8462005260941277,0.000430804422744957
meta_dino+bio,"MLP (128,) lr=0.0001 do=0.4 act=ReLU",0.8434392002397557,0.0031921302771169557
concat_pca208,NB var_smooth=1e-05,0.8417821860854705,0.004988352388802686
backbone_dinov2,SVM sigmoid C=10.0 g=0.001,0.837931522533456,0.0027129363576171572
concat_raw,SVM rbf C=10.0 g=0.01,0.8310757712035252,0.019038970461371818
concat_pca208,NB var_smooth=1e-09,0.8309362363977528,0.015834302076520423
concat_pca208,NB var_smooth=1e-07,0.8309362363977528,0.015834302076520423
concat_raw,SVM rbf C=1.0 g=0.01,0.8189650158087745,0.009685941823077304
backbone_dinov2,SVM sigmoid C=0.1 g=0.001,0.8189519484984886,0.001927172380632225
backbone_dinov2,SVM sigmoid C=1.0 g=0.001,0.8189519484984886,0.001927172380632225
concat_raw,SVM sigmoid C=10.0 g=0.001,0.8036332993745156,0.005642680477577766
concat_raw,SVM sigmoid C=1.0 g=0.001,0.7869402775422365,0.011050341354701343
concat_raw,SVM sigmoid C=0.1 g=0.001,0.7869402775422365,0.011050341354701343
concat_pca208,KNN k=50 metric=manhattan,0.7787738345770507,0.00995522681368105
backbone_dinov2,SVM rbf C=10.0 g=0.01,0.772199864673774,0.03359718213678703
concat_pca208,SVM sigmoid C=10.0 g=0.01,0.7653028278465717,0.054498009215053156
backbone_dinov2,SVM rbf C=1.0 g=0.01,0.7645794691931911,0.04299780852384477
concat_pca208,SVM sigmoid C=0.1 g=0.01,0.7542595431879224,0.03866732161394232
concat_pca208,SVM rbf C=0.1 g=0.01,0.7498939577775912,0.02382800601369445
concat_pca208,SVM sigmoid C=1.0 g=0.01,0.7469304298956856,0.03612561126416697
concat_pca208,KNN k=50 metric=euclidean,0.738251864157411,0.010691983756688672
backbone_dinov2,SVM sigmoid C=10.0 g=0.01,0.7376453270466207,0.004329645369639201
meta_dino+bio,KNN k=50 metric=manhattan,0.6611376924222905,0.008707402242081386
backbone_dinov2,KNN k=50 metric=manhattan,0.6606257154280064,0.05084233041503955
concat_pca208,KNN k=50 metric=cosine,0.6590588728752345,0.02780044700362072
backbone_dinov2,KNN k=50 metric=euclidean,0.645298126614359,0.040147864339289296
backbone_dinov2,KNN k=50 metric=cosine,0.6395348834472697,0.03438462117219998
concat_raw,KNN k=50 metric=euclidean,0.6379041916773067,0.01878276277723695
concat_raw,SVM sigmoid C=10.0 g=0.01,0.6332536239466169,0.05786264832927196
concat_raw,KNN k=50 metric=manhattan,0.6305273489381082,0.0074364798687438505
concat_raw,SVM rbf C=0.1 g=0.01,0.6241633043073336,0.020350666919725313
concat_raw,KNN k=50 metric=cosine,0.6132598287097919,0.013806137535802288
backbone_dinov2,SVM sigmoid C=1.0 g=0.01,0.586014090992657,0.024980290535834893
meta_dino+bio,SVM sigmoid C=0.1 g=0.001,0.5804955194433845,0.009554430606565412
meta_dino+bio,SVM sigmoid C=0.1 g=0.01,0.5804955194433845,0.009554430606565412
meta_dino+bio,SVM sigmoid C=1.0 g=0.001,0.5804955194433845,0.009554430606565412
meta_dino+bio,SVM sigmoid C=10.0 g=0.001,0.5804955194433845,0.009554430606565412
meta_dino+bio,SVM rbf C=1.0 g=0.01,0.5804955194433845,0.009554430606565412
meta_dino+bio,SVM rbf C=1.0 g=0.001,0.5804955194433845,0.009554430606565412
meta_dino+bio,SVM rbf C=0.1 g=0.001,0.5804955194433845,0.009554430606565412
meta_dino+bio,SVM sigmoid C=1.0 g=0.01,0.5804955194433845,0.009554430606565412
meta_dino+bio,SVM rbf C=10.0 g=0.001,0.5804955194433845,0.009554430606565412
meta_dino+bio,SVM rbf C=0.1 g=0.01,0.5804955194433845,0.009554430606565412
meta_dino+bio,KNN k=50 metric=euclidean,0.567957195942883,0.06033010700224717
meta_dino+bio,KNN k=50 metric=cosine,0.5637771581323351,0.04239770302969459
backbone_dinov2,SVM rbf C=0.1 g=0.01,0.5597015016335867,0.050590547994504076
concat_raw,SVM sigmoid C=1.0 g=0.01,0.4904411614743227,0.030096960863491368
concat_pca208,LDA solver=svd shrink=None,0.48405270622726576,0.45350009291049015
backbone_dinov2,SVM sigmoid C=0.1 g=0.01,0.40482472066074127,0.06422463297249772
concat_raw,SVM sigmoid C=0.1 g=0.01,0.367653382792196,0.011269480015976108
backbone_dinov2,LDA solver=lsqr shrink=None,0.05929389170386401,0.02632685873683104
concat_raw,LDA solver=lsqr shrink=None,0.002423076923076923,0.002423076923076923
concat_pca208,LDA solver=lsqr shrink=None,0.0,0.0
