features,model,mean_f1,std_f1
meta_dino+bio+color,"MLP (64, 128, 128) lr=0.01 do=0.0 act=GELU",0.9789457403499077,0.003062988563541258
meta_dino+bio+color,"MLP (256, 32) lr=0.0001 do=0.2 act=GELU",0.9789457403499076,0.0030629885635412024
meta_dino+bio+color,"MLP (32, 256, 256) lr=0.01 do=0.0 act=GELU",0.9759551152740676,0.006080812869644903
meta_dino+bio+color,"MLP (64, 64, 256) lr=0.01 do=0.0 act=GELU",0.9729611032980198,0.0030868008935970304
meta_dino+bio+color,"MLP (128, 128, 128) lr=0.0001 do=0.0 act=ReLU",0.9729585110798586,0.003084208675435851
meta_dino+bio+color,"MLP (256, 64, 32) lr=0.0001 do=0.2 act=ReLU",0.972921480649416,0.0030628252485918606
meta_dino+bio+color,"MLP (128, 64, 64) lr=0.01 do=0.0 act=ReLU",0.972921480649416,0.0030628252485918606
meta_dino+bio+color,"MLP (128, 32, 256) lr=0.01 do=0.0 act=ReLU",0.972921480649416,0.0030628252485918606
meta_dino+bio+color,"MLP (32, 32, 256) lr=0.01 do=0.0 act=ReLU",0.972921480649416,0.0030628252485918606
meta_dino+bio+color,"MLP (32, 128, 32) lr=0.01 do=0.0 act=GELU",0.972921480649416,0.0030628252485918606
meta_dino+bio+color,"MLP (64, 256, 128) lr=0.01 do=0.0 act=GELU",0.972921480649416,0.0030628252485918606
meta_dino+bio+color,"MLP (32, 64, 64) lr=0.01 do=0.0 act=GELU",0.972921480649416,0.0030628252485918606
meta_dino+bio+color,"MLP (128, 32, 64) lr=0.01 do=0.0 act=GELU",0.972921480649416,0.0030628252485918606
meta_dino+bio+color,"MLP (128, 32, 256) lr=0.0001 do=0.0 act=ReLU",0.9729001203289267,0.0031094859298585464
meta_dino+bio+color,"MLP (128, 64, 256) lr=0.0001 do=0.2 act=GELU",0.9729001203289267,0.0031094859298585464
meta_dino+bio+color,"MLP (64, 32, 128) lr=0.01 do=0.0 act=GELU",0.9728500727895426,0.003032678996823801
meta_dino+bio+color,"MLP (128, 256, 128) lr=0.01 do=0.0 act=GELU",0.9728481677702966,0.008986857426281247
meta_dino+bio+color,"MLP (128, 64, 256) lr=0.0001 do=0.0 act=GELU",0.9699813802361477,0.00019074583707945347
meta_dino+bio+color,"MLP (64, 256, 32) lr=0.0001 do=0.0 act=ReLU",0.9699644991038108,9.019669938797881e-05
meta_dino+bio+color,"MLP (256, 256, 32) lr=0.0001 do=0.2 act=ReLU",0.9699384760703389,7.982066951467415e-05
meta_dino+bio+color,"MLP (256, 256, 128) lr=0.001 do=0.2 act=GELU",0.9699384760703389,7.982066951467415e-05
meta_dino+bio+color,"MLP (256, 256, 128) lr=0.001 do=0.0 act=GELU",0.9699384760703389,7.982066951467415e-05
meta_dino+bio+color,"MLP (256, 256, 128) lr=0.01 do=0.0 act=ReLU",0.9699384760703389,7.982066951467415e-05
meta_dino+bio+color,"MLP (64, 256, 32) lr=0.01 do=0.0 act=ReLU",0.9699384760703389,7.982066951467415e-05
meta_dino+bio+color,"MLP (64, 128, 64) lr=0.01 do=0.0 act=ReLU",0.9699384760703389,7.982066951467415e-05
meta_dino+bio+color,"MLP (64, 128) lr=0.01 do=0.0 act=GELU",0.9699384760703389,7.982066951467415e-05
meta_dino+bio+color,"MLP (32, 32, 128) lr=0.01 do=0.0 act=ReLU",0.9699384760703389,7.982066951467415e-05
meta_dino+bio+color,"MLP (128, 64) lr=0.01 do=0.0 act=GELU",0.9699384760703389,7.982066951467415e-05
meta_dino+bio+color,"MLP (32, 128, 128) lr=0.01 do=0.0 act=GELU",0.9699384760703389,7.982066951467415e-05
meta_dino+bio+color,"MLP (64, 128) lr=0.0001 do=0.0 act=ReLU",0.9699384760703389,7.982066951467415e-05
meta_dino+bio+color,"MLP (32, 256, 64) lr=0.01 do=0.2 act=GELU",0.9699384760703389,7.982066951467415e-05
meta_dino+bio+color,"MLP (256, 32) lr=0.0001 do=0.0 act=GELU",0.9699384760703389,7.982066951467415e-05
meta_dino+bio+color,"MLP (256, 256, 256) lr=0.01 do=0.0 act=GELU",0.9699384760703389,7.982066951467415e-05
meta_dino+bio+color,"MLP (128, 256) lr=0.01 do=0.0 act=GELU",0.9699384760703389,7.982066951467415e-05
meta_dino+bio+color,"MLP (128, 256) lr=0.01 do=0.2 act=GELU",0.9699384760703389,7.982066951467415e-05
meta_dino+bio+color,"MLP (256, 64) lr=0.01 do=0.2 act=GELU",0.9699384760703389,7.982066951467415e-05
meta_dino+bio+color,"MLP (128, 64) lr=0.01 do=0.0 act=ReLU",0.9699384760703389,7.982066951467415e-05
meta_dino+bio+color,"MLP (128, 32) lr=0.0001 do=0.0 act=ReLU",0.9699384760703389,7.982066951467415e-05
meta_dino+bio+color,"MLP (32, 64, 256) lr=0.01 do=0.0 act=GELU",0.9699384760703389,7.982066951467415e-05
meta_dino+bio+color,"MLP (128, 256, 64) lr=0.01 do=0.0 act=GELU",0.9699384760703389,7.982066951467415e-05
meta_dino+bio+color,"MLP (128, 256, 256) lr=0.01 do=0.0 act=GELU",0.9699384760703389,7.982066951467415e-05
meta_dino+bio+color,"MLP (128, 256, 256) lr=0.01 do=0.2 act=GELU",0.9699384760703389,7.982066951467415e-05
meta_dino+bio+color,"MLP (32, 128) lr=0.01 do=0.0 act=GELU",0.9699384760703389,7.982066951467415e-05
meta_dino+bio+color,"MLP (256, 32, 128) lr=0.01 do=0.0 act=ReLU",0.9699384760703389,7.982066951467415e-05
meta_dino+bio+color,"MLP (128, 64, 128) lr=0.01 do=0.0 act=GELU",0.9699384760703389,7.982066951467415e-05
meta_dino+bio+color,"MLP (128, 64, 64) lr=0.01 do=0.0 act=GELU",0.9699384760703389,7.982066951467415e-05
meta_dino+bio+color,"MLP (128,) lr=0.0001 do=0.0 act=ReLU",0.9699384760703389,7.982066951467415e-05
meta_dino+bio+color,"MLP (256, 32, 32) lr=0.01 do=0.2 act=GELU",0.9699384760703389,7.982066951467415e-05
meta_dino+bio+color,"MLP (256, 32, 32) lr=0.01 do=0.2 act=ReLU",0.9699384760703389,7.982066951467415e-05
meta_dino+bio+color,"MLP (256, 32, 32) lr=0.01 do=0.0 act=GELU",0.9699384760703389,7.982066951467415e-05
meta_dino+bio+color,"MLP (256, 64, 128) lr=0.01 do=0.0 act=ReLU",0.9699384760703389,7.982066951467415e-05
meta_dino+bio+color,"MLP (128,) lr=0.0001 do=0.2 act=ReLU",0.9699384760703389,7.982066951467415e-05
meta_dino+bio+color,"MLP (64, 128, 256) lr=0.01 do=0.0 act=GELU",0.9699302133749503,7.155797412616849e-05
meta_dino+bio+color,"MLP (64, 128, 64) lr=0.01 do=0.0 act=GELU",0.9699302133749503,7.155797412616849e-05
meta_dino+bio+color,"MLP (256, 128, 64) lr=0.01 do=0.0 act=GELU",0.9699254431776011,0.006100446220074107
meta_dino+bio+color,"MLP (256, 128, 32) lr=0.001 do=0.0 act=GELU",0.9699219193220842,6.32639212599928e-05
meta_dino+bio+color,"MLP (256, 128, 256) lr=0.001 do=0.2 act=GELU",0.9699219193220842,6.32639212599928e-05
meta_dino+bio+color,"MLP (128, 32, 256) lr=0.01 do=0.2 act=GELU",0.9699219193220842,6.32639212599928e-05
meta_dino+bio+color,"MLP (128, 256, 32) lr=0.01 do=0.2 act=GELU",0.9699219193220842,6.32639212599928e-05
meta_dino+bio+color,"MLP (256, 128, 256) lr=0.001 do=0.0 act=GELU",0.9699219193220842,6.32639212599928e-05
meta_dino+bio+color,"MLP (256, 64, 256) lr=0.01 do=0.2 act=GELU",0.9699219193220842,6.32639212599928e-05
meta_dino+bio+color,"MLP (128, 32, 32) lr=0.01 do=0.0 act=GELU",0.9698777823731989,1.9126972374716722e-05
meta_dino+bio+color,"MLP (256, 256, 128) lr=0.01 do=0.2 act=ReLU",0.9698754219557669,0.006108883942240961
meta_dino+bio+color,"MLP (128, 32, 256) lr=0.0001 do=0.2 act=ReLU",0.9698561315016657,6.549710259751151e-05
meta_dino+bio+color,"MLP (64, 128, 32) lr=0.01 do=0.0 act=GELU",0.9697749454820017,4.244831071714694e-05
meta_dino+bio+color,"MLP (32, 256, 32) lr=0.01 do=0.0 act=GELU",0.9672121363867805,0.0035672972901341082
meta_dino+bio+color,"MLP (256, 256) lr=0.01 do=0.2 act=GELU",0.9669522875960903,0.0029220148083324844
meta_dino+bio+color,"MLP (256, 256, 64) lr=0.001 do=0.2 act=GELU",0.966944464094291,0.002914191306533198
meta_dino+bio+color,"MLP (256, 128, 64) lr=0.001 do=0.2 act=GELU",0.966944464094291,0.002914191306533198
meta_dino+bio+color,"MLP (256, 128, 128) lr=0.0001 do=0.0 act=GELU",0.966944464094291,0.002914191306533198
meta_dino+bio+color,"MLP (256, 128, 32) lr=0.001 do=0.0 act=ReLU",0.966944464094291,0.002914191306533198
meta_dino+bio+color,"MLP (256, 32) lr=0.001 do=0.2 act=ReLU",0.966944464094291,0.002914191306533198
meta_dino+bio+color,"MLP (256, 32) lr=0.01 do=0.2 act=ReLU",0.966944464094291,0.002914191306533198
meta_dino+bio+color,"MLP (256, 256, 128) lr=0.0001 do=0.2 act=GELU",0.966944464094291,0.002914191306533198
meta_dino+bio+color,"MLP (256,) lr=0.0001 do=0.0 act=GELU",0.966944464094291,0.002914191306533198
meta_dino+bio+color,"MLP (256,) lr=0.0001 do=0.2 act=ReLU",0.966944464094291,0.002914191306533198
meta_dino+bio+color,"MLP (256,) lr=0.0001 do=0.2 act=GELU",0.966944464094291,0.002914191306533198
meta_dino+bio+color,"MLP (256, 64, 256) lr=0.0001 do=0.2 act=ReLU",0.966944464094291,0.002914191306533198
meta_dino+bio+color,"MLP (256,) lr=0.0001 do=0.0 act=ReLU",0.966944464094291,0.002914191306533198
meta_dino+bio+color,"MLP (256, 128, 128) lr=0.0001 do=0.2 act=GELU",0.966944464094291,0.002914191306533198
meta_dino+bio+color,"MLP (64, 256, 32) lr=0.01 do=0.2 act=ReLU",0.966944464094291,0.002914191306533198
meta_dino+bio+color,"MLP (128, 32, 32) lr=0.001 do=0.2 act=GELU",0.966944464094291,0.002914191306533198
meta_dino+bio+color,"MLP (64, 256, 64) lr=0.01 do=0.2 act=ReLU",0.966944464094291,0.002914191306533198
meta_dino+bio+color,"MLP (128, 256, 128) lr=0.0001 do=0.0 act=ReLU",0.966944464094291,0.002914191306533198
meta_dino+bio+color,"MLP (128, 256, 256) lr=0.0001 do=0.2 act=ReLU",0.966944464094291,0.002914191306533198
meta_dino+bio+color,"MLP (256, 32, 128) lr=0.001 do=0.2 act=ReLU",0.966944464094291,0.002914191306533198
meta_dino+bio+color,"MLP (256, 32, 256) lr=0.0001 do=0.2 act=GELU",0.966944464094291,0.002914191306533198
meta_dino+bio+color,"MLP (64, 256, 256) lr=0.0001 do=0.0 act=GELU",0.966944464094291,0.002914191306533198
meta_dino+bio+color,"MLP (128, 64, 64) lr=0.01 do=0.2 act=ReLU",0.966944464094291,0.002914191306533198
meta_dino+bio+color,"MLP (128, 256, 256) lr=0.0001 do=0.0 act=GELU",0.966944464094291,0.002914191306533198
meta_dino+bio+color,"MLP (64, 64, 256) lr=0.01 do=0.0 act=ReLU",0.966944464094291,0.002914191306533198
meta_dino+bio+color,"MLP (64, 32, 128) lr=0.01 do=0.2 act=GELU",0.966944464094291,0.002914191306533198
meta_dino+bio+color,"MLP (32, 256, 64) lr=0.01 do=0.2 act=ReLU",0.966944464094291,0.002914191306533198
meta_dino+bio+color,"MLP (256, 64) lr=0.0001 do=0.0 act=ReLU",0.966944464094291,0.002914191306533198
meta_dino+bio+color,"MLP (64, 256) lr=0.0001 do=0.0 act=GELU",0.966944464094291,0.002914191306533198
meta_dino+bio+color,"MLP (64, 32, 128) lr=0.01 do=0.2 act=ReLU",0.966944464094291,0.002914191306533198
meta_dino+bio+color,"MLP (64, 128, 128) lr=0.01 do=0.2 act=ReLU",0.966944464094291,0.002914191306533198
meta_dino+bio+color,"MLP (64, 32, 128) lr=0.001 do=0.2 act=GELU",0.966944464094291,0.002914191306533198
meta_dino+bio+color,"MLP (256, 32) lr=0.01 do=0.0 act=ReLU",0.966944464094291,0.002914191306533198
meta_dino+bio+color,"MLP (64, 256, 256) lr=0.0001 do=0.2 act=GELU",0.966944464094291,0.002914191306533198
meta_dino+bio+color,"MLP (32, 256, 64) lr=0.01 do=0.0 act=GELU",0.966944464094291,0.002914191306533198
meta_dino+bio+color,"MLP (64, 256) lr=0.0001 do=0.2 act=ReLU",0.966944464094291,0.002914191306533198
meta_dino+bio+color,"MLP (64, 128, 256) lr=0.01 do=0.2 act=ReLU",0.966944464094291,0.002914191306533198
meta_dino+bio+color,"MLP (256, 64, 32) lr=0.01 do=0.0 act=GELU",0.966944464094291,0.002914191306533198
meta_dino+bio+color,"MLP (256, 64, 128) lr=0.01 do=0.2 act=ReLU",0.966944464094291,0.002914191306533198
meta_dino+bio+color,"MLP (128, 256, 256) lr=0.0001 do=0.0 act=ReLU",0.966944464094291,0.002914191306533198
meta_dino+bio+color,"MLP (128, 128, 256) lr=0.0001 do=0.2 act=ReLU",0.966944464094291,0.002914191306533198
meta_dino+bio+color,"MLP (128, 256, 256) lr=0.0001 do=0.2 act=GELU",0.966944464094291,0.002914191306533198
meta_dino+bio+color,"MLP (128,) lr=0.0001 do=0.2 act=GELU",0.9669342513793671,0.0030840453604864537
meta_dino+bio+color,"MLP (256, 256, 32) lr=0.01 do=0.2 act=GELU",0.9669342513793671,0.0030840453604864537
meta_dino+bio+color,"MLP (256, 64, 128) lr=0.0001 do=0.0 act=ReLU",0.9669342513793671,0.0030840453604864537
meta_dino+bio+color,"MLP (256, 32, 64) lr=0.01 do=0.2 act=ReLU",0.9669342513793671,0.0030840453604864537
meta_dino+bio+color,"MLP (256, 32, 64) lr=0.01 do=0.2 act=GELU",0.9669342513793671,0.0030840453604864537
meta_dino+bio+color,"MLP (256, 32, 64) lr=0.001 do=0.2 act=GELU",0.9669342513793671,0.0030840453604864537
meta_dino+bio+color,"MLP (128,) lr=0.0001 do=0.0 act=GELU",0.9669342513793671,0.0030840453604864537
meta_dino+bio+color,"MLP (128, 128, 256) lr=0.0001 do=0.2 act=GELU",0.9669342513793671,0.0030840453604864537
meta_dino+bio+color,"MLP (128, 128, 128) lr=0.0001 do=0.2 act=GELU",0.9669342513793671,0.0030840453604864537
meta_dino+bio+color,"MLP (128, 128, 128) lr=0.0001 do=0.0 act=GELU",0.9669342513793671,0.0030840453604864537
meta_dino+bio+color,"MLP (128, 128, 32) lr=0.01 do=0.2 act=GELU",0.9669342513793671,0.0030840453604864537
meta_dino+bio+color,"MLP (32, 128, 32) lr=0.01 do=0.2 act=GELU",0.9669342513793671,0.0030840453604864537
meta_dino+bio+color,"MLP (64, 256, 32) lr=0.001 do=0.0 act=GELU",0.9669342513793671,0.0030840453604864537
meta_dino+bio+color,"MLP (128, 64, 32) lr=0.01 do=0.0 act=ReLU",0.9669342513793671,0.0030840453604864537
meta_dino+bio+color,"MLP (128, 32, 256) lr=0.01 do=0.2 act=ReLU",0.9669342513793671,0.0030840453604864537
meta_dino+bio+color,"MLP (32, 256) lr=0.01 do=0.0 act=GELU",0.9669342513793671,0.0030840453604864537
meta_dino+bio+color,"MLP (32, 256) lr=0.01 do=0.2 act=GELU",0.9669342513793671,0.0030840453604864537
meta_dino+bio+color,"MLP (128, 64, 64) lr=0.001 do=0.0 act=ReLU",0.9669342513793671,0.0030840453604864537
meta_dino+bio+color,"MLP (128, 64, 64) lr=0.001 do=0.0 act=GELU",0.9669342513793671,0.0030840453604864537
meta_dino+bio+color,"MLP (128, 128, 32) lr=0.01 do=0.2 act=ReLU",0.9669342513793671,0.0030840453604864537
meta_dino+bio+color,"MLP (128, 128, 64) lr=0.01 do=0.2 act=GELU",0.9669342513793671,0.0030840453604864537
meta_dino+bio+color,"MLP (128, 128, 32) lr=0.001 do=0.2 act=GELU",0.9669342513793671,0.0030840453604864537
meta_dino+bio+color,"MLP (128, 64, 32) lr=0.01 do=0.2 act=ReLU",0.9669342513793671,0.0030840453604864537
meta_dino+bio+color,"MLP (64, 128) lr=0.01 do=0.2 act=GELU",0.9669342513793671,0.0030840453604864537
meta_dino+bio+color,"MLP (64, 64, 256) lr=0.01 do=0.2 act=ReLU",0.9669342513793671,0.0030840453604864537
meta_dino+bio+color,"MLP (64, 64, 128) lr=0.01 do=0.0 act=ReLU",0.9669342513793671,0.0030840453604864537
meta_dino+bio+color,"MLP (64, 32, 256) lr=0.01 do=0.2 act=GELU",0.9669342513793671,0.0030840453604864537
meta_dino+bio+color,"MLP (32, 64, 256) lr=0.01 do=0.0 act=ReLU",0.9669342513793671,0.0030840453604864537
meta_dino+bio+color,"MLP (32, 128, 256) lr=0.01 do=0.2 act=GELU",0.9669342513793671,0.0030840453604864537
meta_dino+bio+color,"MLP (32, 256, 128) lr=0.01 do=0.2 act=GELU",0.9669342513793671,0.0030840453604864537
meta_dino+bio+color,"MLP (128, 32) lr=0.0001 do=0.2 act=ReLU",0.9669342513793671,0.0030840453604864537
meta_dino+bio+color,"MLP (32, 64, 64) lr=0.01 do=0.2 act=GELU",0.9669342513793671,0.0030840453604864537
meta_dino+bio+color,"MLP (32, 64, 64) lr=0.01 do=0.2 act=ReLU",0.9669342513793671,0.0030840453604864537
meta_dino+bio+color,"MLP (32, 64, 32) lr=0.01 do=0.0 act=GELU",0.9669342513793671,0.0030840453604864537
meta_dino+bio+color,"MLP (32, 64, 32) lr=0.01 do=0.0 act=ReLU",0.9669342513793671,0.0030840453604864537
meta_dino+bio+color,"MLP (256, 64) lr=0.01 do=0.2 act=ReLU",0.9669342513793671,0.0030840453604864537
meta_dino+bio+color,"MLP (32, 32, 128) lr=0.01 do=0.0 act=GELU",0.9669342513793671,0.0030840453604864537
meta_dino+bio+color,"MLP (32, 32, 128) lr=0.001 do=0.2 act=GELU",0.9669342513793671,0.0030840453604864537
meta_dino+bio+color,"MLP (32, 64, 256) lr=0.01 do=0.2 act=ReLU",0.9669342513793671,0.0030840453604864537
meta_dino+bio+color,"MLP (32, 32, 64) lr=0.01 do=0.0 act=ReLU",0.9669342513793671,0.0030840453604864537
meta_dino+bio+color,"MLP (32, 32, 64) lr=0.01 do=0.2 act=ReLU",0.9669342513793671,0.0030840453604864537
meta_dino+bio+color,"MLP (256, 128) lr=0.01 do=0.2 act=GELU",0.9669342513793671,0.0030840453604864537
meta_dino+bio+color,"MLP (128, 128, 256) lr=0.01 do=0.0 act=ReLU",0.9669334566973202,0.0029251987035039395
meta_dino+bio+color,"MLP (64, 256, 256) lr=0.01 do=0.2 act=ReLU",0.9669176946311124,0.0030674886122317724
meta_dino+bio+color,"MLP (128, 32, 32) lr=0.01 do=0.2 act=GELU",0.9669176946311124,0.0030674886122317724
meta_dino+bio+color,"MLP (256, 64, 64) lr=0.01 do=0.2 act=ReLU",0.9669176946311124,0.0030674886122317724
meta_dino+bio+color,"MLP (256, 128, 128) lr=0.001 do=0.0 act=GELU",0.9669176946311124,0.0030674886122317724
meta_dino+bio+color,"MLP (128, 32, 128) lr=0.001 do=0.0 act=ReLU",0.9669176946311124,0.0030674886122317724
meta_dino+bio+color,"MLP (128, 128, 256) lr=0.01 do=0.2 act=ReLU",0.9669176946311124,0.0030674886122317724
meta_dino+bio+color,"MLP (64, 32, 64) lr=0.01 do=0.0 act=ReLU",0.9669176946311124,0.0030674886122317724
meta_dino+bio+color,"MLP (256, 128) lr=0.01 do=0.0 act=GELU",0.9668947777941217,0.002963877606702414
meta_dino+bio+color,"MLP (128, 64, 256) lr=0.01 do=0.2 act=GELU",0.9668947777941217,0.002963877606702414
meta_dino+bio+color,"MLP (128, 256, 64) lr=0.01 do=0.0 act=ReLU",0.9668947777941217,0.002963877606702414
meta_dino+bio+color,"MLP (256, 256, 32) lr=0.0001 do=0.2 act=GELU",0.9668947777941217,0.002963877606702414
meta_dino+bio+color,"MLP (128, 64) lr=0.01 do=0.2 act=GELU",0.9668947777941217,0.002963877606702414
meta_dino+bio+color,"MLP (64, 32, 32) lr=0.01 do=0.0 act=GELU",0.9668947777941217,0.002963877606702414
meta_dino+bio+color,"MLP (256, 32, 256) lr=0.01 do=0.2 act=GELU",0.9668924173766897,0.003125879363163775
meta_dino+bio+color,"MLP (256, 256, 64) lr=0.01 do=0.2 act=GELU",0.9668924173766897,0.003125879363163775
meta_dino+bio+color,"MLP (128, 128, 64) lr=0.01 do=0.2 act=ReLU",0.9668924173766897,0.003125879363163775
meta_dino+bio+color,"MLP (128, 32, 128) lr=0.01 do=0.2 act=ReLU",0.9668924173766897,0.003125879363163775
meta_dino+bio+color,"MLP (64, 128, 256) lr=0.01 do=0.2 act=GELU",0.9668924173766897,0.003125879363163775
meta_dino+bio+color,"MLP (32, 128, 128) lr=0.01 do=0.2 act=GELU",0.9668924173766897,0.003125879363163775
meta_dino+bio+color,"MLP (128, 128, 128) lr=0.01 do=0.2 act=GELU",0.9668924173766897,0.003125879363163775
meta_dino+bio+color,"MLP (32, 64, 128) lr=0.01 do=0.2 act=GELU",0.9668924173766897,0.003125879363163775
meta_dino+bio+color,"MLP (128, 256, 32) lr=0.01 do=0.2 act=ReLU",0.9668924173766897,0.003125879363163775
meta_dino+bio+color,"MLP (32, 128, 64) lr=0.01 do=0.0 act=GELU",0.9668865150987332,0.00297214030209092
meta_dino+bio+color,"MLP (128, 256, 128) lr=0.01 do=0.2 act=GELU",0.9668779304948232,0.002980724906000931
meta_dino+bio+color,"MLP (64, 256, 256) lr=0.01 do=0.0 act=ReLU",0.9668779304948232,0.002980724906000931
meta_dino+bio+color,"MLP (128, 256, 64) lr=0.0001 do=0.2 act=ReLU",0.9668758606284351,0.0031093226149090936
meta_dino+bio+color,"MLP (64, 128, 32) lr=0.01 do=0.2 act=GELU",0.9668758606284351,0.0031093226149090936
meta_dino+bio+color,"MLP (256, 32, 256) lr=0.0001 do=0.0 act=ReLU",0.9668758606284351,0.0031093226149090936
meta_dino+bio+color,"MLP (128, 256, 128) lr=0.01 do=0.2 act=ReLU",0.9668731494659457,0.0029759438771234104
meta_dino+bio+color,"MLP (32, 256, 128) lr=0.0001 do=0.0 act=GELU",0.9668603269047324,0.0029570668879863593
meta_dino+bio+color,"MLP (256, 64, 64) lr=0.01 do=0.2 act=GELU",0.9668337999057997,0.0029835938869191003
meta_dino+bio+color,"MLP (256, 128, 256) lr=0.01 do=0.0 act=ReLU",0.9668337999057997,0.0029835938869191003
meta_dino+bio+color,"MLP (32, 256, 256) lr=0.01 do=0.0 act=ReLU",0.9667919659031223,0.0030254278895964215
meta_dino+bio+color,"MLP (32, 64) lr=0.01 do=0.0 act=GELU",0.9667919659031223,0.0030254278895964215
meta_dino+bio+color,"MLP (128, 256, 32) lr=0.01 do=0.0 act=ReLU",0.9667919659031223,0.0030254278895964215
meta_dino+bio+color,"MLP (32, 256, 64) lr=0.01 do=0.0 act=ReLU",0.9667919659031223,0.0030254278895964215
meta_dino+bio+color,"MLP (256, 256, 32) lr=0.01 do=0.0 act=ReLU",0.9667919659031223,0.0030254278895964215
meta_dino+bio+color,"MLP (256, 128, 128) lr=0.01 do=0.2 act=ReLU",0.9667919659031223,0.0030254278895964215
meta_dino+bio+color,"MLP (32, 64, 64) lr=0.01 do=0.0 act=ReLU",0.9667919659031223,0.0030254278895964215
meta_dino+bio+color,"MLP (64, 256, 128) lr=0.01 do=0.0 act=ReLU",0.9667919659031223,0.0030254278895964215
meta_dino+bio+color,"MLP (128, 64, 32) lr=0.01 do=0.0 act=GELU",0.9667919659031223,0.0030254278895964215
meta_dino+bio+color,"MLP (128, 128, 64) lr=0.0001 do=0.2 act=GELU",0.9667531241924004,0.0033015716107983595
meta_dino+bio+color,"MLP (128, 64, 256) lr=0.01 do=0.0 act=ReLU",0.9667423390189285,0.003116316381895745
meta_dino+bio+color,"MLP (256, 256, 32) lr=0.0001 do=0.0 act=ReLU",0.9667397468007675,0.003118908600056758
meta_dino+bio+color,"MLP (256, 64, 32) lr=0.0001 do=0.0 act=ReLU",0.9667287394037967,0.0031299159970275547
meta_dino+bio+color,"MLP (256, 64, 64) lr=0.0001 do=0.0 act=GELU",0.9666647024633985,0.0031526913293202234
meta_dino+bio+color,"MLP (256, 64, 64) lr=0.0001 do=0.2 act=GELU",0.9666647024633985,0.0031526913293202234
meta_dino+bio+color,"MLP (256, 64, 32) lr=0.01 do=0.0 act=ReLU",0.9666558619995071,0.00307663517177742
meta_dino+bio+color,"MLP (128, 32) lr=0.0001 do=0.0 act=GELU",0.9644037730485898,0.0054705293558329204
meta_dino+bio+color,"MLP (32, 64, 128) lr=0.01 do=0.0 act=GELU",0.9642002533763033,0.005815741338486613
meta_dino+bio+color,"MLP (64, 64, 128) lr=0.01 do=0.0 act=GELU",0.9639478599000819,0.005910795500742194
meta_dino+bio+color,"MLP (256, 256, 256) lr=0.001 do=0.2 act=GELU",0.9639402394033192,9.003338443858144e-05
meta_dino+bio+color,"MLP (128, 128) lr=0.001 do=0.0 act=ReLU",0.9639402394033192,9.003338443858144e-05
meta_dino+bio+color,"MLP (128, 128) lr=0.01 do=0.2 act=GELU",0.9639402394033192,9.003338443858144e-05
meta_dino+bio+color,"MLP (128, 128) lr=0.01 do=0.2 act=ReLU",0.9639402394033192,9.003338443858144e-05
meta_dino+bio+color,"MLP (128, 128) lr=0.01 do=0.0 act=GELU",0.9639402394033192,9.003338443858144e-05
meta_dino+bio+color,"MLP (128, 128) lr=0.01 do=0.0 act=ReLU",0.9639402394033192,9.003338443858144e-05
meta_dino+bio+color,"MLP (128, 64) lr=0.001 do=0.2 act=GELU",0.9639402394033192,9.003338443858144e-05
meta_dino+bio+color,"MLP (128, 64) lr=0.001 do=0.2 act=ReLU",0.9639402394033192,9.003338443858144e-05
meta_dino+bio+color,"MLP (128, 64) lr=0.001 do=0.0 act=GELU",0.9639402394033192,9.003338443858144e-05
meta_dino+bio+color,"MLP (128, 64) lr=0.001 do=0.0 act=ReLU",0.9639402394033192,9.003338443858144e-05
meta_dino+bio+color,"MLP (256, 256, 32) lr=0.001 do=0.2 act=GELU",0.9639402394033192,9.003338443858144e-05
meta_dino+bio+color,"MLP (256, 256, 32) lr=0.001 do=0.2 act=ReLU",0.9639402394033192,9.003338443858144e-05
meta_dino+bio+color,"MLP (256, 256, 32) lr=0.001 do=0.0 act=GELU",0.9639402394033192,9.003338443858144e-05
meta_dino+bio+color,"MLP (256, 256, 32) lr=0.001 do=0.0 act=ReLU",0.9639402394033192,9.003338443858144e-05
meta_dino+bio+color,"MLP (256, 256, 32) lr=0.01 do=0.2 act=ReLU",0.9639402394033192,9.003338443858144e-05
meta_dino+bio+color,"MLP (256, 128, 256) lr=0.0001 do=0.2 act=GELU",0.9639402394033192,9.003338443858144e-05
meta_dino+bio+color,"MLP (256, 128, 256) lr=0.0001 do=0.2 act=ReLU",0.9639402394033192,9.003338443858144e-05
meta_dino+bio+color,"MLP (256, 128, 256) lr=0.0001 do=0.0 act=GELU",0.9639402394033192,9.003338443858144e-05
meta_dino+bio+color,"MLP (256, 128, 256) lr=0.0001 do=0.0 act=ReLU",0.9639402394033192,9.003338443858144e-05
meta_dino+bio+color,"MLP (256, 128, 256) lr=0.001 do=0.2 act=ReLU",0.9639402394033192,9.003338443858144e-05
meta_dino+bio+color,"MLP (256, 128, 256) lr=0.001 do=0.0 act=ReLU",0.9639402394033192,9.003338443858144e-05
meta_dino+bio+color,"MLP (256, 64) lr=0.001 do=0.2 act=GELU",0.9639402394033192,9.003338443858144e-05
meta_dino+bio+color,"MLP (256, 64) lr=0.001 do=0.2 act=ReLU",0.9639402394033192,9.003338443858144e-05
meta_dino+bio+color,"MLP (256, 64) lr=0.001 do=0.0 act=GELU",0.9639402394033192,9.003338443858144e-05
meta_dino+bio+color,"MLP (256, 64) lr=0.001 do=0.0 act=ReLU",0.9639402394033192,9.003338443858144e-05
meta_dino+bio+color,"MLP (256, 32) lr=0.0001 do=0.2 act=ReLU",0.9639402394033192,9.003338443858144e-05
meta_dino+bio+color,"MLP (256, 32) lr=0.0001 do=0.0 act=ReLU",0.9639402394033192,9.003338443858144e-05
meta_dino+bio+color,"MLP (256, 32) lr=0.001 do=0.2 act=GELU",0.9639402394033192,9.003338443858144e-05
meta_dino+bio+color,"MLP (256, 32) lr=0.001 do=0.0 act=GELU",0.9639402394033192,9.003338443858144e-05
meta_dino+bio+color,"MLP (256, 32) lr=0.001 do=0.0 act=ReLU",0.9639402394033192,9.003338443858144e-05
meta_dino+bio+color,"MLP (256, 32) lr=0.01 do=0.0 act=GELU",0.9639402394033192,9.003338443858144e-05
meta_dino+bio+color,"MLP (128, 128) lr=0.001 do=0.2 act=GELU",0.9639402394033192,9.003338443858144e-05
meta_dino+bio+color,"MLP (128, 128) lr=0.001 do=0.2 act=ReLU",0.9639402394033192,9.003338443858144e-05
meta_dino+bio+color,"MLP (128, 128) lr=0.001 do=0.0 act=GELU",0.9639402394033192,9.003338443858144e-05
meta_dino+bio+color,"MLP (256, 256) lr=0.01 do=0.0 act=GELU",0.9639402394033192,9.003338443858144e-05
meta_dino+bio+color,"MLP (256, 256) lr=0.01 do=0.0 act=ReLU",0.9639402394033192,9.003338443858144e-05
meta_dino+bio+color,"MLP (256, 128) lr=0.001 do=0.2 act=GELU",0.9639402394033192,9.003338443858144e-05
meta_dino+bio+color,"MLP (256, 128) lr=0.001 do=0.2 act=ReLU",0.9639402394033192,9.003338443858144e-05
meta_dino+bio+color,"MLP (256, 128) lr=0.001 do=0.0 act=GELU",0.9639402394033192,9.003338443858144e-05
meta_dino+bio+color,"MLP (256, 128) lr=0.001 do=0.0 act=ReLU",0.9639402394033192,9.003338443858144e-05
meta_dino+bio+color,"MLP (256, 128) lr=0.01 do=0.2 act=ReLU",0.9639402394033192,9.003338443858144e-05
meta_dino+bio+color,"MLP (256, 128) lr=0.01 do=0.0 act=ReLU",0.9639402394033192,9.003338443858144e-05
meta_dino+bio+color,"MLP (256, 128, 128) lr=0.0001 do=0.2 act=ReLU",0.9639402394033192,9.003338443858144e-05
meta_dino+bio+color,"MLP (256, 128, 128) lr=0.0001 do=0.0 act=ReLU",0.9639402394033192,9.003338443858144e-05
meta_dino+bio+color,"MLP (256, 128, 128) lr=0.001 do=0.2 act=GELU",0.9639402394033192,9.003338443858144e-05
meta_dino+bio+color,"MLP (256, 128, 128) lr=0.001 do=0.2 act=ReLU",0.9639402394033192,9.003338443858144e-05
meta_dino+bio+color,"MLP (256, 128, 128) lr=0.001 do=0.0 act=ReLU",0.9639402394033192,9.003338443858144e-05
meta_dino+bio+color,"MLP (256, 256) lr=0.0001 do=0.2 act=GELU",0.9639402394033192,9.003338443858144e-05
meta_dino+bio+color,"MLP (256, 256) lr=0.0001 do=0.2 act=ReLU",0.9639402394033192,9.003338443858144e-05
meta_dino+bio+color,"MLP (256, 256) lr=0.0001 do=0.0 act=GELU",0.9639402394033192,9.003338443858144e-05
meta_dino+bio+color,"MLP (256, 256) lr=0.0001 do=0.0 act=ReLU",0.9639402394033192,9.003338443858144e-05
meta_dino+bio+color,"MLP (256, 256) lr=0.001 do=0.2 act=GELU",0.9639402394033192,9.003338443858144e-05
meta_dino+bio+color,"MLP (256, 256) lr=0.001 do=0.2 act=ReLU",0.9639402394033192,9.003338443858144e-05
meta_dino+bio+color,"MLP (256, 256) lr=0.001 do=0.0 act=GELU",0.9639402394033192,9.003338443858144e-05
meta_dino+bio+color,"MLP (256, 256) lr=0.001 do=0.0 act=ReLU",0.9639402394033192,9.003338443858144e-05
meta_dino+bio+color,"MLP (256, 256) lr=0.01 do=0.2 act=ReLU",0.9639402394033192,9.003338443858144e-05
meta_dino+bio+color,"MLP (128, 32) lr=0.001 do=0.2 act=GELU",0.9639402394033192,9.003338443858144e-05
meta_dino+bio+color,"MLP (128, 32) lr=0.001 do=0.2 act=ReLU",0.9639402394033192,9.003338443858144e-05
meta_dino+bio+color,"MLP (128, 32) lr=0.001 do=0.0 act=GELU",0.9639402394033192,9.003338443858144e-05
meta_dino+bio+color,"MLP (128, 32) lr=0.001 do=0.0 act=ReLU",0.9639402394033192,9.003338443858144e-05
meta_dino+bio+color,"MLP (128, 32) lr=0.01 do=0.2 act=GELU",0.9639402394033192,9.003338443858144e-05
meta_dino+bio+color,"MLP (128, 32) lr=0.01 do=0.2 act=ReLU",0.9639402394033192,9.003338443858144e-05
meta_dino+bio+color,"MLP (128, 32) lr=0.01 do=0.0 act=GELU",0.9639402394033192,9.003338443858144e-05
meta_dino+bio+color,"MLP (128, 32) lr=0.01 do=0.0 act=ReLU",0.9639402394033192,9.003338443858144e-05
meta_dino+bio+color,"MLP (256, 128, 64) lr=0.001 do=0.2 act=ReLU",0.9639402394033192,9.003338443858144e-05
meta_dino+bio+color,"MLP (256, 128, 64) lr=0.001 do=0.0 act=GELU",0.9639402394033192,9.003338443858144e-05
meta_dino+bio+color,"MLP (256, 128, 64) lr=0.001 do=0.0 act=ReLU",0.9639402394033192,9.003338443858144e-05
meta_dino+bio+color,"MLP (256, 128, 64) lr=0.01 do=0.2 act=GELU",0.9639402394033192,9.003338443858144e-05
meta_dino+bio+color,"MLP (256, 64, 256) lr=0.0001 do=0.2 act=GELU",0.9639402394033192,9.003338443858144e-05
meta_dino+bio+color,"MLP (256, 64, 256) lr=0.0001 do=0.0 act=GELU",0.9639402394033192,9.003338443858144e-05
meta_dino+bio+color,"MLP (256, 64, 256) lr=0.001 do=0.2 act=GELU",0.9639402394033192,9.003338443858144e-05
meta_dino+bio+color,"MLP (256, 64, 256) lr=0.001 do=0.2 act=ReLU",0.9639402394033192,9.003338443858144e-05
meta_dino+bio+color,"MLP (256, 64, 256) lr=0.001 do=0.0 act=ReLU",0.9639402394033192,9.003338443858144e-05
meta_dino+bio+color,"MLP (256,) lr=0.001 do=0.2 act=GELU",0.9639402394033192,9.003338443858144e-05
meta_dino+bio+color,"MLP (256,) lr=0.001 do=0.2 act=ReLU",0.9639402394033192,9.003338443858144e-05
meta_dino+bio+color,"MLP (32, 32, 128) lr=0.001 do=0.2 act=ReLU",0.9639402394033192,9.003338443858144e-05
meta_dino+bio+color,"MLP (32, 32, 128) lr=0.001 do=0.0 act=GELU",0.9639402394033192,9.003338443858144e-05
meta_dino+bio+color,"MLP (32, 32, 128) lr=0.001 do=0.0 act=ReLU",0.9639402394033192,9.003338443858144e-05
meta_dino+bio+color,"MLP (32, 32, 128) lr=0.01 do=0.2 act=GELU",0.9639402394033192,9.003338443858144e-05
meta_dino+bio+color,"MLP (32, 32, 128) lr=0.01 do=0.2 act=ReLU",0.9639402394033192,9.003338443858144e-05
meta_dino+bio+color,"MLP (32, 32, 64) lr=0.001 do=0.2 act=GELU",0.9639402394033192,9.003338443858144e-05
meta_dino+bio+color,"MLP (32, 32, 64) lr=0.001 do=0.2 act=ReLU",0.9639402394033192,9.003338443858144e-05
meta_dino+bio+color,"MLP (32, 32, 64) lr=0.001 do=0.0 act=GELU",0.9639402394033192,9.003338443858144e-05
meta_dino+bio+color,"MLP (32, 32, 64) lr=0.001 do=0.0 act=ReLU",0.9639402394033192,9.003338443858144e-05
meta_dino+bio+color,"MLP (128, 64) lr=0.01 do=0.2 act=ReLU",0.9639402394033192,9.003338443858144e-05
meta_dino+bio+color,"MLP (256,) lr=0.001 do=0.0 act=GELU",0.9639402394033192,9.003338443858144e-05
meta_dino+bio+color,"MLP (256,) lr=0.001 do=0.0 act=ReLU",0.9639402394033192,9.003338443858144e-05
meta_dino+bio+color,"MLP (256,) lr=0.01 do=0.2 act=GELU",0.9639402394033192,9.003338443858144e-05
meta_dino+bio+color,"MLP (256,) lr=0.01 do=0.2 act=ReLU",0.9639402394033192,9.003338443858144e-05
meta_dino+bio+color,"MLP (256,) lr=0.01 do=0.0 act=GELU",0.9639402394033192,9.003338443858144e-05
meta_dino+bio+color,"MLP (256,) lr=0.01 do=0.0 act=ReLU",0.9639402394033192,9.003338443858144e-05
meta_dino+bio+color,"MLP (256, 64, 128) lr=0.001 do=0.2 act=GELU",0.9639402394033192,9.003338443858144e-05
meta_dino+bio+color,"MLP (256, 64, 128) lr=0.001 do=0.2 act=ReLU",0.9639402394033192,9.003338443858144e-05
meta_dino+bio+color,"MLP (256, 64, 128) lr=0.001 do=0.0 act=GELU",0.9639402394033192,9.003338443858144e-05
meta_dino+bio+color,"MLP (256, 64, 128) lr=0.001 do=0.0 act=ReLU",0.9639402394033192,9.003338443858144e-05
meta_dino+bio+color,"MLP (32, 64, 32) lr=0.01 do=0.2 act=ReLU",0.9639402394033192,9.003338443858144e-05
meta_dino+bio+color,"MLP (32, 32, 256) lr=0.001 do=0.2 act=GELU",0.9639402394033192,9.003338443858144e-05
meta_dino+bio+color,"MLP (32, 32, 256) lr=0.001 do=0.2 act=ReLU",0.9639402394033192,9.003338443858144e-05
meta_dino+bio+color,"MLP (32, 32, 256) lr=0.001 do=0.0 act=GELU",0.9639402394033192,9.003338443858144e-05
meta_dino+bio+color,"MLP (32, 32, 256) lr=0.001 do=0.0 act=ReLU",0.9639402394033192,9.003338443858144e-05
meta_dino+bio+color,"MLP (32, 32, 256) lr=0.01 do=0.2 act=GELU",0.9639402394033192,9.003338443858144e-05
meta_dino+bio+color,"MLP (32, 32, 256) lr=0.01 do=0.2 act=ReLU",0.9639402394033192,9.003338443858144e-05
meta_dino+bio+color,"MLP (32, 64, 64) lr=0.001 do=0.2 act=GELU",0.9639402394033192,9.003338443858144e-05
meta_dino+bio+color,"MLP (32, 64, 64) lr=0.001 do=0.2 act=ReLU",0.9639402394033192,9.003338443858144e-05
meta_dino+bio+color,"MLP (32, 64, 64) lr=0.001 do=0.0 act=GELU",0.9639402394033192,9.003338443858144e-05
meta_dino+bio+color,"MLP (32, 64, 64) lr=0.001 do=0.0 act=ReLU",0.9639402394033192,9.003338443858144e-05
meta_dino+bio+color,"MLP (32, 64, 32) lr=0.001 do=0.2 act=GELU",0.9639402394033192,9.003338443858144e-05
meta_dino+bio+color,"MLP (32, 64, 32) lr=0.001 do=0.2 act=ReLU",0.9639402394033192,9.003338443858144e-05
meta_dino+bio+color,"MLP (32, 64, 32) lr=0.001 do=0.0 act=GELU",0.9639402394033192,9.003338443858144e-05
meta_dino+bio+color,"MLP (32, 64, 32) lr=0.001 do=0.0 act=ReLU",0.9639402394033192,9.003338443858144e-05
meta_dino+bio+color,"MLP (32, 64, 32) lr=0.01 do=0.2 act=GELU",0.9639402394033192,9.003338443858144e-05
meta_dino+bio+color,"MLP (256, 64, 64) lr=0.001 do=0.2 act=GELU",0.9639402394033192,9.003338443858144e-05
meta_dino+bio+color,"MLP (256, 64, 64) lr=0.001 do=0.2 act=ReLU",0.9639402394033192,9.003338443858144e-05
meta_dino+bio+color,"MLP (256, 64, 64) lr=0.001 do=0.0 act=GELU",0.9639402394033192,9.003338443858144e-05
meta_dino+bio+color,"MLP (256, 64, 64) lr=0.001 do=0.0 act=ReLU",0.9639402394033192,9.003338443858144e-05
meta_dino+bio+color,"MLP (256, 64, 32) lr=0.001 do=0.2 act=GELU",0.9639402394033192,9.003338443858144e-05
meta_dino+bio+color,"MLP (256, 64, 32) lr=0.001 do=0.2 act=ReLU",0.9639402394033192,9.003338443858144e-05
meta_dino+bio+color,"MLP (256, 64, 32) lr=0.001 do=0.0 act=GELU",0.9639402394033192,9.003338443858144e-05
meta_dino+bio+color,"MLP (256, 64, 32) lr=0.001 do=0.0 act=ReLU",0.9639402394033192,9.003338443858144e-05
meta_dino+bio+color,"MLP (256, 64, 32) lr=0.01 do=0.2 act=GELU",0.9639402394033192,9.003338443858144e-05
meta_dino+bio+color,"MLP (32, 64, 256) lr=0.001 do=0.0 act=ReLU",0.9639402394033192,9.003338443858144e-05
meta_dino+bio+color,"MLP (32, 64, 128) lr=0.001 do=0.2 act=GELU",0.9639402394033192,9.003338443858144e-05
meta_dino+bio+color,"MLP (32, 64, 128) lr=0.001 do=0.2 act=ReLU",0.9639402394033192,9.003338443858144e-05
meta_dino+bio+color,"MLP (32, 64, 128) lr=0.001 do=0.0 act=GELU",0.9639402394033192,9.003338443858144e-05
meta_dino+bio+color,"MLP (32, 64, 128) lr=0.001 do=0.0 act=ReLU",0.9639402394033192,9.003338443858144e-05
meta_dino+bio+color,"MLP (32, 64, 128) lr=0.01 do=0.0 act=ReLU",0.9639402394033192,9.003338443858144e-05
meta_dino+bio+color,"MLP (32, 128, 32) lr=0.001 do=0.2 act=GELU",0.9639402394033192,9.003338443858144e-05
meta_dino+bio+color,"MLP (32, 128, 32) lr=0.001 do=0.2 act=ReLU",0.9639402394033192,9.003338443858144e-05
meta_dino+bio+color,"MLP (32, 128, 32) lr=0.001 do=0.0 act=GELU",0.9639402394033192,9.003338443858144e-05
meta_dino+bio+color,"MLP (32, 128, 32) lr=0.001 do=0.0 act=ReLU",0.9639402394033192,9.003338443858144e-05
meta_dino+bio+color,"MLP (32, 128, 32) lr=0.01 do=0.0 act=ReLU",0.9639402394033192,9.003338443858144e-05
meta_dino+bio+color,"MLP (32, 64, 256) lr=0.001 do=0.2 act=GELU",0.9639402394033192,9.003338443858144e-05
meta_dino+bio+color,"MLP (32, 64, 256) lr=0.001 do=0.2 act=ReLU",0.9639402394033192,9.003338443858144e-05
meta_dino+bio+color,"MLP (32, 64, 256) lr=0.001 do=0.0 act=GELU",0.9639402394033192,9.003338443858144e-05
meta_dino+bio+color,"MLP (256, 64, 32) lr=0.01 do=0.2 act=ReLU",0.9639402394033192,9.003338443858144e-05
meta_dino+bio+color,"MLP (256, 32, 256) lr=0.0001 do=0.0 act=GELU",0.9639402394033192,9.003338443858144e-05
meta_dino+bio+color,"MLP (256, 32, 256) lr=0.001 do=0.2 act=GELU",0.9639402394033192,9.003338443858144e-05
meta_dino+bio+color,"MLP (256, 32, 256) lr=0.001 do=0.0 act=GELU",0.9639402394033192,9.003338443858144e-05
meta_dino+bio+color,"MLP (256, 32, 256) lr=0.001 do=0.0 act=ReLU",0.9639402394033192,9.003338443858144e-05
meta_dino+bio+color,"MLP (32, 128, 64) lr=0.001 do=0.2 act=GELU",0.9639402394033192,9.003338443858144e-05
meta_dino+bio+color,"MLP (32, 128, 64) lr=0.001 do=0.2 act=ReLU",0.9639402394033192,9.003338443858144e-05
meta_dino+bio+color,"MLP (32, 128, 64) lr=0.001 do=0.0 act=ReLU",0.9639402394033192,9.003338443858144e-05
meta_dino+bio+color,"MLP (32, 128, 64) lr=0.01 do=0.2 act=ReLU",0.9639402394033192,9.003338443858144e-05
meta_dino+bio+color,"MLP (256, 32, 128) lr=0.001 do=0.2 act=GELU",0.9639402394033192,9.003338443858144e-05
meta_dino+bio+color,"MLP (256, 32, 128) lr=0.001 do=0.0 act=GELU",0.9639402394033192,9.003338443858144e-05
meta_dino+bio+color,"MLP (256, 32, 128) lr=0.001 do=0.0 act=ReLU",0.9639402394033192,9.003338443858144e-05
meta_dino+bio+color,"MLP (256, 32, 128) lr=0.01 do=0.2 act=GELU",0.9639402394033192,9.003338443858144e-05
meta_dino+bio+color,"MLP (256, 32, 64) lr=0.001 do=0.2 act=ReLU",0.9639402394033192,9.003338443858144e-05
meta_dino+bio+color,"MLP (256, 32, 64) lr=0.001 do=0.0 act=GELU",0.9639402394033192,9.003338443858144e-05
meta_dino+bio+color,"MLP (256, 32, 64) lr=0.001 do=0.0 act=ReLU",0.9639402394033192,9.003338443858144e-05
meta_dino+bio+color,"MLP (32, 64) lr=0.01 do=0.2 act=GELU",0.9639402394033192,9.003338443858144e-05
meta_dino+bio+color,"MLP (32, 64) lr=0.01 do=0.2 act=ReLU",0.9639402394033192,9.003338443858144e-05
meta_dino+bio+color,"MLP (64, 256) lr=0.0001 do=0.0 act=ReLU",0.9639402394033192,9.003338443858144e-05
meta_dino+bio+color,"MLP (64, 256) lr=0.001 do=0.2 act=GELU",0.9639402394033192,9.003338443858144e-05
meta_dino+bio+color,"MLP (64, 256) lr=0.001 do=0.2 act=ReLU",0.9639402394033192,9.003338443858144e-05
meta_dino+bio+color,"MLP (64, 256) lr=0.001 do=0.0 act=GELU",0.9639402394033192,9.003338443858144e-05
meta_dino+bio+color,"MLP (64, 256) lr=0.001 do=0.0 act=ReLU",0.9639402394033192,9.003338443858144e-05
meta_dino+bio+color,"MLP (64, 256) lr=0.01 do=0.2 act=GELU",0.9639402394033192,9.003338443858144e-05
meta_dino+bio+color,"MLP (64, 256) lr=0.01 do=0.2 act=ReLU",0.9639402394033192,9.003338443858144e-05
meta_dino+bio+color,"MLP (64, 256) lr=0.01 do=0.0 act=GELU",0.9639402394033192,9.003338443858144e-05
meta_dino+bio+color,"MLP (64, 256) lr=0.01 do=0.0 act=ReLU",0.9639402394033192,9.003338443858144e-05
meta_dino+bio+color,"MLP (32, 128, 128) lr=0.001 do=0.2 act=GELU",0.9639402394033192,9.003338443858144e-05
meta_dino+bio+color,"MLP (32, 128, 128) lr=0.001 do=0.2 act=ReLU",0.9639402394033192,9.003338443858144e-05
meta_dino+bio+color,"MLP (32, 128, 128) lr=0.001 do=0.0 act=GELU",0.9639402394033192,9.003338443858144e-05
meta_dino+bio+color,"MLP (32, 128, 128) lr=0.001 do=0.0 act=ReLU",0.9639402394033192,9.003338443858144e-05
meta_dino+bio+color,"MLP (32, 64) lr=0.01 do=0.0 act=ReLU",0.9639402394033192,9.003338443858144e-05
meta_dino+bio+color,"MLP (32, 32) lr=0.001 do=0.2 act=GELU",0.9639402394033192,9.003338443858144e-05
meta_dino+bio+color,"MLP (32, 32) lr=0.001 do=0.2 act=ReLU",0.9639402394033192,9.003338443858144e-05
meta_dino+bio+color,"MLP (32, 32) lr=0.001 do=0.0 act=GELU",0.9639402394033192,9.003338443858144e-05
meta_dino+bio+color,"MLP (32, 32) lr=0.001 do=0.0 act=ReLU",0.9639402394033192,9.003338443858144e-05
meta_dino+bio+color,"MLP (32, 32) lr=0.01 do=0.2 act=GELU",0.9639402394033192,9.003338443858144e-05
meta_dino+bio+color,"MLP (32, 32) lr=0.01 do=0.2 act=ReLU",0.9639402394033192,9.003338443858144e-05
meta_dino+bio+color,"MLP (32, 32) lr=0.01 do=0.0 act=GELU",0.9639402394033192,9.003338443858144e-05
meta_dino+bio+color,"MLP (32, 32) lr=0.01 do=0.0 act=ReLU",0.9639402394033192,9.003338443858144e-05
meta_dino+bio+color,"MLP (32, 128, 256) lr=0.001 do=0.2 act=GELU",0.9639402394033192,9.003338443858144e-05
meta_dino+bio+color,"MLP (32, 128, 256) lr=0.001 do=0.2 act=ReLU",0.9639402394033192,9.003338443858144e-05
meta_dino+bio+color,"MLP (32, 128, 256) lr=0.001 do=0.0 act=GELU",0.9639402394033192,9.003338443858144e-05
meta_dino+bio+color,"MLP (32, 128, 256) lr=0.001 do=0.0 act=ReLU",0.9639402394033192,9.003338443858144e-05
meta_dino+bio+color,"MLP (32, 128, 256) lr=0.01 do=0.2 act=ReLU",0.9639402394033192,9.003338443858144e-05
meta_dino+bio+color,"MLP (32, 128, 256) lr=0.01 do=0.0 act=ReLU",0.9639402394033192,9.003338443858144e-05
meta_dino+bio+color,"MLP (64, 256) lr=0.0001 do=0.2 act=GELU",0.9639402394033192,9.003338443858144e-05
meta_dino+bio+color,"MLP (256, 32, 32) lr=0.001 do=0.2 act=GELU",0.9639402394033192,9.003338443858144e-05
meta_dino+bio+color,"MLP (256, 32, 32) lr=0.001 do=0.2 act=ReLU",0.9639402394033192,9.003338443858144e-05
meta_dino+bio+color,"MLP (256, 32, 32) lr=0.001 do=0.0 act=GELU",0.9639402394033192,9.003338443858144e-05
meta_dino+bio+color,"MLP (256, 32, 32) lr=0.001 do=0.0 act=ReLU",0.9639402394033192,9.003338443858144e-05
meta_dino+bio+color,"MLP (128, 256, 256) lr=0.001 do=0.2 act=GELU",0.9639402394033192,9.003338443858144e-05
meta_dino+bio+color,"MLP (128, 256, 256) lr=0.001 do=0.2 act=ReLU",0.9639402394033192,9.003338443858144e-05
meta_dino+bio+color,"MLP (128, 256, 256) lr=0.001 do=0.0 act=GELU",0.9639402394033192,9.003338443858144e-05
meta_dino+bio+color,"MLP (128, 256, 256) lr=0.001 do=0.0 act=ReLU",0.9639402394033192,9.003338443858144e-05
meta_dino+bio+color,"MLP (32, 256, 64) lr=0.001 do=0.2 act=GELU",0.9639402394033192,9.003338443858144e-05
meta_dino+bio+color,"MLP (32, 256, 64) lr=0.001 do=0.2 act=ReLU",0.9639402394033192,9.003338443858144e-05
meta_dino+bio+color,"MLP (32, 256, 64) lr=0.001 do=0.0 act=GELU",0.9639402394033192,9.003338443858144e-05
meta_dino+bio+color,"MLP (32, 256, 64) lr=0.001 do=0.0 act=ReLU",0.9639402394033192,9.003338443858144e-05
meta_dino+bio+color,"MLP (256, 32, 256) lr=0.001 do=0.2 act=ReLU",0.9639402394033192,9.003338443858144e-05
meta_dino+bio+color,"MLP (32, 256, 32) lr=0.001 do=0.2 act=ReLU",0.9639402394033192,9.003338443858144e-05
meta_dino+bio+color,"MLP (128, 256, 128) lr=0.001 do=0.2 act=GELU",0.9639402394033192,9.003338443858144e-05
meta_dino+bio+color,"MLP (128, 256, 128) lr=0.001 do=0.2 act=ReLU",0.9639402394033192,9.003338443858144e-05
meta_dino+bio+color,"MLP (128, 256, 128) lr=0.001 do=0.0 act=GELU",0.9639402394033192,9.003338443858144e-05
meta_dino+bio+color,"MLP (128, 256, 128) lr=0.001 do=0.0 act=ReLU",0.9639402394033192,9.003338443858144e-05
meta_dino+bio+color,"MLP (64,) lr=0.01 do=0.0 act=ReLU",0.9639402394033192,9.003338443858144e-05
meta_dino+bio+color,"MLP (256, 256, 128) lr=0.001 do=0.2 act=ReLU",0.9639402394033192,9.003338443858144e-05
meta_dino+bio+color,"MLP (32,) lr=0.01 do=0.0 act=ReLU",0.9639402394033192,9.003338443858144e-05
meta_dino+bio+color,"MLP (128, 256, 64) lr=0.001 do=0.2 act=GELU",0.9639402394033192,9.003338443858144e-05
meta_dino+bio+color,"MLP (128, 256, 64) lr=0.001 do=0.2 act=ReLU",0.9639402394033192,9.003338443858144e-05
meta_dino+bio+color,"MLP (128, 256, 64) lr=0.001 do=0.0 act=GELU",0.9639402394033192,9.003338443858144e-05
meta_dino+bio+color,"MLP (32,) lr=0.01 do=0.0 act=GELU",0.9639402394033192,9.003338443858144e-05
meta_dino+bio+color,"MLP (32,) lr=0.01 do=0.2 act=ReLU",0.9639402394033192,9.003338443858144e-05
meta_dino+bio+color,"MLP (32, 256, 128) lr=0.001 do=0.2 act=GELU",0.9639402394033192,9.003338443858144e-05
meta_dino+bio+color,"MLP (32, 256, 128) lr=0.001 do=0.2 act=ReLU",0.9639402394033192,9.003338443858144e-05
meta_dino+bio+color,"MLP (32, 256, 128) lr=0.001 do=0.0 act=GELU",0.9639402394033192,9.003338443858144e-05
meta_dino+bio+color,"MLP (32, 256, 128) lr=0.001 do=0.0 act=ReLU",0.9639402394033192,9.003338443858144e-05
meta_dino+bio+color,"MLP (128, 256, 64) lr=0.001 do=0.0 act=ReLU",0.9639402394033192,9.003338443858144e-05
meta_dino+bio+color,"MLP (32,) lr=0.01 do=0.2 act=GELU",0.9639402394033192,9.003338443858144e-05
meta_dino+bio+color,"MLP (128, 256, 32) lr=0.001 do=0.2 act=GELU",0.9639402394033192,9.003338443858144e-05
meta_dino+bio+color,"MLP (128, 256, 32) lr=0.001 do=0.2 act=ReLU",0.9639402394033192,9.003338443858144e-05
meta_dino+bio+color,"MLP (128, 256, 32) lr=0.001 do=0.0 act=GELU",0.9639402394033192,9.003338443858144e-05
meta_dino+bio+color,"MLP (128, 256, 32) lr=0.001 do=0.0 act=ReLU",0.9639402394033192,9.003338443858144e-05
meta_dino+bio+color,"MLP (32,) lr=0.001 do=0.0 act=ReLU",0.9639402394033192,9.003338443858144e-05
meta_dino+bio+color,"MLP (32,) lr=0.001 do=0.0 act=GELU",0.9639402394033192,9.003338443858144e-05
meta_dino+bio+color,"MLP (32, 128) lr=0.001 do=0.2 act=GELU",0.9639402394033192,9.003338443858144e-05
meta_dino+bio+color,"MLP (64, 32, 32) lr=0.001 do=0.0 act=GELU",0.9639402394033192,9.003338443858144e-05
meta_dino+bio+color,"MLP (64, 32, 32) lr=0.001 do=0.0 act=ReLU",0.9639402394033192,9.003338443858144e-05
meta_dino+bio+color,"MLP (64, 32, 32) lr=0.01 do=0.2 act=GELU",0.9639402394033192,9.003338443858144e-05
meta_dino+bio+color,"MLP (64, 32, 32) lr=0.01 do=0.2 act=ReLU",0.9639402394033192,9.003338443858144e-05
meta_dino+bio+color,"MLP (32,) lr=0.001 do=0.2 act=ReLU",0.9639402394033192,9.003338443858144e-05
meta_dino+bio+color,"MLP (32, 256, 256) lr=0.001 do=0.2 act=GELU",0.9639402394033192,9.003338443858144e-05
meta_dino+bio+color,"MLP (32, 256, 256) lr=0.001 do=0.2 act=ReLU",0.9639402394033192,9.003338443858144e-05
meta_dino+bio+color,"MLP (32, 256, 256) lr=0.001 do=0.0 act=GELU",0.9639402394033192,9.003338443858144e-05
meta_dino+bio+color,"MLP (32, 256, 256) lr=0.001 do=0.0 act=ReLU",0.9639402394033192,9.003338443858144e-05
meta_dino+bio+color,"MLP (32, 256, 256) lr=0.01 do=0.2 act=GELU",0.9639402394033192,9.003338443858144e-05
meta_dino+bio+color,"MLP (32, 256, 256) lr=0.01 do=0.2 act=ReLU",0.9639402394033192,9.003338443858144e-05
meta_dino+bio+color,"MLP (64, 32, 64) lr=0.001 do=0.2 act=GELU",0.9639402394033192,9.003338443858144e-05
meta_dino+bio+color,"MLP (64, 32, 64) lr=0.001 do=0.2 act=ReLU",0.9639402394033192,9.003338443858144e-05
meta_dino+bio+color,"MLP (64, 32, 64) lr=0.001 do=0.0 act=GELU",0.9639402394033192,9.003338443858144e-05
meta_dino+bio+color,"MLP (64, 32, 64) lr=0.001 do=0.0 act=ReLU",0.9639402394033192,9.003338443858144e-05
meta_dino+bio+color,"MLP (64, 32, 64) lr=0.01 do=0.2 act=GELU",0.9639402394033192,9.003338443858144e-05
meta_dino+bio+color,"MLP (64, 32, 64) lr=0.01 do=0.2 act=ReLU",0.9639402394033192,9.003338443858144e-05
meta_dino+bio+color,"MLP (256, 256, 64) lr=0.001 do=0.0 act=GELU",0.9639402394033192,9.003338443858144e-05
meta_dino+bio+color,"MLP (64, 32, 32) lr=0.001 do=0.2 act=GELU",0.9639402394033192,9.003338443858144e-05
meta_dino+bio+color,"MLP (64, 32, 32) lr=0.001 do=0.2 act=ReLU",0.9639402394033192,9.003338443858144e-05
meta_dino+bio+color,"MLP (32, 128) lr=0.001 do=0.2 act=ReLU",0.9639402394033192,9.003338443858144e-05
meta_dino+bio+color,"MLP (32, 128) lr=0.001 do=0.0 act=GELU",0.9639402394033192,9.003338443858144e-05
meta_dino+bio+color,"MLP (32, 128) lr=0.001 do=0.0 act=ReLU",0.9639402394033192,9.003338443858144e-05
meta_dino+bio+color,"MLP (32, 128) lr=0.01 do=0.2 act=GELU",0.9639402394033192,9.003338443858144e-05
meta_dino+bio+color,"MLP (32, 128) lr=0.01 do=0.2 act=ReLU",0.9639402394033192,9.003338443858144e-05
meta_dino+bio+color,"MLP (32, 128) lr=0.01 do=0.0 act=ReLU",0.9639402394033192,9.003338443858144e-05
meta_dino+bio+color,"MLP (32, 64) lr=0.001 do=0.2 act=GELU",0.9639402394033192,9.003338443858144e-05
meta_dino+bio+color,"MLP (32, 64) lr=0.001 do=0.2 act=ReLU",0.9639402394033192,9.003338443858144e-05
meta_dino+bio+color,"MLP (32, 64) lr=0.001 do=0.0 act=GELU",0.9639402394033192,9.003338443858144e-05
meta_dino+bio+color,"MLP (32, 64) lr=0.001 do=0.0 act=ReLU",0.9639402394033192,9.003338443858144e-05
meta_dino+bio+color,"MLP (128, 128, 256) lr=0.0001 do=0.0 act=GELU",0.9639402394033192,9.003338443858144e-05
meta_dino+bio+color,"MLP (64, 32, 256) lr=0.001 do=0.0 act=GELU",0.9639402394033192,9.003338443858144e-05
meta_dino+bio+color,"MLP (64, 32, 256) lr=0.001 do=0.0 act=ReLU",0.9639402394033192,9.003338443858144e-05
meta_dino+bio+color,"MLP (64, 32, 256) lr=0.01 do=0.2 act=ReLU",0.9639402394033192,9.003338443858144e-05
meta_dino+bio+color,"MLP (64, 32, 128) lr=0.001 do=0.2 act=ReLU",0.9639402394033192,9.003338443858144e-05
meta_dino+bio+color,"MLP (64, 32, 128) lr=0.001 do=0.0 act=GELU",0.9639402394033192,9.003338443858144e-05
meta_dino+bio+color,"MLP (64, 32, 128) lr=0.001 do=0.0 act=ReLU",0.9639402394033192,9.003338443858144e-05
meta_dino+bio+color,"MLP (64, 32, 128) lr=0.01 do=0.0 act=ReLU",0.9639402394033192,9.003338443858144e-05
meta_dino+bio+color,"MLP (128, 128, 256) lr=0.001 do=0.2 act=GELU",0.9639402394033192,9.003338443858144e-05
meta_dino+bio+color,"MLP (128, 128, 256) lr=0.001 do=0.2 act=ReLU",0.9639402394033192,9.003338443858144e-05
meta_dino+bio+color,"MLP (128, 128, 256) lr=0.001 do=0.0 act=GELU",0.9639402394033192,9.003338443858144e-05
meta_dino+bio+color,"MLP (128, 128, 256) lr=0.001 do=0.0 act=ReLU",0.9639402394033192,9.003338443858144e-05
meta_dino+bio+color,"MLP (64, 256, 256) lr=0.001 do=0.0 act=GELU",0.9639402394033192,9.003338443858144e-05
meta_dino+bio+color,"MLP (128, 128, 128) lr=0.0001 do=0.2 act=ReLU",0.9639402394033192,9.003338443858144e-05
meta_dino+bio+color,"MLP (128, 128, 128) lr=0.001 do=0.2 act=GELU",0.9639402394033192,9.003338443858144e-05
meta_dino+bio+color,"MLP (128, 128, 128) lr=0.001 do=0.2 act=ReLU",0.9639402394033192,9.003338443858144e-05
meta_dino+bio+color,"MLP (128, 128, 128) lr=0.001 do=0.0 act=GELU",0.9639402394033192,9.003338443858144e-05
meta_dino+bio+color,"MLP (128, 128, 128) lr=0.001 do=0.0 act=ReLU",0.9639402394033192,9.003338443858144e-05
meta_dino+bio+color,"MLP (64, 256, 256) lr=0.001 do=0.0 act=ReLU",0.9639402394033192,9.003338443858144e-05
meta_dino+bio+color,"MLP (128, 128, 128) lr=0.01 do=0.2 act=ReLU",0.9639402394033192,9.003338443858144e-05
meta_dino+bio+color,"MLP (64, 64, 32) lr=0.001 do=0.2 act=GELU",0.9639402394033192,9.003338443858144e-05
meta_dino+bio+color,"MLP (64, 64, 32) lr=0.001 do=0.2 act=ReLU",0.9639402394033192,9.003338443858144e-05
meta_dino+bio+color,"MLP (64, 64, 32) lr=0.001 do=0.0 act=GELU",0.9639402394033192,9.003338443858144e-05
meta_dino+bio+color,"MLP (64, 64, 32) lr=0.001 do=0.0 act=ReLU",0.9639402394033192,9.003338443858144e-05
meta_dino+bio+color,"MLP (64, 64, 32) lr=0.01 do=0.2 act=GELU",0.9639402394033192,9.003338443858144e-05
meta_dino+bio+color,"MLP (64, 64, 32) lr=0.01 do=0.2 act=ReLU",0.9639402394033192,9.003338443858144e-05
meta_dino+bio+color,"MLP (64, 64, 32) lr=0.01 do=0.0 act=ReLU",0.9639402394033192,9.003338443858144e-05
meta_dino+bio+color,"MLP (64, 32, 256) lr=0.001 do=0.2 act=GELU",0.9639402394033192,9.003338443858144e-05
meta_dino+bio+color,"MLP (64, 256, 128) lr=0.0001 do=0.2 act=ReLU",0.9639402394033192,9.003338443858144e-05
meta_dino+bio+color,"MLP (128, 128, 64) lr=0.001 do=0.2 act=GELU",0.9639402394033192,9.003338443858144e-05
meta_dino+bio+color,"MLP (128, 128, 64) lr=0.001 do=0.2 act=ReLU",0.9639402394033192,9.003338443858144e-05
meta_dino+bio+color,"MLP (128, 128, 64) lr=0.001 do=0.0 act=GELU",0.9639402394033192,9.003338443858144e-05
meta_dino+bio+color,"MLP (128, 128, 64) lr=0.001 do=0.0 act=ReLU",0.9639402394033192,9.003338443858144e-05
meta_dino+bio+color,"MLP (64, 256, 128) lr=0.0001 do=0.0 act=ReLU",0.9639402394033192,9.003338443858144e-05
meta_dino+bio+color,"MLP (128, 128, 32) lr=0.001 do=0.2 act=ReLU",0.9639402394033192,9.003338443858144e-05
meta_dino+bio+color,"MLP (64, 64, 128) lr=0.01 do=0.2 act=ReLU",0.9639402394033192,9.003338443858144e-05
meta_dino+bio+color,"MLP (64, 64) lr=0.01 do=0.2 act=GELU",0.9639402394033192,9.003338443858144e-05
meta_dino+bio+color,"MLP (64, 64, 64) lr=0.001 do=0.2 act=GELU",0.9639402394033192,9.003338443858144e-05
meta_dino+bio+color,"MLP (64, 64, 64) lr=0.001 do=0.2 act=ReLU",0.9639402394033192,9.003338443858144e-05
meta_dino+bio+color,"MLP (64, 64, 64) lr=0.001 do=0.0 act=GELU",0.9639402394033192,9.003338443858144e-05
meta_dino+bio+color,"MLP (64, 64, 64) lr=0.001 do=0.0 act=ReLU",0.9639402394033192,9.003338443858144e-05
meta_dino+bio+color,"MLP (64, 64, 64) lr=0.01 do=0.2 act=ReLU",0.9639402394033192,9.003338443858144e-05
meta_dino+bio+color,"MLP (64, 64, 64) lr=0.01 do=0.0 act=ReLU",0.9639402394033192,9.003338443858144e-05
meta_dino+bio+color,"MLP (128, 128, 32) lr=0.001 do=0.0 act=GELU",0.9639402394033192,9.003338443858144e-05
meta_dino+bio+color,"MLP (128, 128, 32) lr=0.001 do=0.0 act=ReLU",0.9639402394033192,9.003338443858144e-05
meta_dino+bio+color,"MLP (128, 64, 256) lr=0.001 do=0.2 act=GELU",0.9639402394033192,9.003338443858144e-05
meta_dino+bio+color,"MLP (128, 64, 256) lr=0.001 do=0.2 act=ReLU",0.9639402394033192,9.003338443858144e-05
meta_dino+bio+color,"MLP (128, 64, 256) lr=0.001 do=0.0 act=GELU",0.9639402394033192,9.003338443858144e-05
meta_dino+bio+color,"MLP (128, 64, 256) lr=0.001 do=0.0 act=ReLU",0.9639402394033192,9.003338443858144e-05
meta_dino+bio+color,"MLP (64, 64) lr=0.01 do=0.2 act=ReLU",0.9639402394033192,9.003338443858144e-05
meta_dino+bio+color,"MLP (256, 256, 128) lr=0.001 do=0.0 act=ReLU",0.9639402394033192,9.003338443858144e-05
meta_dino+bio+color,"MLP (64, 128) lr=0.001 do=0.0 act=GELU",0.9639402394033192,9.003338443858144e-05
meta_dino+bio+color,"MLP (64, 128) lr=0.001 do=0.0 act=ReLU",0.9639402394033192,9.003338443858144e-05
meta_dino+bio+color,"MLP (64, 128) lr=0.01 do=0.2 act=ReLU",0.9639402394033192,9.003338443858144e-05
meta_dino+bio+color,"MLP (64, 128) lr=0.01 do=0.0 act=ReLU",0.9639402394033192,9.003338443858144e-05
meta_dino+bio+color,"MLP (64, 64) lr=0.001 do=0.2 act=GELU",0.9639402394033192,9.003338443858144e-05
meta_dino+bio+color,"MLP (64, 64) lr=0.001 do=0.2 act=ReLU",0.9639402394033192,9.003338443858144e-05
meta_dino+bio+color,"MLP (64, 64) lr=0.001 do=0.0 act=GELU",0.9639402394033192,9.003338443858144e-05
meta_dino+bio+color,"MLP (64, 64) lr=0.001 do=0.0 act=ReLU",0.9639402394033192,9.003338443858144e-05
meta_dino+bio+color,"MLP (64, 64, 128) lr=0.001 do=0.2 act=GELU",0.9639402394033192,9.003338443858144e-05
meta_dino+bio+color,"MLP (64, 64, 128) lr=0.001 do=0.2 act=ReLU",0.9639402394033192,9.003338443858144e-05
meta_dino+bio+color,"MLP (64, 64, 128) lr=0.001 do=0.0 act=GELU",0.9639402394033192,9.003338443858144e-05
meta_dino+bio+color,"MLP (64, 64, 128) lr=0.001 do=0.0 act=ReLU",0.9639402394033192,9.003338443858144e-05
meta_dino+bio+color,"MLP (64, 128, 32) lr=0.01 do=0.0 act=ReLU",0.9639402394033192,9.003338443858144e-05
meta_dino+bio+color,"MLP (64, 64, 256) lr=0.001 do=0.2 act=GELU",0.9639402394033192,9.003338443858144e-05
meta_dino+bio+color,"MLP (64, 64, 256) lr=0.001 do=0.2 act=ReLU",0.9639402394033192,9.003338443858144e-05
meta_dino+bio+color,"MLP (64, 64, 256) lr=0.001 do=0.0 act=GELU",0.9639402394033192,9.003338443858144e-05
meta_dino+bio+color,"MLP (64, 64, 256) lr=0.001 do=0.0 act=ReLU",0.9639402394033192,9.003338443858144e-05
meta_dino+bio+color,"MLP (64, 64, 256) lr=0.01 do=0.2 act=GELU",0.9639402394033192,9.003338443858144e-05
meta_dino+bio+color,"MLP (64, 128) lr=0.001 do=0.2 act=GELU",0.9639402394033192,9.003338443858144e-05
meta_dino+bio+color,"MLP (64, 128) lr=0.001 do=0.2 act=ReLU",0.9639402394033192,9.003338443858144e-05
meta_dino+bio+color,"MLP (128, 64, 128) lr=0.001 do=0.2 act=GELU",0.9639402394033192,9.003338443858144e-05
meta_dino+bio+color,"MLP (128, 64, 128) lr=0.001 do=0.2 act=ReLU",0.9639402394033192,9.003338443858144e-05
meta_dino+bio+color,"MLP (128, 64, 128) lr=0.001 do=0.0 act=GELU",0.9639402394033192,9.003338443858144e-05
meta_dino+bio+color,"MLP (128, 64, 128) lr=0.001 do=0.0 act=ReLU",0.9639402394033192,9.003338443858144e-05
meta_dino+bio+color,"MLP (128, 64, 64) lr=0.001 do=0.2 act=GELU",0.9639402394033192,9.003338443858144e-05
meta_dino+bio+color,"MLP (128, 64, 64) lr=0.001 do=0.2 act=ReLU",0.9639402394033192,9.003338443858144e-05
meta_dino+bio+color,"MLP (64, 128, 64) lr=0.001 do=0.2 act=GELU",0.9639402394033192,9.003338443858144e-05
meta_dino+bio+color,"MLP (64, 128, 64) lr=0.001 do=0.2 act=ReLU",0.9639402394033192,9.003338443858144e-05
meta_dino+bio+color,"MLP (64, 128, 64) lr=0.001 do=0.0 act=GELU",0.9639402394033192,9.003338443858144e-05
meta_dino+bio+color,"MLP (64, 128, 64) lr=0.001 do=0.0 act=ReLU",0.9639402394033192,9.003338443858144e-05
meta_dino+bio+color,"MLP (64, 128, 64) lr=0.01 do=0.2 act=GELU",0.9639402394033192,9.003338443858144e-05
meta_dino+bio+color,"MLP (64, 128, 64) lr=0.01 do=0.2 act=ReLU",0.9639402394033192,9.003338443858144e-05
meta_dino+bio+color,"MLP (64, 128, 32) lr=0.001 do=0.2 act=GELU",0.9639402394033192,9.003338443858144e-05
meta_dino+bio+color,"MLP (64, 128, 32) lr=0.001 do=0.2 act=ReLU",0.9639402394033192,9.003338443858144e-05
meta_dino+bio+color,"MLP (64, 128, 32) lr=0.001 do=0.0 act=GELU",0.9639402394033192,9.003338443858144e-05
meta_dino+bio+color,"MLP (64, 128, 32) lr=0.001 do=0.0 act=ReLU",0.9639402394033192,9.003338443858144e-05
meta_dino+bio+color,"MLP (256, 256, 64) lr=0.0001 do=0.2 act=GELU",0.9639402394033192,9.003338443858144e-05
meta_dino+bio+color,"MLP (32, 256) lr=0.001 do=0.2 act=GELU",0.9639402394033192,9.003338443858144e-05
meta_dino+bio+color,"MLP (32, 256) lr=0.001 do=0.2 act=ReLU",0.9639402394033192,9.003338443858144e-05
meta_dino+bio+color,"MLP (32, 256) lr=0.001 do=0.0 act=GELU",0.9639402394033192,9.003338443858144e-05
meta_dino+bio+color,"MLP (32, 256) lr=0.001 do=0.0 act=ReLU",0.9639402394033192,9.003338443858144e-05
meta_dino+bio+color,"MLP (32, 256) lr=0.01 do=0.2 act=ReLU",0.9639402394033192,9.003338443858144e-05
meta_dino+bio+color,"MLP (32, 256) lr=0.01 do=0.0 act=ReLU",0.9639402394033192,9.003338443858144e-05
meta_dino+bio+color,"MLP (256, 256, 64) lr=0.0001 do=0.2 act=ReLU",0.9639402394033192,9.003338443858144e-05
meta_dino+bio+color,"MLP (64, 128, 128) lr=0.001 do=0.2 act=GELU",0.9639402394033192,9.003338443858144e-05
meta_dino+bio+color,"MLP (64, 128, 128) lr=0.001 do=0.2 act=ReLU",0.9639402394033192,9.003338443858144e-05
meta_dino+bio+color,"MLP (64, 128, 128) lr=0.001 do=0.0 act=GELU",0.9639402394033192,9.003338443858144e-05
meta_dino+bio+color,"MLP (64, 128, 128) lr=0.001 do=0.0 act=ReLU",0.9639402394033192,9.003338443858144e-05
meta_dino+bio+color,"MLP (128, 64, 32) lr=0.001 do=0.2 act=GELU",0.9639402394033192,9.003338443858144e-05
meta_dino+bio+color,"MLP (128, 64, 32) lr=0.001 do=0.2 act=ReLU",0.9639402394033192,9.003338443858144e-05
meta_dino+bio+color,"MLP (128, 64, 32) lr=0.001 do=0.0 act=GELU",0.9639402394033192,9.003338443858144e-05
meta_dino+bio+color,"MLP (128, 64, 32) lr=0.001 do=0.0 act=ReLU",0.9639402394033192,9.003338443858144e-05
meta_dino+bio+color,"MLP (128, 64, 32) lr=0.01 do=0.2 act=GELU",0.9639402394033192,9.003338443858144e-05
meta_dino+bio+color,"MLP (256, 256, 64) lr=0.0001 do=0.0 act=GELU",0.9639402394033192,9.003338443858144e-05
meta_dino+bio+color,"MLP (128, 32, 256) lr=0.001 do=0.2 act=GELU",0.9639402394033192,9.003338443858144e-05
meta_dino+bio+color,"MLP (128, 32, 256) lr=0.001 do=0.2 act=ReLU",0.9639402394033192,9.003338443858144e-05
meta_dino+bio+color,"MLP (128, 32, 256) lr=0.001 do=0.0 act=GELU",0.9639402394033192,9.003338443858144e-05
meta_dino+bio+color,"MLP (128, 32, 256) lr=0.001 do=0.0 act=ReLU",0.9639402394033192,9.003338443858144e-05
meta_dino+bio+color,"MLP (128, 32, 256) lr=0.01 do=0.0 act=GELU",0.9639402394033192,9.003338443858144e-05
meta_dino+bio+color,"MLP (64, 256, 32) lr=0.0001 do=0.2 act=ReLU",0.9639402394033192,9.003338443858144e-05
meta_dino+bio+color,"MLP (64, 256, 32) lr=0.001 do=0.2 act=GELU",0.9639402394033192,9.003338443858144e-05
meta_dino+bio+color,"MLP (64, 256, 32) lr=0.001 do=0.2 act=ReLU",0.9639402394033192,9.003338443858144e-05
meta_dino+bio+color,"MLP (64, 256, 32) lr=0.001 do=0.0 act=ReLU",0.9639402394033192,9.003338443858144e-05
meta_dino+bio+color,"MLP (64, 256, 32) lr=0.01 do=0.2 act=GELU",0.9639402394033192,9.003338443858144e-05
meta_dino+bio+color,"MLP (64, 128, 256) lr=0.001 do=0.2 act=GELU",0.9639402394033192,9.003338443858144e-05
meta_dino+bio+color,"MLP (64, 128, 256) lr=0.001 do=0.2 act=ReLU",0.9639402394033192,9.003338443858144e-05
meta_dino+bio+color,"MLP (64, 128, 256) lr=0.001 do=0.0 act=GELU",0.9639402394033192,9.003338443858144e-05
meta_dino+bio+color,"MLP (64, 128, 256) lr=0.001 do=0.0 act=ReLU",0.9639402394033192,9.003338443858144e-05
meta_dino+bio+color,"MLP (128, 32, 128) lr=0.001 do=0.2 act=GELU",0.9639402394033192,9.003338443858144e-05
meta_dino+bio+color,"MLP (128, 32, 128) lr=0.001 do=0.2 act=ReLU",0.9639402394033192,9.003338443858144e-05
meta_dino+bio+color,"MLP (128, 32, 128) lr=0.001 do=0.0 act=GELU",0.9639402394033192,9.003338443858144e-05
meta_dino+bio+color,"MLP (256, 256, 64) lr=0.0001 do=0.0 act=ReLU",0.9639402394033192,9.003338443858144e-05
meta_dino+bio+color,"MLP (128, 32, 128) lr=0.01 do=0.2 act=GELU",0.9639402394033192,9.003338443858144e-05
meta_dino+bio+color,"MLP (256, 256, 64) lr=0.001 do=0.2 act=ReLU",0.9639402394033192,9.003338443858144e-05
meta_dino+bio+color,"MLP (128, 32, 64) lr=0.001 do=0.2 act=GELU",0.9639402394033192,9.003338443858144e-05
meta_dino+bio+color,"MLP (64, 256, 128) lr=0.001 do=0.0 act=GELU",0.9639402394033192,9.003338443858144e-05
meta_dino+bio+color,"MLP (64, 256, 128) lr=0.001 do=0.0 act=ReLU",0.9639402394033192,9.003338443858144e-05
meta_dino+bio+color,"MLP (64, 256, 256) lr=0.001 do=0.2 act=ReLU",0.9639402394033192,9.003338443858144e-05
meta_dino+bio+color,"MLP (64, 256, 64) lr=0.001 do=0.2 act=GELU",0.9639402394033192,9.003338443858144e-05
meta_dino+bio+color,"MLP (64, 256, 64) lr=0.001 do=0.2 act=ReLU",0.9639402394033192,9.003338443858144e-05
meta_dino+bio+color,"MLP (64, 256, 64) lr=0.001 do=0.0 act=GELU",0.9639402394033192,9.003338443858144e-05
meta_dino+bio+color,"MLP (64, 256, 64) lr=0.001 do=0.0 act=ReLU",0.9639402394033192,9.003338443858144e-05
meta_dino+bio+color,"MLP (64, 256, 64) lr=0.01 do=0.2 act=GELU",0.9639402394033192,9.003338443858144e-05
meta_dino+bio+color,"MLP (64, 256, 64) lr=0.01 do=0.0 act=ReLU",0.9639402394033192,9.003338443858144e-05
meta_dino+bio+color,"MLP (128, 32, 64) lr=0.001 do=0.2 act=ReLU",0.9639402394033192,9.003338443858144e-05
meta_dino+bio+color,"MLP (128, 32, 64) lr=0.001 do=0.0 act=GELU",0.9639402394033192,9.003338443858144e-05
meta_dino+bio+color,"MLP (128, 32, 64) lr=0.001 do=0.0 act=ReLU",0.9639402394033192,9.003338443858144e-05
meta_dino+bio+color,"MLP (128, 32, 32) lr=0.001 do=0.0 act=GELU",0.9639402394033192,9.003338443858144e-05
meta_dino+bio+color,"MLP (128, 32, 32) lr=0.001 do=0.0 act=ReLU",0.9639402394033192,9.003338443858144e-05
meta_dino+bio+color,"MLP (256, 256, 256) lr=0.0001 do=0.2 act=ReLU",0.9639402394033192,9.003338443858144e-05
meta_dino+bio+color,"MLP (64, 64) lr=0.01 do=0.0 act=GELU",0.9639402394033192,9.003338443858144e-05
meta_dino+bio+color,"MLP (64, 64) lr=0.01 do=0.0 act=ReLU",0.9639402394033192,9.003338443858144e-05
meta_dino+bio+color,"MLP (64, 32) lr=0.001 do=0.2 act=GELU",0.9639402394033192,9.003338443858144e-05
meta_dino+bio+color,"MLP (64, 32) lr=0.001 do=0.2 act=ReLU",0.9639402394033192,9.003338443858144e-05
meta_dino+bio+color,"MLP (64, 32) lr=0.001 do=0.0 act=GELU",0.9639402394033192,9.003338443858144e-05
meta_dino+bio+color,"MLP (64, 32) lr=0.001 do=0.0 act=ReLU",0.9639402394033192,9.003338443858144e-05
meta_dino+bio+color,"MLP (64, 32) lr=0.01 do=0.2 act=GELU",0.9639402394033192,9.003338443858144e-05
meta_dino+bio+color,"MLP (64, 32) lr=0.01 do=0.2 act=ReLU",0.9639402394033192,9.003338443858144e-05
meta_dino+bio+color,"MLP (64, 32) lr=0.01 do=0.0 act=GELU",0.9639402394033192,9.003338443858144e-05
meta_dino+bio+color,"MLP (64, 32) lr=0.01 do=0.0 act=ReLU",0.9639402394033192,9.003338443858144e-05
meta_dino+bio+color,"MLP (64, 256, 128) lr=0.001 do=0.2 act=GELU",0.9639402394033192,9.003338443858144e-05
meta_dino+bio+color,"MLP (64, 256, 128) lr=0.001 do=0.2 act=ReLU",0.9639402394033192,9.003338443858144e-05
meta_dino+bio+color,"MLP (64, 256, 256) lr=0.0001 do=0.2 act=ReLU",0.9639402394033192,9.003338443858144e-05
meta_dino+bio+color,"MLP (64, 256, 256) lr=0.0001 do=0.0 act=ReLU",0.9639402394033192,9.003338443858144e-05
meta_dino+bio+color,"MLP (64, 256, 256) lr=0.001 do=0.2 act=GELU",0.9639402394033192,9.003338443858144e-05
meta_dino+bio+color,"MLP (32,) lr=0.001 do=0.2 act=GELU",0.9639402394033192,9.003338443858144e-05
meta_dino+bio+color,"MLP (128,) lr=0.001 do=0.2 act=GELU",0.9639402394033192,9.003338443858144e-05
meta_dino+bio+color,"MLP (128,) lr=0.001 do=0.2 act=ReLU",0.9639402394033192,9.003338443858144e-05
meta_dino+bio+color,"MLP (128,) lr=0.001 do=0.0 act=GELU",0.9639402394033192,9.003338443858144e-05
meta_dino+bio+color,"MLP (128,) lr=0.001 do=0.0 act=ReLU",0.9639402394033192,9.003338443858144e-05
meta_dino+bio+color,"MLP (128,) lr=0.01 do=0.2 act=GELU",0.9639402394033192,9.003338443858144e-05
meta_dino+bio+color,"MLP (256, 256, 256) lr=0.001 do=0.2 act=ReLU",0.9639402394033192,9.003338443858144e-05
meta_dino+bio+color,"MLP (256, 256, 256) lr=0.001 do=0.0 act=GELU",0.9639402394033192,9.003338443858144e-05
meta_dino+bio+color,"MLP (256, 256, 256) lr=0.001 do=0.0 act=ReLU",0.9639402394033192,9.003338443858144e-05
meta_dino+bio+color,"MLP (256, 256, 128) lr=0.0001 do=0.2 act=ReLU",0.9639402394033192,9.003338443858144e-05
meta_dino+bio+color,"MLP (256, 256, 128) lr=0.0001 do=0.0 act=GELU",0.9639402394033192,9.003338443858144e-05
meta_dino+bio+color,"MLP (256, 256, 128) lr=0.0001 do=0.0 act=ReLU",0.9639402394033192,9.003338443858144e-05
meta_dino+bio+color,"MLP (64,) lr=0.01 do=0.2 act=GELU",0.9639402394033192,9.003338443858144e-05
meta_dino+bio+color,"MLP (64,) lr=0.01 do=0.2 act=ReLU",0.9639402394033192,9.003338443858144e-05
meta_dino+bio+color,"MLP (64,) lr=0.01 do=0.0 act=GELU",0.9639402394033192,9.003338443858144e-05
meta_dino+bio+color,"MLP (256, 256, 64) lr=0.001 do=0.0 act=ReLU",0.9639402394033192,9.003338443858144e-05
meta_dino+bio+color,"MLP (256, 256, 256) lr=0.0001 do=0.2 act=GELU",0.9639402394033192,9.003338443858144e-05
meta_dino+bio+color,"MLP (128,) lr=0.01 do=0.0 act=GELU",0.9639402394033192,9.003338443858144e-05
meta_dino+bio+color,"MLP (128,) lr=0.01 do=0.0 act=ReLU",0.9639402394033192,9.003338443858144e-05
meta_dino+bio+color,"MLP (64,) lr=0.001 do=0.2 act=GELU",0.9639402394033192,9.003338443858144e-05
meta_dino+bio+color,"MLP (64,) lr=0.001 do=0.2 act=ReLU",0.9639402394033192,9.003338443858144e-05
meta_dino+bio+color,"MLP (64,) lr=0.001 do=0.0 act=GELU",0.9639402394033192,9.003338443858144e-05
meta_dino+bio+color,"MLP (64,) lr=0.001 do=0.0 act=ReLU",0.9639402394033192,9.003338443858144e-05
meta_dino+bio+color,"MLP (256, 256, 256) lr=0.0001 do=0.0 act=GELU",0.9639402394033192,9.003338443858144e-05
meta_dino+bio+color,"MLP (256, 256, 256) lr=0.0001 do=0.0 act=ReLU",0.9639402394033192,9.003338443858144e-05
meta_dino+bio+color,"MLP (128, 256) lr=0.001 do=0.2 act=GELU",0.9639402394033192,9.003338443858144e-05
meta_dino+bio+color,"MLP (128, 256) lr=0.001 do=0.2 act=ReLU",0.9639402394033192,9.003338443858144e-05
meta_dino+bio+color,"MLP (128, 256) lr=0.001 do=0.0 act=GELU",0.9639402394033192,9.003338443858144e-05
meta_dino+bio+color,"MLP (128, 256) lr=0.001 do=0.0 act=ReLU",0.9639402394033192,9.003338443858144e-05
meta_dino+bio+color,"MLP (128, 256) lr=0.01 do=0.2 act=ReLU",0.9639402394033192,9.003338443858144e-05
meta_dino+bio+color,"MLP (128, 256) lr=0.01 do=0.0 act=ReLU",0.9639402394033192,9.003338443858144e-05
meta_dino+bio+color,"MLP (128,) lr=0.01 do=0.2 act=ReLU",0.9639402394033192,9.003338443858144e-05
meta_dino+bio+color,"MLP (256, 128, 32) lr=0.01 do=0.2 act=ReLU",0.9639276348726424,0.00010263791511538889
meta_dino+bio+color,"MLP (32, 32, 64) lr=0.01 do=0.2 act=GELU",0.9639091640169303,0.006109132722923238
meta_dino+bio+color,"MLP (256, 256, 256) lr=0.01 do=0.2 act=GELU",0.9639007658180738,0.005957889582750342
meta_dino+bio+color,"MLP (128, 128, 64) lr=0.01 do=0.0 act=GELU",0.9639007658180738,0.005957889582750342
meta_dino+bio+color,"MLP (256, 128) lr=0.0001 do=0.2 act=ReLU",0.9638984054006419,0.00013186738711590262
meta_dino+bio+color,"MLP (256, 32) lr=0.01 do=0.2 act=GELU",0.9638984054006419,0.00013186738711590262
meta_dino+bio+color,"MLP (128, 256) lr=0.0001 do=0.2 act=GELU",0.9638984054006419,0.00013186738711590262
meta_dino+bio+color,"MLP (128, 32, 64) lr=0.01 do=0.2 act=GELU",0.9638984054006419,0.00013186738711590262
meta_dino+bio+color,"MLP (64, 256, 64) lr=0.01 do=0.0 act=GELU",0.9638984054006419,0.00013186738711590262
meta_dino+bio+color,"MLP (256, 64) lr=0.0001 do=0.2 act=ReLU",0.9638984054006419,0.00013186738711590262
meta_dino+bio+color,"MLP (256, 64) lr=0.0001 do=0.0 act=GELU",0.9638984054006419,0.00013186738711590262
meta_dino+bio+color,"MLP (128, 32, 64) lr=0.01 do=0.2 act=ReLU",0.9638984054006419,0.00013186738711590262
meta_dino+bio+color,"MLP (256, 128, 64) lr=0.01 do=0.2 act=ReLU",0.9638984054006419,0.00013186738711590262
meta_dino+bio+color,"MLP (128, 256) lr=0.0001 do=0.2 act=ReLU",0.9638984054006419,0.00013186738711590262
meta_dino+bio+color,"MLP (128, 256) lr=0.0001 do=0.0 act=GELU",0.9638984054006419,0.00013186738711590262
meta_dino+bio+color,"MLP (256, 64, 128) lr=0.01 do=0.0 act=GELU",0.9638984054006419,0.00013186738711590262
meta_dino+bio+color,"MLP (256, 64, 256) lr=0.0001 do=0.0 act=ReLU",0.9638984054006419,0.00013186738711590262
meta_dino+bio+color,"MLP (256, 128, 128) lr=0.01 do=0.2 act=GELU",0.9638984054006419,0.00013186738711590262
meta_dino+bio+color,"MLP (64, 128, 256) lr=0.01 do=0.0 act=ReLU",0.9638984054006419,0.00013186738711590262
meta_dino+bio+color,"MLP (128, 128, 256) lr=0.0001 do=0.0 act=ReLU",0.9638984054006419,0.00013186738711590262
meta_dino+bio+color,"MLP (64, 32, 256) lr=0.001 do=0.2 act=ReLU",0.9638984054006419,0.00013186738711590262
meta_dino+bio+color,"MLP (32, 256, 128) lr=0.01 do=0.2 act=ReLU",0.9638984054006419,0.00013186738711590262
meta_dino+bio+color,"MLP (128, 256, 64) lr=0.01 do=0.2 act=ReLU",0.9638984054006419,0.00013186738711590262
meta_dino+bio+color,"MLP (32, 64, 256) lr=0.01 do=0.2 act=GELU",0.9638984054006419,0.00013186738711590262
meta_dino+bio+color,"MLP (32, 128, 32) lr=0.01 do=0.2 act=ReLU",0.9638984054006419,0.00013186738711590262
meta_dino+bio+color,"MLP (32, 128, 64) lr=0.01 do=0.0 act=ReLU",0.9638984054006419,0.00013186738711590262
meta_dino+bio+color,"MLP (256, 32, 256) lr=0.0001 do=0.2 act=ReLU",0.9638984054006419,0.00013186738711590262
meta_dino+bio+color,"MLP (256, 64, 64) lr=0.0001 do=0.0 act=ReLU",0.9638984054006419,0.00013186738711590262
meta_dino+bio+color,"MLP (256, 64, 64) lr=0.0001 do=0.2 act=ReLU",0.9638984054006419,0.00013186738711590262
meta_dino+bio+color,"MLP (256, 64) lr=0.0001 do=0.2 act=GELU",0.9638984054006419,0.00013186738711590262
meta_dino+bio+color,"MLP (256, 128) lr=0.0001 do=0.0 act=ReLU",0.9638984054006419,0.00013186738711590262
meta_dino+bio+color,"MLP (64, 256, 128) lr=0.0001 do=0.2 act=GELU",0.9638984054006419,0.00013186738711590262
meta_dino+bio+color,"MLP (128, 128) lr=0.0001 do=0.0 act=ReLU",0.9638984054006419,0.00013186738711590262
meta_dino+bio+color,"MLP (256, 256, 128) lr=0.01 do=0.2 act=GELU",0.9638984054006419,0.00013186738711590262
meta_dino+bio+color,"MLP (128, 64, 256) lr=0.0001 do=0.2 act=ReLU",0.9638984054006419,0.00013186738711590262
meta_dino+bio+color,"MLP (128, 256) lr=0.0001 do=0.0 act=ReLU",0.9638984054006419,0.00013186738711590262
meta_dino+bio+color,"MLP (256, 256, 64) lr=0.01 do=0.2 act=ReLU",0.9638984054006419,0.00013186738711590262
meta_dino+bio+color,"MLP (128, 128) lr=0.0001 do=0.2 act=ReLU",0.9638984054006419,0.00013186738711590262
meta_dino+bio+color,"MLP (128, 64, 256) lr=0.01 do=0.2 act=ReLU",0.9638984054006419,0.00013186738711590262
meta_dino+bio+color,"MLP (128, 64, 128) lr=0.01 do=0.2 act=GELU",0.9638984054006419,0.00013186738711590262
meta_dino+bio+color,"MLP (128, 64, 128) lr=0.01 do=0.2 act=ReLU",0.9638984054006419,0.00013186738711590262
meta_dino+bio+color,"MLP (128, 128, 64) lr=0.0001 do=0.0 act=GELU",0.9638984054006419,0.00013186738711590262
meta_dino+bio+color,"MLP (128, 128, 64) lr=0.0001 do=0.0 act=ReLU",0.9638984054006419,0.00013186738711590262
meta_dino+bio+color,"MLP (64, 64, 128) lr=0.0001 do=0.0 act=ReLU",0.9638984054006419,0.00013186738711590262
meta_dino+bio+color,"MLP (128, 256, 128) lr=0.0001 do=0.2 act=ReLU",0.9638984054006419,0.00013186738711590262
meta_dino+bio+color,"MLP (32, 128, 128) lr=0.01 do=0.2 act=ReLU",0.9638984054006419,0.00013186738711590262
meta_dino+bio+color,"MLP (256, 32, 256) lr=0.01 do=0.2 act=ReLU",0.9638984054006419,0.00013186738711590262
meta_dino+bio+color,"MLP (64, 32, 256) lr=0.01 do=0.0 act=ReLU",0.9638984054006419,0.00013186738711590262
meta_dino+bio+color,"MLP (64, 64, 64) lr=0.01 do=0.2 act=GELU",0.9638984054006419,0.00013186738711590262
meta_dino+bio+color,"MLP (128, 64, 256) lr=0.0001 do=0.0 act=ReLU",0.9638984054006419,0.00013186738711590262
meta_dino+bio+color,"MLP (256, 32, 32) lr=0.01 do=0.0 act=ReLU",0.9638984054006419,0.00013186738711590262
meta_dino+bio+color,"MLP (32, 256) lr=0.0001 do=0.0 act=GELU",0.9638984054006419,0.00013186738711590262
meta_dino+bio+color,"MLP (64, 64, 128) lr=0.0001 do=0.2 act=ReLU",0.9638984054006419,0.00013186738711590262
meta_dino+bio+color,"MLP (256, 32, 256) lr=0.01 do=0.0 act=GELU",0.96389055310315,4.0347084269365396e-05
meta_dino+bio+color,"MLP (64, 64, 256) lr=0.0001 do=0.0 act=ReLU",0.96389055310315,4.0347084269365396e-05
meta_dino+bio+color,"MLP (256, 256, 32) lr=0.0001 do=0.0 act=GELU",0.96389055310315,4.0347084269365396e-05
meta_dino+bio+color,"MLP (128, 128, 64) lr=0.01 do=0.0 act=ReLU",0.96389055310315,4.0347084269365396e-05
meta_dino+bio+color,"MLP (256, 64, 128) lr=0.01 do=0.2 act=GELU",0.96389055310315,4.0347084269365396e-05
meta_dino+bio+color,"MLP (256, 128, 64) lr=0.0001 do=0.2 act=ReLU",0.96389055310315,4.0347084269365396e-05
meta_dino+bio+color,"MLP (256, 32, 256) lr=0.01 do=0.0 act=ReLU",0.9638770591241232,4.25001088412702e-05
meta_dino+bio+color,"MLP (64, 64, 128) lr=0.01 do=0.2 act=GELU",0.9638737058038515,2.349978497084848e-05
meta_dino+bio+color,"MLP (256, 32, 128) lr=0.01 do=0.2 act=ReLU",0.9638737058038515,2.349978497084848e-05
meta_dino+bio+color,"MLP (256, 256, 64) lr=0.01 do=0.0 act=ReLU",0.9638737058038515,2.349978497084848e-05
meta_dino+bio+color,"MLP (128, 128, 128) lr=0.01 do=0.0 act=GELU",0.9638737058038515,2.349978497084848e-05
meta_dino+bio+color,"MLP (64, 64, 32) lr=0.01 do=0.0 act=GELU",0.9638692014628225,6.16987245968259e-05
meta_dino+bio+color,"MLP (256, 64, 256) lr=0.01 do=0.2 act=ReLU",0.9638489652156595,0.00018130757209822157
meta_dino+bio+color,"MLP (64, 256, 128) lr=0.01 do=0.2 act=ReLU",0.9638487191004727,8.218108694668658e-05
meta_dino+bio+color,"MLP (128, 128, 256) lr=0.01 do=0.2 act=GELU",0.9638487191004727,8.218108694668658e-05
meta_dino+bio+color,"MLP (128, 256, 128) lr=0.0001 do=0.2 act=GELU",0.9638487191004727,8.218108694668658e-05
meta_dino+bio+color,"MLP (128, 256, 128) lr=0.0001 do=0.0 act=GELU",0.9638487191004727,8.218108694668658e-05
meta_dino+bio+color,"MLP (256, 64, 256) lr=0.001 do=0.0 act=GELU",0.9638469195495203,3.2864693603196216e-06
meta_dino+bio+color,"MLP (32, 128, 64) lr=0.01 do=0.2 act=GELU",0.9638469195495203,3.2864693603196216e-06
meta_dino+bio+color,"MLP (32, 128, 64) lr=0.001 do=0.0 act=GELU",0.9638469195495203,3.2864693603196216e-06
meta_dino+bio+color,"MLP (128, 32, 32) lr=0.01 do=0.2 act=ReLU",0.9638469195495203,3.2864693603196216e-06
meta_dino+bio+color,"MLP (32, 64, 128) lr=0.01 do=0.2 act=ReLU",0.9638469195495203,3.2864693603196216e-06
meta_dino+bio+color,"MLP (128, 32, 32) lr=0.001 do=0.2 act=ReLU",0.9638469195495203,3.2864693603196216e-06
meta_dino+bio+color,"MLP (256, 128, 32) lr=0.001 do=0.2 act=ReLU",0.9638463573817263,0.00018391540603146517
meta_dino+bio+color,"MLP (32, 32, 256) lr=0.01 do=0.0 act=GELU",0.9638463573817263,0.00018391540603146517
meta_dino+bio+color,"MLP (64, 128) lr=0.0001 do=0.0 act=GELU",0.9638434462995746,0.0001757886560133648
meta_dino+bio+color,"MLP (128, 32, 128) lr=0.01 do=0.0 act=GELU",0.9638355024681767,0.00017306049248189126
meta_dino+bio+color,"MLP (128, 64, 64) lr=0.0001 do=0.0 act=ReLU",0.9638344796351074,6.272595371492606e-05
meta_dino+bio+color,"MLP (256, 128) lr=0.0001 do=0.2 act=GELU",0.9638318718011741,6.533378764816966e-05
meta_dino+bio+color,"MLP (256, 128) lr=0.0001 do=0.0 act=GELU",0.9638318718011741,6.533378764816966e-05
meta_dino+bio+color,"MLP (128, 32, 64) lr=0.01 do=0.0 act=ReLU",0.9638318718011741,6.533378764816966e-05
meta_dino+bio+color,"MLP (64, 128, 128) lr=0.01 do=0.0 act=ReLU",0.9638318718011741,6.533378764816966e-05
meta_dino+bio+color,"MLP (128, 256, 64) lr=0.0001 do=0.0 act=ReLU",0.9638318718011741,6.533378764816966e-05
meta_dino+bio+color,"MLP (128, 64, 64) lr=0.01 do=0.2 act=GELU",0.9638318718011741,6.533378764816966e-05
meta_dino+bio+color,"MLP (64, 32, 64) lr=0.01 do=0.0 act=GELU",0.9638318718011741,6.533378764816966e-05
meta_dino+bio+color,"MLP (128, 256, 64) lr=0.0001 do=0.2 act=GELU",0.9638318718011741,6.533378764816966e-05
meta_dino+bio+color,"MLP (128, 128, 128) lr=0.01 do=0.0 act=ReLU",0.9638318718011741,6.533378764816966e-05
meta_dino+bio+color,"MLP (128, 128, 64) lr=0.0001 do=0.2 act=ReLU",0.9638318718011741,6.533378764816966e-05
meta_dino+bio+color,"MLP (128, 64, 64) lr=0.0001 do=0.2 act=ReLU",0.9638318718011741,6.533378764816966e-05
meta_dino+bio+color,"MLP (128, 128) lr=0.0001 do=0.2 act=GELU",0.9638318718011741,6.533378764816966e-05
meta_dino+bio+color,"MLP (128, 128) lr=0.0001 do=0.0 act=GELU",0.9638318718011741,6.533378764816966e-05
meta_dino+bio+color,"MLP (256, 256, 256) lr=0.01 do=0.0 act=ReLU",0.9638318718011741,6.533378764816966e-05
meta_dino+bio+color,"MLP (128, 64, 256) lr=0.01 do=0.0 act=GELU",0.9637932591496677,0.00016723651263506056
meta_dino+bio+color,"MLP (64, 256, 128) lr=0.01 do=0.2 act=GELU",0.9637901016295827,6.0104389297988003e-05
meta_dino+bio+color,"MLP (256, 128, 32) lr=0.001 do=0.2 act=GELU",0.9637873159736252,0.006197867269718881
meta_dino+bio+color,"MLP (64, 128, 128) lr=0.01 do=0.2 act=GELU",0.9637711419609181,0.0002591308268397041
meta_dino+bio+color,"MLP (32, 128, 256) lr=0.01 do=0.0 act=GELU",0.9637556453618606,8.79877182993205e-05
meta_dino+bio+color,"MLP (256, 128, 32) lr=0.01 do=0.2 act=GELU",0.9637553753391355,0.00014183024968683622
meta_dino+bio+color,"MLP (32, 32, 32) lr=0.01 do=0.0 act=GELU",0.9637551279634777,8.747031991634957e-05
meta_dino+bio+color,"MLP (128, 32, 32) lr=0.01 do=0.0 act=ReLU",0.9637530375279274,9.05955522325641e-05
meta_dino+bio+color,"MLP (32, 32, 64) lr=0.01 do=0.0 act=GELU",0.9637482676269054,1.8270386620666823e-05
meta_dino+bio+color,"MLP (128, 256, 32) lr=0.01 do=0.0 act=GELU",0.9637482676269054,1.8270386620666823e-05
meta_dino+bio+color,"MLP (256, 128, 256) lr=0.01 do=0.0 act=GELU",0.9636792012252517,0.006179454175572419
meta_dino+bio+color,"MLP (128, 64) lr=0.0001 do=0.0 act=ReLU",0.9636702902024668,9.624781105921354e-05
meta_dino+bio+color,"MLP (256, 256, 128) lr=0.01 do=0.0 act=GELU",0.9635296347575109,0.006057212601353945
meta_dino+bio+color,"MLP (32, 256, 128) lr=0.0001 do=0.2 act=GELU",0.9635264741275589,0.00029185788089447495
meta_dino+bio+color,"MLP (128, 64) lr=0.0001 do=0.2 act=ReLU",0.9635103430545678,6.369933683969542e-05
meta_dino+bio+color,"MLP (32, 256, 32) lr=0.01 do=0.0 act=ReLU",0.9634789386111837,0.00021145564136199058
meta_dino+bio+color,"MLP (128, 64, 128) lr=0.01 do=0.0 act=ReLU",0.9634581442942131,0.00030839371931290493
meta_dino+bio+color,"MLP (128, 256, 256) lr=0.01 do=0.0 act=ReLU",0.9616009632631173,0.008246282864249443
meta_dino+bio+color,"MLP (256, 32, 64) lr=0.01 do=0.0 act=ReLU",0.9614866121429996,0.0034662365021418395
meta_dino+bio+color,"MLP (32, 256, 128) lr=0.01 do=0.0 act=GELU",0.9610246559338029,0.008833999467021292
meta_dino+bio+color,"MLP (32, 256, 256) lr=0.0001 do=0.2 act=ReLU",0.9609407085111864,0.002909497507694203
meta_dino+bio+color,"MLP (256, 64, 128) lr=0.0001 do=0.2 act=ReLU",0.9609254356774377,0.0029247703414429504
meta_dino+bio+color,"MLP (64, 32, 32) lr=0.01 do=0.0 act=ReLU",0.9609151520408824,0.003115120746875366
meta_dino+bio+color,"MLP (64, 128, 32) lr=0.01 do=0.2 act=ReLU",0.9609151520408824,0.003115120746875366
meta_dino+bio+color,"MLP (32, 256, 128) lr=0.0001 do=0.2 act=ReLU",0.9609151520408824,0.003115120746875366
meta_dino+bio+color,"MLP (32, 128, 256) lr=0.0001 do=0.0 act=GELU",0.9608988745085091,0.002867663505016882
meta_dino+bio+color,"MLP (256, 64, 64) lr=0.01 do=0.0 act=ReLU",0.960896541127102,0.0029536648917785624
meta_dino+bio+color,"MLP (32, 128, 256) lr=0.0001 do=0.2 act=ReLU",0.960896541127102,0.0029536648917785624
meta_dino+bio+color,"MLP (256, 64) lr=0.01 do=0.0 act=ReLU",0.960896541127102,0.0029536648917785624
meta_dino+bio+color,"MLP (128, 256, 128) lr=0.01 do=0.0 act=ReLU",0.960896541127102,0.0029536648917785624
meta_dino+bio+color,"MLP (64, 128) lr=0.0001 do=0.2 act=ReLU",0.960896541127102,0.0029536648917785624
meta_dino+bio+color,"MLP (32, 256) lr=0.0001 do=0.0 act=ReLU",0.9608959192656257,0.003134353522132094
meta_dino+bio+color,"MLP (32, 256, 128) lr=0.0001 do=0.0 act=ReLU",0.9608863572078707,0.003143915579886969
meta_dino+bio+color,"MLP (64, 256, 256) lr=0.01 do=0.0 act=GELU",0.9608792229617906,0.00277769654204596
meta_dino+bio+color,"MLP (128, 256, 64) lr=0.01 do=0.2 act=GELU",0.9608547071244247,0.002911830889101241
meta_dino+bio+color,"MLP (128, 128, 32) lr=0.01 do=0.0 act=ReLU",0.9608486184414147,0.003048587147407633
meta_dino+bio+color,"MLP (256, 256, 64) lr=0.01 do=0.0 act=GELU",0.9608300075276344,0.00302019849124624
meta_dino+bio+color,"MLP (256, 128, 256) lr=0.01 do=0.2 act=ReLU",0.9608300075276344,0.00302019849124624
meta_dino+bio+color,"MLP (256, 128, 128) lr=0.01 do=0.0 act=GELU",0.9608062954698748,0.0030909101189474097
meta_dino+bio+color,"MLP (128, 32, 128) lr=0.01 do=0.0 act=ReLU",0.9608058134914642,0.003044392527416395
meta_dino+bio+color,"MLP (256, 128, 256) lr=0.01 do=0.2 act=GELU",0.960788173524957,0.0029783644885689187
meta_dino+bio+color,"MLP (256, 128, 128) lr=0.01 do=0.0 act=ReLU",0.960788173524957,0.0029783644885689187
meta_dino+bio+color,"MLP (128, 128, 32) lr=0.01 do=0.0 act=GELU",0.960745576772537,0.002935767736148953
meta_dino+bio+color,"MLP (32, 32, 32) lr=0.001 do=0.0 act=GELU",0.9607430350012955,0.0032872377864621716
meta_dino+bio+color,"MLP (256, 64, 64) lr=0.01 do=0.0 act=GELU",0.9607415101337476,0.0031086958851329616
meta_dino+bio+color,"MLP (32, 256, 32) lr=0.01 do=0.2 act=GELU",0.9607399381984999,0.0032903345892578706
meta_dino+bio+color,"MLP (32, 256, 32) lr=0.001 do=0.2 act=GELU",0.9607399381984999,0.0032903345892578706
meta_dino+bio+color,"MLP (256, 32, 128) lr=0.01 do=0.0 act=GELU",0.960703684390255,0.002963973253306329
meta_dino+bio+color,"MLP (32, 32, 32) lr=0.01 do=0.2 act=GELU",0.9607012457680291,0.0031413525153647925
meta_dino+bio+color,"MLP (32, 32, 32) lr=0.001 do=0.2 act=GELU",0.9607012457680291,0.0031413525153647925
meta_dino+bio+color,"MLP (256, 128, 64) lr=0.01 do=0.0 act=ReLU",0.9606923175762906,0.0030742204372353754
meta_dino+bio+color,"MLP (64, 256, 256) lr=0.01 do=0.2 act=GELU",0.9606738862438888,0.009184769156935335
meta_dino+bio+color,"MLP (32, 256, 32) lr=0.01 do=0.2 act=ReLU",0.9606459037027457,0.003384369085012051
meta_dino+bio+color,"MLP (32, 256, 32) lr=0.001 do=0.0 act=GELU",0.9606404304690908,0.003190826859848672
meta_dino+bio+color,"MLP (128, 32, 256) lr=0.0001 do=0.2 act=GELU",0.9606343752540816,0.00339589753367614
meta_dino+bio+color,"MLP (128, 32, 256) lr=0.0001 do=0.0 act=GELU",0.9606343752540816,0.00339589753367614
meta_dino+bio+color,"MLP (64, 32, 256) lr=0.01 do=0.0 act=GELU",0.9606325728077898,0.0032100254756040614
meta_dino+bio+color,"MLP (32, 256, 128) lr=0.01 do=0.0 act=ReLU",0.9606194778075413,0.003042964168153528
meta_dino+bio+color,"MLP (256, 256, 32) lr=0.01 do=0.0 act=GELU",0.9605416545528,0.0029651409134122675
meta_dino+bio+color,"MLP (32, 256, 32) lr=0.001 do=0.0 act=ReLU",0.9605259056308679,0.003275109152858946
meta_dino+bio+color,"MLP (64, 64, 128) lr=0.0001 do=0.0 act=GELU",0.9578895896987124,0.005876948314813557
meta_dino+bio+color,"MLP (64, 128, 64) lr=0.0001 do=0.2 act=ReLU",0.957888457345349,0.005878080668176966
meta_dino+bio+color,"MLP (64, 128, 256) lr=0.0001 do=0.2 act=ReLU",0.9577625971936579,4.721184273032142e-05
meta_dino+bio+color,"MLP (128, 256, 256) lr=0.01 do=0.2 act=ReLU",0.9577605900251405,0.006269682762617301
meta_dino+bio+color,"MLP (256, 128, 32) lr=0.01 do=0.0 act=GELU",0.9577052298110134,5.293892514579568e-06
meta_dino+bio+color,"MLP (256, 64) lr=0.01 do=0.0 act=GELU",0.9577038481719984,0.006146357846882167
meta_dino+bio+color,"MLP (64, 64, 64) lr=0.01 do=0.0 act=GELU",0.9576851662156918,0.00025771001963176277
meta_dino+bio+color,"MLP (256, 64, 256) lr=0.01 do=0.0 act=GELU",0.9576704909716496,0.00041969449364059885
meta_dino+bio+color,"MLP (128, 128, 256) lr=0.01 do=0.0 act=GELU",0.9575395485485526,0.006310657470327996
meta_dino+bio+color,"MLP (32, 128, 128) lr=0.01 do=0.0 act=ReLU",0.9575337171048681,0.0001111697726823846
meta_dino+bio+color,"MLP (128, 256, 32) lr=0.0001 do=0.0 act=ReLU",0.9575019849177239,7.452872166391344e-05
meta_dino+bio+color,"MLP (128, 256, 32) lr=0.0001 do=0.2 act=ReLU",0.9575019849177239,7.452872166391344e-05
meta_dino+bio+color,"MLP (32, 32, 32) lr=0.01 do=0.0 act=ReLU",0.9574851783123906,6.263098020481417e-05
meta_dino+bio+color,"MLP (32, 32, 32) lr=0.001 do=0.0 act=ReLU",0.9574482264014759,0.0002230051702304947
meta_dino+bio+color,"MLP (32, 32, 32) lr=0.01 do=0.2 act=ReLU",0.9574134719659932,0.00016304167339448172
meta_dino+bio+color,"MLP (32, 32, 32) lr=0.001 do=0.2 act=ReLU",0.9573205913057836,8.580801678342853e-05
meta_dino+bio+color,"MLP (64, 64) lr=0.0001 do=0.2 act=ReLU",0.9554260201463366,0.008340517867189368
meta_dino+bio+color,"MLP (256, 64, 256) lr=0.01 do=0.0 act=ReLU",0.9552242037327249,0.008626002286155732
meta_dino+bio+color,"MLP (32, 256, 64) lr=0.0001 do=0.0 act=ReLU",0.9551424023745776,0.008788497812841745
meta_dino+bio+color,"MLP (64, 256, 64) lr=0.0001 do=0.2 act=ReLU",0.9548445078126995,0.002929122416020502
meta_dino+bio+color,"MLP (256, 32, 64) lr=0.01 do=0.0 act=GELU",0.9524884418648341,0.0005035718829760616
meta_dino+bio+color,"MLP (64, 128, 64) lr=0.0001 do=0.0 act=ReLU",0.9523816294057545,0.005178263846909781
meta_dino+bio+color,"MLP (64, 256, 32) lr=0.01 do=0.0 act=GELU",0.9519736745581742,1.6741878349879613e-05
meta_dino+bio+color,"MLP (256, 128, 32) lr=0.01 do=0.0 act=ReLU",0.9515214807116703,1.2794918990866044e-05
meta_dino+bio+color,"MLP (128, 64) lr=0.0001 do=0.2 act=GELU",0.9512125503395361,0.012477843913009712
meta_dino+bio+color,"MLP (128, 64) lr=0.0001 do=0.0 act=GELU",0.9512125503395361,0.012477843913009712
meta_dino+bio+color,"MLP (64, 64) lr=0.0001 do=0.0 act=ReLU",0.9494069717211768,0.014443234297703778
meta_dino+bio+color,"MLP (32, 128, 256) lr=0.0001 do=0.0 act=ReLU",0.9422069971381568,0.02164320888072374
meta_dino+bio+color,"MLP (64, 128, 128) lr=0.0001 do=0.2 act=ReLU",0.9418939802187551,0.0027162579690190314
meta_dino+bio+color,"MLP (128, 32, 128) lr=0.0001 do=0.0 act=GELU",0.935498825481118,0.028267712532408007
meta_dino+bio+color,"MLP (64, 256, 128) lr=0.0001 do=0.0 act=GELU",0.9349219397273374,0.028844598286188627
meta_dino+bio+color,"MLP (256, 128, 64) lr=0.0001 do=0.0 act=ReLU",0.9165829421569943,0.010758007957096916
meta_dino+bio+color,"MLP (256, 256, 256) lr=0.01 do=0.2 act=ReLU",0.914015043060875,0.05001522972688277
meta_dino+bio+color,"MLP (64, 128) lr=0.0001 do=0.2 act=GELU",0.9119764946705553,0.05169116297300602
meta_dino+bio+color,"MLP (256, 64, 128) lr=0.0001 do=0.0 act=GELU",0.9112923026134745,0.052321561350175516
meta_dino+bio+color,"MLP (256, 128, 32) lr=0.0001 do=0.2 act=ReLU",0.90848737468051,0.04904825514427652
meta_dino+bio+color,"MLP (256, 64, 128) lr=0.0001 do=0.2 act=GELU",0.908356428130692,0.05541010988283396
meta_dino+bio+color,"MLP (256, 64, 32) lr=0.0001 do=0.0 act=GELU",0.9076995284547611,0.06818322333160537
meta_dino+bio+color,"MLP (128, 32) lr=0.0001 do=0.2 act=GELU",0.9072535573509528,0.06262074505346987
meta_dino+bio+color,"MLP (128, 256, 64) lr=0.0001 do=0.0 act=GELU",0.9044874664557434,0.0594097391330789
meta_dino+bio+color,"MLP (32, 256) lr=0.0001 do=0.2 act=GELU",0.9026952594836405,0.06133501330411728
meta_dino+bio+color,"MLP (32, 64, 256) lr=0.0001 do=0.0 act=ReLU",0.902022157895652,0.06174438011787403
meta_dino+bio+color,"MLP (64, 64, 256) lr=0.0001 do=0.0 act=GELU",0.900575365944962,0.0631911720685639
meta_dino+bio+color,"MLP (64, 64, 256) lr=0.0001 do=0.2 act=GELU",0.9004481025052382,0.06306390862884009
meta_dino+bio+color,"MLP (256, 32, 128) lr=0.0001 do=0.0 act=ReLU",0.8996402550347071,0.06412628297881878
meta_dino+bio+color,"MLP (64, 128, 64) lr=0.0001 do=0.0 act=GELU",0.8994456803807949,0.0644045256380858
meta_dino+bio+color,"MLP (64, 64, 256) lr=0.0001 do=0.2 act=ReLU",0.8983746519321122,0.05972276005910082
meta_dino+bio+color,"MLP (32, 256, 256) lr=0.0001 do=0.0 act=ReLU",0.8966208518132983,0.060973812558474616
meta_dino+bio+color,"MLP (64, 64, 128) lr=0.0001 do=0.2 act=GELU",0.896034133943556,0.06773240406996989
meta_dino+bio+color,"MLP (64, 128, 256) lr=0.0001 do=0.0 act=ReLU",0.8957798622905437,0.062163013944779744
meta_dino+bio+color,"MLP (64, 256, 64) lr=0.0001 do=0.0 act=ReLU",0.8942463430830652,0.053068645278861404
meta_dino+bio+color,"MLP (32, 128, 256) lr=0.0001 do=0.2 act=GELU",0.8939956232456536,0.06977091476787234
meta_dino+bio+color,"MLP (128, 32, 128) lr=0.0001 do=0.2 act=GELU",0.8929904356673389,0.07077610234618703
meta_dino+bio+color,"MLP (128, 64, 128) lr=0.0001 do=0.2 act=GELU",0.8928893752702938,0.059197538577775155
meta_dino+bio+color,"MLP (32, 64, 256) lr=0.0001 do=0.2 act=ReLU",0.8920115898056262,0.053453169665157396
meta_dino+bio+color,"MLP (32, 128, 128) lr=0.0001 do=0.0 act=ReLU",0.8898881774220805,0.06814303358141172
meta_dino+bio+color,"MLP (32, 256) lr=0.0001 do=0.2 act=ReLU",0.8845887226959823,0.04830296088626834
meta_dino+bio+color,"MLP (32, 128, 128) lr=0.0001 do=0.2 act=ReLU",0.8837292292999833,0.06807078747975148
meta_dino+bio+color,"MLP (256, 32, 128) lr=0.0001 do=0.2 act=ReLU",0.8808222459696498,0.0480417734301411
meta_dino+bio+color,"MLP (256, 32, 64) lr=0.0001 do=0.0 act=ReLU",0.8805977672136946,0.05611969332809558
meta_dino+bio+color,"MLP (128, 64, 128) lr=0.0001 do=0.2 act=ReLU",0.8775937584479845,0.04118324613926866
meta_dino+bio+color,"MLP (128, 32, 64) lr=0.0001 do=0.0 act=ReLU",0.8625428805048418,0.07604602389731557
meta_dino+bio+color,"MLP (64,) lr=0.0001 do=0.2 act=GELU",0.8527602357566688,0.004663075515523862
meta_dino+bio+color,"MLP (64,) lr=0.0001 do=0.0 act=GELU",0.8523596135365555,0.00426245329541064
meta_dino+bio+color,"MLP (32, 32, 256) lr=0.0001 do=0.0 act=ReLU",0.8429611612808687,0.0026833835030908304
meta_dino+bio+color,"MLP (32, 64, 256) lr=0.0001 do=0.0 act=GELU",0.8410758737870719,0.0025689133489736893
meta_dino+bio+color,"MLP (32, 64, 256) lr=0.0001 do=0.2 act=GELU",0.8410758737870719,0.0025689133489736893
meta_dino+bio+color,"MLP (64, 128, 256) lr=0.0001 do=0.2 act=GELU",0.840637755971972,0.053196183527158825
meta_dino+bio+color,"MLP (128, 256, 32) lr=0.0001 do=0.0 act=GELU",0.8401526328137545,0.0027476014328194354
meta_dino+bio+color,"MLP (128, 256, 32) lr=0.0001 do=0.2 act=GELU",0.8397211580167323,0.0031790762298415376
meta_dino+bio+color,"MLP (256, 64, 32) lr=0.0001 do=0.2 act=GELU",0.8376943245018822,0.0031902527682373116
meta_dino+bio+color,"MLP (128, 32, 128) lr=0.0001 do=0.0 act=ReLU",0.836202707097375,0.004044362865263829
meta_dino+bio+color,"MLP (128, 64, 128) lr=0.0001 do=0.0 act=GELU",0.8343337479515571,0.0042212325000421935
meta_dino+bio+color,"MLP (128, 64, 32) lr=0.0001 do=0.2 act=ReLU",0.8316177405568184,0.004919881794057057
meta_dino+bio+color,"MLP (64, 32, 128) lr=0.0001 do=0.0 act=ReLU",0.8308238433809862,0.13294269463253977
meta_dino+bio+color,"MLP (64, 128, 256) lr=0.0001 do=0.0 act=GELU",0.8302219070494572,0.02872036202223044
meta_dino+bio+color,"MLP (32, 128, 128) lr=0.0001 do=0.2 act=GELU",0.8285179982220625,0.00712904103276113
meta_dino+bio+color,"MLP (32, 128, 128) lr=0.0001 do=0.0 act=GELU",0.8285179982220625,0.00712904103276113
meta_dino+bio+color,"MLP (64, 32, 128) lr=0.0001 do=0.0 act=GELU",0.8239830488789587,0.0054700066692774385
meta_dino+bio+color,"MLP (256, 128, 32) lr=0.0001 do=0.0 act=ReLU",0.8169104127508682,0.0025383297869365218
meta_dino+bio+color,"MLP (64, 256, 32) lr=0.0001 do=0.2 act=GELU",0.8078705068348673,0.029926395058420097
meta_dino+bio+color,"MLP (64, 256, 32) lr=0.0001 do=0.0 act=GELU",0.8039927719103785,0.033804129982908826
meta_dino+bio+color,"MLP (256, 32, 128) lr=0.0001 do=0.0 act=GELU",0.8008089392583471,0.04529754302405925
meta_dino+bio+color,"MLP (128, 32, 128) lr=0.0001 do=0.2 act=ReLU",0.7981005695366369,0.03406299036334026
meta_dino+bio+color,"MLP (32, 32, 256) lr=0.0001 do=0.2 act=ReLU",0.7893645771312975,0.046687885043919186
meta_dino+bio+color,"MLP (256, 32, 128) lr=0.0001 do=0.2 act=GELU",0.7863430808803555,0.059763401402050775
meta_dino+bio+color,"MLP (32, 256, 256) lr=0.0001 do=0.0 act=GELU",0.780987554334442,0.02754532962489714
meta_dino+bio+color,"MLP (32, 128) lr=0.0001 do=0.0 act=ReLU",0.7787048648788808,0.06866383068258575
meta_dino+bio+color,"MLP (32, 256, 64) lr=0.0001 do=0.2 act=ReLU",0.7757693084152951,0.05461117578565966
meta_dino+bio+color,"MLP (64, 64, 64) lr=0.0001 do=0.0 act=GELU",0.7702992912045754,0.053606763518071865
meta_dino+bio+color,"MLP (256, 128, 64) lr=0.0001 do=0.2 act=GELU",0.7693322850746986,0.05270059297517765
meta_dino+bio+color,"MLP (32, 128) lr=0.0001 do=0.2 act=ReLU",0.7680871559479189,0.058046121751623825
meta_dino+bio+color,"MLP (128, 64, 128) lr=0.0001 do=0.0 act=ReLU",0.7647743145645534,0.05211629726581757
meta_dino+bio+color,"MLP (128, 64, 64) lr=0.0001 do=0.2 act=GELU",0.7630093134626934,0.06395651293242899
meta_dino+bio+color,"MLP (128, 64, 64) lr=0.0001 do=0.0 act=GELU",0.7606285596352238,0.061577325830221685
meta_dino+bio+color,"MLP (32, 128, 64) lr=0.0001 do=0.0 act=ReLU",0.7579034992121085,0.06041620267463649
meta_dino+bio+color,"MLP (64, 256, 64) lr=0.0001 do=0.0 act=GELU",0.7528727928555513,0.0002497451433342013
meta_dino+bio+color,"MLP (32, 256, 32) lr=0.0001 do=0.0 act=GELU",0.7515032634515036,0.054710813636067446
meta_dino+bio+color,"MLP (128, 32, 64) lr=0.0001 do=0.0 act=GELU",0.7464119265178952,0.040122582129748396
meta_dino+bio+color,"MLP (256, 32, 64) lr=0.0001 do=0.2 act=ReLU",0.7414445057441985,0.04436199902511384
meta_dino+bio+color,"MLP (64,) lr=0.0001 do=0.0 act=ReLU",0.7408453542232513,0.0003289906243280072
meta_dino+bio+color,"MLP (64, 128, 128) lr=0.0001 do=0.0 act=GELU",0.7407686909339928,0.017882340336798974
meta_dino+bio+color,"MLP (256, 128, 32) lr=0.0001 do=0.2 act=GELU",0.7373498500260354,0.022518651845652438
meta_dino+bio+color,"MLP (32, 256, 256) lr=0.0001 do=0.2 act=GELU",0.7310350709407172,0.008781244413463951
meta_dino+bio+color,"MLP (256, 128, 64) lr=0.0001 do=0.0 act=GELU",0.7309713405364952,0.027085667976123773
meta_dino+bio+color,"MLP (64, 32, 256) lr=0.0001 do=0.0 act=ReLU",0.7291466668751858,0.029864614767655562
meta_dino+bio+color,"MLP (64, 128, 32) lr=0.0001 do=0.0 act=ReLU",0.7283976434123505,0.006294063084804458
meta_dino+bio+color,"MLP (64,) lr=0.0001 do=0.2 act=ReLU",0.7280674188452487,0.0008185084870783732
meta_dino+bio+color,"MLP (64, 128, 128) lr=0.0001 do=0.2 act=GELU",0.726932360784634,0.001978086198102136
meta_dino+bio+color,"MLP (32, 128) lr=0.0001 do=0.2 act=GELU",0.7258824826002004,0.00981702538846424
meta_dino+bio+color,"MLP (128, 64, 32) lr=0.0001 do=0.0 act=ReLU",0.7221144033753546,0.01996744281618612
meta_dino+bio+color,"MLP (32, 128) lr=0.0001 do=0.0 act=GELU",0.7198582228997088,0.009817188703413693
meta_dino+bio+color,"MLP (64, 64) lr=0.0001 do=0.0 act=GELU",0.7195330494332164,0.11016103402592736
meta_dino+bio+color,"MLP (64, 64, 64) lr=0.0001 do=0.0 act=ReLU",0.7157069797085529,0.00014864246346874
meta_dino+bio+color,"MLP (32, 32, 128) lr=0.0001 do=0.0 act=ReLU",0.7128137739868174,0.12252237580716363
meta_dino+bio+color,"MLP (64, 32, 128) lr=0.0001 do=0.2 act=ReLU",0.7126553503251172,0.1273215848325408
meta_dino+bio+color,"MLP (128, 128, 32) lr=0.0001 do=0.2 act=ReLU",0.7115101053414983,0.11542860706558916
meta_dino+bio+color,"MLP (64, 128, 128) lr=0.0001 do=0.0 act=ReLU",0.7076475158094648,0.02798314536336516
meta_dino+bio+color,"MLP (64, 64, 64) lr=0.0001 do=0.2 act=ReLU",0.7048679763774369,0.00017259402950897673
meta_dino+bio+color,"MLP (256, 128, 32) lr=0.0001 do=0.0 act=GELU",0.6977896993284215,0.010279297027277368
meta_dino+bio+color,"MLP (32, 32, 256) lr=0.0001 do=0.0 act=GELU",0.6911180852450423,0.03774615596949843
meta_dino+bio+color,"MLP (64, 256, 64) lr=0.0001 do=0.2 act=GELU",0.6786633773401876,0.03419398279594277
meta_dino+bio+color,"MLP (64, 128, 64) lr=0.0001 do=0.2 act=GELU",0.6725672233843432,0.06682215230021332
meta_dino+bio+color,"MLP (32, 64, 64) lr=0.0001 do=0.2 act=ReLU",0.668331740558497,0.06738484253330118
meta_dino+bio+color,"MLP (64, 64) lr=0.0001 do=0.2 act=GELU",0.6675582888373534,0.09058583514334273
meta_dino+bio+color,"MLP (64, 32, 128) lr=0.0001 do=0.2 act=GELU",0.6646561076320688,0.01252730749256914
meta_dino+bio+color,"MLP (32, 128, 64) lr=0.0001 do=0.2 act=GELU",0.6642582508218702,0.09790645867016629
meta_dino+bio+color,"MLP (32, 32, 128) lr=0.0001 do=0.2 act=ReLU",0.6621710575282792,0.16704473833167952
meta_dino+bio+color,"MLP (128, 32, 64) lr=0.0001 do=0.2 act=ReLU",0.6512778703779805,0.04707439550501963
meta_dino+bio+color,"MLP (32, 128, 64) lr=0.0001 do=0.2 act=ReLU",0.6501008956870754,0.04866648151403674
meta_dino+bio+color,"MLP (32, 64, 64) lr=0.0001 do=0.0 act=ReLU",0.6450944945067483,0.05610477359169541
meta_dino+bio+color,"MLP (64, 32, 256) lr=0.0001 do=0.2 act=ReLU",0.6407042254909976,0.04240414040251578
meta_dino+bio+color,"MLP (32, 256, 64) lr=0.0001 do=0.0 act=GELU",0.6313448880880761,0.07043787188262435
meta_dino+bio+color,"MLP (32, 256, 64) lr=0.0001 do=0.2 act=GELU",0.6296273169835727,0.06717430186685269
meta_dino+bio+color,"MLP (32, 256, 32) lr=0.0001 do=0.2 act=ReLU",0.6286473963916812,0.0029520310018605334
meta_dino+bio+color,"MLP (32, 256, 32) lr=0.0001 do=0.0 act=ReLU",0.6239470091429251,0.04839249549083242
meta_dino+bio+color,"MLP (64, 64, 64) lr=0.0001 do=0.2 act=GELU",0.6198359790812709,0.00422477724252418
meta_dino+bio+color,"MLP (32, 64, 64) lr=0.0001 do=0.0 act=GELU",0.6065154155962251,0.005340400135495471
meta_dino+bio+color,"MLP (64, 32, 256) lr=0.0001 do=0.0 act=GELU",0.6062668142713536,0.09155630148492816
meta_dino+bio+color,"MLP (64, 128, 32) lr=0.0001 do=0.2 act=ReLU",0.584745789297785,0.0015096924956531366
meta_dino+bio+color,"MLP (32, 32, 256) lr=0.0001 do=0.2 act=GELU",0.5609201737426888,0.03120774989721098
meta_dino+bio+color,"MLP (256, 32, 32) lr=0.0001 do=0.2 act=ReLU",0.5571612137211653,0.014906690004178214
meta_dino+bio+color,"MLP (256, 32, 32) lr=0.0001 do=0.0 act=ReLU",0.547721827574305,0.08624540782692722
meta_dino+bio+color,"MLP (32, 256, 32) lr=0.0001 do=0.2 act=GELU",0.5473995401213991,0.014621995217818762
meta_dino+bio+color,"MLP (32, 64, 64) lr=0.0001 do=0.2 act=GELU",0.5461860753157735,0.06566974041594717
meta_dino+bio+color,"MLP (128, 64, 32) lr=0.0001 do=0.0 act=GELU",0.5453370587592075,0.04226246746307327
meta_dino+bio+color,"MLP (32, 64, 128) lr=0.0001 do=0.2 act=ReLU",0.5428464171922947,0.04651383411272375
meta_dino+bio+color,"MLP (32, 128, 64) lr=0.0001 do=0.0 act=GELU",0.5407478339397769,0.05011161359755495
meta_dino+bio+color,"MLP (128, 128, 32) lr=0.0001 do=0.2 act=GELU",0.5407149074762796,0.06218239602343362
meta_dino+bio+color,"MLP (32, 64, 128) lr=0.0001 do=0.0 act=ReLU",0.538525443441414,0.04500250816288495
meta_dino+bio+color,"MLP (64, 32, 256) lr=0.0001 do=0.2 act=GELU",0.5286716923110174,0.04825716707721506
meta_dino+bio+color,"MLP (128, 128, 32) lr=0.0001 do=0.0 act=ReLU",0.5244771577371283,0.06828438239647361
meta_dino+bio+color,"MLP (32, 64, 128) lr=0.0001 do=0.0 act=GELU",0.5238627992601668,0.17563522466126838
meta_dino+bio+color,"MLP (128, 32, 64) lr=0.0001 do=0.2 act=GELU",0.5194874462124054,0.0868170180298419
meta_dino+bio+color,"MLP (128, 128, 32) lr=0.0001 do=0.0 act=GELU",0.5186777214421546,0.0691599695857621
meta_dino+bio+color,"MLP (32, 32, 128) lr=0.0001 do=0.0 act=GELU",0.5085329646213649,0.05878748745495274
meta_dino+bio+color,"MLP (64, 32, 64) lr=0.0001 do=0.0 act=ReLU",0.5065542361242411,0.08876395273362528
meta_dino+bio+color,"MLP (64, 64, 32) lr=0.0001 do=0.2 act=ReLU",0.502077355480402,0.006381514674280636
meta_dino+bio+color,"MLP (32, 32, 64) lr=0.0001 do=0.0 act=ReLU",0.5013528400641927,0.04786757590743279
meta_dino+bio+color,"MLP (32, 64) lr=0.0001 do=0.0 act=ReLU",0.49289542092007077,0.014156045333436035
meta_dino+bio+color,"MLP (64, 32) lr=0.0001 do=0.0 act=GELU",0.49117472325721245,0.0834504721200233
meta_dino+bio+color,"MLP (128, 64, 32) lr=0.0001 do=0.2 act=GELU",0.49100354119319806,0.035372047709967214
meta_dino+bio+color,"MLP (64, 64, 32) lr=0.0001 do=0.0 act=ReLU",0.48958853352807274,0.01249895175139104
meta_dino+bio+color,"MLP (256, 32, 64) lr=0.0001 do=0.0 act=GELU",0.4818161967721921,0.014399120121721676
meta_dino+bio+color,"MLP (32, 32, 128) lr=0.0001 do=0.2 act=GELU",0.4772507345895209,0.1132498054044015
meta_dino+bio+color,"MLP (32, 32, 64) lr=0.0001 do=0.0 act=GELU",0.4748255760653252,0.09268458593673884
meta_dino+bio+color,"MLP (64, 32) lr=0.0001 do=0.2 act=GELU",0.455674093652357,0.09231500301878312
meta_dino+bio+color,"MLP (256, 32, 64) lr=0.0001 do=0.2 act=GELU",0.4507826053696782,0.05473485447169199
meta_dino+bio+color,"MLP (32, 32, 64) lr=0.0001 do=0.2 act=ReLU",0.4492382725178923,0.07774085412306017
meta_dino+bio+color,"MLP (32, 64) lr=0.0001 do=0.2 act=ReLU",0.4373618603037316,0.03963073593154967
meta_dino+bio+color,"MLP (32, 64, 128) lr=0.0001 do=0.2 act=GELU",0.41919014720339143,0.06097914098984883
meta_dino+bio+color,"MLP (64, 32, 64) lr=0.0001 do=0.0 act=GELU",0.4173998629231942,0.15806364008521886
meta_dino+bio+color,"MLP (64, 32) lr=0.0001 do=0.0 act=ReLU",0.3707573066544785,0.004741258872929477
meta_dino+bio+color,"MLP (64, 32) lr=0.0001 do=0.2 act=ReLU",0.3696989473946622,0.006004803132621472
meta_dino+bio+color,"MLP (64, 32, 32) lr=0.0001 do=0.0 act=ReLU",0.36879297111860915,0.10628490454498946
meta_dino+bio+color,"MLP (64, 32, 64) lr=0.0001 do=0.2 act=ReLU",0.3460685616757035,0.07142710211145414
meta_dino+bio+color,"MLP (32, 64) lr=0.0001 do=0.0 act=GELU",0.3337290965483483,0.006151252705444199
meta_dino+bio+color,"MLP (32,) lr=0.0001 do=0.0 act=ReLU",0.33326474070054124,0.05555389732704727
meta_dino+bio+color,"MLP (32,) lr=0.0001 do=0.2 act=ReLU",0.3252184223622554,0.056612949489076525
meta_dino+bio+color,"MLP (32, 64) lr=0.0001 do=0.2 act=GELU",0.3229129677366317,0.004664876106272392
meta_dino+bio+color,"MLP (32, 32, 64) lr=0.0001 do=0.2 act=GELU",0.3222651762016565,0.050156447734458626
meta_dino+bio+color,"MLP (64, 32, 32) lr=0.0001 do=0.2 act=ReLU",0.32057939035709715,0.05088089522969447
meta_dino+bio+color,"MLP (64, 128, 32) lr=0.0001 do=0.2 act=GELU",0.308558513776248,0.006560197932226702
meta_dino+bio+color,"MLP (128, 32, 32) lr=0.0001 do=0.2 act=ReLU",0.3072568980438914,0.02743734982400914
meta_dino+bio+color,"MLP (64, 128, 32) lr=0.0001 do=0.0 act=GELU",0.2979351183445015,0.002750959299407524
meta_dino+bio+color,"MLP (128, 32, 32) lr=0.0001 do=0.0 act=ReLU",0.283627505482622,0.008433596066431348
meta_dino+bio+color,"MLP (32, 32) lr=0.0001 do=0.2 act=GELU",0.27757274364196827,0.006882095745723876
meta_dino+bio+color,"MLP (32, 64, 32) lr=0.0001 do=0.2 act=ReLU",0.2664489769531132,0.08410936208337787
meta_dino+bio+color,"MLP (32, 64, 32) lr=0.0001 do=0.0 act=ReLU",0.2614336990404441,0.0038323527069926977
meta_dino+bio+color,"MLP (32, 32) lr=0.0001 do=0.0 act=GELU",0.2602041443359392,0.002117997952973655
meta_dino+bio+color,"MLP (256, 32, 32) lr=0.0001 do=0.2 act=GELU",0.25774313368894275,0.006320945943999179
meta_dino+bio+color,"MLP (32, 32) lr=0.0001 do=0.2 act=ReLU",0.2551103506401415,0.02768183505177875
meta_dino+bio+color,"MLP (32,) lr=0.0001 do=0.0 act=GELU",0.2544793578901611,0.0039850367590068825
meta_dino+bio+color,"MLP (32,) lr=0.0001 do=0.2 act=GELU",0.2542341299246239,0.005184176320029668
meta_dino+bio+color,"MLP (32, 64, 32) lr=0.0001 do=0.0 act=GELU",0.2504829051473033,0.01991204130376062
meta_dino+bio+color,"MLP (256, 32, 32) lr=0.0001 do=0.0 act=GELU",0.24481234631207316,0.0035757298550542355
meta_dino+bio+color,"MLP (32, 32) lr=0.0001 do=0.0 act=ReLU",0.24107174154855493,0.04172044414336529
meta_dino+bio+color,"MLP (32, 128, 32) lr=0.0001 do=0.0 act=ReLU",0.23628540013127308,0.044845752652468984
meta_dino+bio+color,"MLP (32, 32, 32) lr=0.0001 do=0.0 act=ReLU",0.2260058856873503,0.017264356290894345
meta_dino+bio+color,"MLP (32, 32, 32) lr=0.0001 do=0.2 act=ReLU",0.21938624923463307,0.056727065491111964
meta_dino+bio+color,"MLP (128, 32, 32) lr=0.0001 do=0.0 act=GELU",0.2105125708663913,0.055463009943847286
meta_dino+bio+color,"MLP (64, 32, 64) lr=0.0001 do=0.2 act=GELU",0.20651415881637092,0.04884070638595961
meta_dino+bio+color,"MLP (32, 128, 32) lr=0.0001 do=0.2 act=ReLU",0.19695596035033835,0.0012721400210721073
meta_dino+bio+color,"MLP (32, 128, 32) lr=0.0001 do=0.2 act=GELU",0.19695596035033835,0.0012721400210721073
meta_dino+bio+color,"MLP (32, 128, 32) lr=0.0001 do=0.0 act=GELU",0.19695596035033835,0.0012721400210721073
meta_dino+bio+color,"MLP (128, 32, 32) lr=0.0001 do=0.2 act=GELU",0.19108213834344256,0.01078199976170903
meta_dino+bio+color,"MLP (64, 64, 32) lr=0.0001 do=0.0 act=GELU",0.16554642574612996,0.08455579656272968
meta_dino+bio+color,"MLP (32, 64, 32) lr=0.0001 do=0.2 act=GELU",0.13137105580681094,0.04043293205431594
meta_dino+bio+color,"MLP (32, 32, 32) lr=0.0001 do=0.0 act=GELU",0.08323848573650175,0.033171551332217955
meta_dino+bio+color,"MLP (64, 64, 32) lr=0.0001 do=0.2 act=GELU",0.06916688710931551,0.00479562962428557
meta_dino+bio+color,"MLP (32, 32, 32) lr=0.0001 do=0.2 act=GELU",0.06771848222518874,0.048691554843530965
meta_dino+bio+color,"MLP (64, 32, 32) lr=0.0001 do=0.2 act=GELU",0.01789015293529079,0.0011367744463669938
meta_dino+bio+color,"MLP (64, 32, 32) lr=0.0001 do=0.0 act=GELU",0.01789015293529079,0.0011367744463669938
